,Minimum Variance,Value-Weighted
Annual Return,0.063575133746065,0.04238371279284362
Annual Volatility,0.1744782069277071,0.17713368593450537
Sharpe Ratio,0.2952727682442073,0.17121103783625735
Min Monthly Return,-0.147248470455612,-0.15228206029208916
Max Monthly Return,0.17357196171833195,0.18042502888487552
