ISIN,NAME,1999,2000,2001,2002,2003,2004,2005,2006,2007,2008,2009,2010,2011,2012,2013,2014,2015,2016,2017,2018,2019,2020,2021,2022,2023,2024
AT0000606306,RAIFFEISEN BANK INTL.,,,,,,7141.79,9355.08,21745.99,23426.36,4149.53,8765.19,10753.28,5092.34,8107.9,6902.17,4443.92,4330.12,5370.76,11928.39,8347.58,8267.36,6713.3,9680.9,5388.89,6784.16,6727.08
AT0000652011,ERSTE GROUP BANK,1956.67,2269.47,2677.13,4006.48,7354.92,12896.98,13399.87,24155.57,22427.02,7138.94,14115.54,17827.72,6891.26,12498.19,15002.04,10003.77,13498.31,12613.95,18633.43,14272.63,16191.42,13115.57,20210.51,13715.54,17439.05,25360.35
AT0000720008,TELEKOM AUSTRIA,,985.8,1450.71,5063.03,6180.56,9480.37,11205.99,13384.08,12798.01,6586.23,6323.99,6252.0,5312.55,3352.56,3359.94,4437.73,3640.4,3931.94,6167.05,5043.76,5430.28,5146.62,5758.18,4099.19,5615.54,5477.11
AT0000730007,ANDRITZ,,,246.56,313.61,622.28,991.26,1423.81,2816.46,3151.19,1312.69,3023.0,4798.75,4326.96,6655.71,6533.59,5749.9,5089.71,5231.86,5879.97,4769.64,4482.92,4769.33,5367.02,5943.86,6479.6,5274.67
AT0000743059,OMV,2611.95,2091.29,2262.75,2651.31,4021.35,9039.58,17516.73,17006.48,24307.14,7806.73,13213.7,12516.44,9958.36,11803.41,15689.64,8716.35,9289.96,11584.6,20761.05,14309.77,18398.0,13214.41,18590.05,16800.81,14378.08,12653.99
AT0000831706,WIENERBERGER,1503.25,1247.43,974.04,1161.06,1743.94,3543.41,2957.05,4400.99,4655.19,1388.67,2154.93,2253.04,1063.23,1073.66,1866.5,1627.64,2198.92,2044.74,2846.44,2418.25,3450.66,3675.69,4236.26,2690.25,3730.0,3098.37
AT0000908504,VIENNA INSURANCE GROUP A,152.12,144.49,138.36,164.33,201.78,312.25,6174.2,7365.86,8443.02,4291.7,6611.16,6678.87,5087.87,6813.71,6389.51,5743.21,3516.61,2875.67,3960.04,2967.36,3649.56,3257.6,3624.47,3053.25,3747.07,4022.65
AT0000937503,VOESTALPINE,1280.26,913.97,943.21,961.96,1613.35,3076.04,3977.46,8933.41,11888.23,3441.26,6199.15,8084.84,4755.46,6288.89,8300.58,6843.43,5387.07,6881.03,10554.89,5261.45,4982.59,6401.02,6497.45,4722.09,5633.15,3388.94
AU000000JHX1,JAMES HARDIE INDUSTRIES CDI,1062.65,831.68,1383.4,1759.32,2376.3,2410.99,3051.41,3534.58,2649.73,1409.63,3320.71,3030.7,3046.5,4174.75,5134.67,4809.48,5662.01,7013.16,7811.45,4707.64,8678.95,13099.69,17905.32,7982.24,16793.76,13323.58
BE0003470755,SOLVAY,6922.02,4702.01,5078.78,5818.97,7336.35,9316.61,9301.22,12978.3,11850.78,6246.21,9180.97,9061.91,6999.66,12211.51,13422.59,11520.22,11321.13,12434.75,14734.66,10568.24,12277.06,12550.35,12305.06,10673.85,3243.27,3416.16
BE0003565737,KBC GROUP,15943.7,12933.92,10024.95,9982.37,14112.97,23860.76,33994.49,44904.64,49926.81,10590.54,15590.65,12243.99,4522.07,13576.4,23701.45,23481.54,26173.58,25942.69,35699.04,26946.82,31344.78,29183.15,35757.74,26731.3,27069.25,32228.14
BE0003593044,COFINIMMO,729.84,603.95,614.61,747.25,1232.21,1563.37,1549.97,2013.33,2001.62,1490.57,1796.57,1785.96,1773.21,1940.18,2096.72,2013.41,2174.93,2331.58,2723.63,2767.12,3801.16,4033.01,5064.17,2936.99,2899.84,2193.31
BE0003717312,SOFINA,1608.36,1517.46,1497.86,1394.1,1843.83,2849.53,3013.82,3994.79,4269.03,2432.9,3463.4,3276.07,2742.91,3138.39,3964.44,3654.09,3847.21,4528.29,5393.71,6491.37,7404.8,11608.19,16825.95,7515.52,8528.05,7745.63
BE0003735496,ORANGE BELGIUM,3543.52,1873.17,1021.49,1488.51,3499.62,5907.48,5000.62,5395.42,5760.09,4308.08,4123.92,3905.59,3154.46,1534.24,1141.26,1423.73,1455.82,1256.83,1261.11,1182.73,1394.51,1600.8,1358.14,1104.25,893.97,921.15
BE0003739530,UCB,6297.97,5409.14,5908.4,4593.97,5501.88,7418.33,6830.49,12433.13,8315.62,5939.01,7687.07,6314.54,7738.45,10448.69,13684.56,14874.91,17586.4,12495.97,15456.74,15853.06,15480.14,20105.28,22196.52,15270.36,16952.93,38710.52
BE0003755692,AGFA-GEVAERT,2968.33,3337.24,1893.55,3121.76,3990.87,4369.6,2342.84,3290.34,1976.67,333.25,837.68,737.74,274.4,301.35,416.79,434.61,978.24,665.77,802.09,654.16,890.84,820.05,701.64,441.18,251.41,115.91
BE0003797140,GBL NEW,4821.0,5780.72,7271.66,5661.23,7792.37,11259.78,13515.79,17669.11,20728.98,12753.82,15290.75,13622.23,10789.56,12794.28,14837.52,13814.12,13818.08,13567.76,17435.92,14033.09,17018.88,16292.01,17453.47,12178.38,11541.65,9465.69
BE0003810273,PROXIMUS,,,,,,15636.75,11756.73,15919.06,16674.01,12841.94,12279.4,11393.43,10636.59,9896.02,10016.99,12311.78,11016.28,9754.71,11101.08,9126.83,9683.36,6704.34,6588.63,3245.44,3177.71,1758.85
BE0003822393,ELIA GROUP,,,,,,1637.94,1779.73,1889.74,1954.1,1641.37,1890.63,2320.55,2345.0,2721.46,2812.13,2830.36,2826.58,3191.01,3502.83,4066.28,6095.82,8190.07,9032.92,10419.67,9201.99,5664.12
BE0974256852,COLRUYT GROUP,2231.36,1731.64,1619.67,2045.09,3623.82,5735.58,4852.78,7573.75,7829.7,7127.46,8073.12,8554.09,6390.24,8331.89,9423.5,7291.56,8073.25,7433.6,7820.02,10213.4,7222.72,8074.77,5671.02,3047.98,5739.72,4671.9
BE0974258874,BEKAERT (D),1044.52,885.02,859.22,1003.24,1411.35,1762.37,2005.06,2694.1,2673.66,1328.84,3087.56,6900.97,1929.7,1730.48,2128.79,1916.29,1854.01,2449.63,2642.08,1454.28,1796.97,2007.69,2690.72,2285.65,2813.59,1880.9
BE0974264930,AGEAS (EX-FORTIS),25769.16,23865.62,33575.23,22803.99,26044.58,35907.65,41361.62,55537.04,57274.18,3036.84,8849.88,5639.55,3829.59,7120.82,9957.96,8247.18,10404.63,8591.16,10237.4,9120.68,11730.78,10374.1,9895.38,8387.33,8162.62,9128.66
BE0974293251,ANHEUSER-BUSCH INBEV,,14954.26,11748.87,10131.06,11520.53,22313.93,26299.56,40253.1,51232.74,36932.17,83721.2,92143.71,98601.68,139267.27,171177.91,182657.47,199867.63,179577.06,189351.18,111682.83,138200.59,118112.02,105035.35,104327.74,112110.45,89791.83
BMG850801025,STOLT-NIELSEN,574.28,488.31,984.2,405.76,602.27,1809.05,2169.89,2027.11,1776.78,645.73,890.93,1572.32,1289.56,1325.27,1765.38,1069.25,764.41,789.78,854.66,755.46,832.03,823.96,903.91,1601.07,1795.06,1489.21
CH0000816824,OC OERLIKON CORPORATION,2534.04,2966.4,1419.88,881.05,1866.19,1405.36,2123.58,6980.39,5911.83,916.81,433.42,1698.49,1738.16,3653.61,4997.15,4274.12,3037.75,3342.93,5735.51,3805.01,3985.72,3516.98,3492.13,2225.44,1532.35,1315.91
CH0008038389,SWISS PRIME SITE,,499.45,454.74,678.6,748.9,1005.74,1177.63,1543.64,1302.96,1224.41,3050.53,4068.58,4102.03,5005.61,4697.47,4444.94,5469.33,5861.93,6601.72,6128.63,8775.98,7468.65,7474.93,6646.26,8189.96,8428.03
CH0008742519,SWISSCOM 'R',29590.31,19130.73,20377.64,19175.81,21839.85,26081.99,19348.12,21431.88,22143.93,17045.95,19824.39,22847.76,19716.38,22286.13,27428.24,27239.46,26029.88,23246.82,27563.3,24682.13,27420.98,27959.76,29256.91,28365.12,31142.9,28837.28
CH0010570759,CHOCOLADEFABRIKEN LINDT & SPRUENGLI,492.9,833.69,792.63,870.76,1250.84,2049.87,2331.64,3520.99,4918.02,2972.65,3440.68,4521.1,4699.73,5154.53,7361.41,7829.81,10144.55,8288.34,9843.57,10119.05,12006.73,13556.14,18179.82,13872.31,16326.92,14796.96
CH0010645932,GIVAUDAN 'N',,2280.66,2560.93,3912.73,4152.76,5137.61,4999.94,6683.06,7006.26,5672.85,6799.68,9995.67,8837.86,9714.26,13227.05,16661.61,16815.71,16952.73,21339.06,21319.57,28902.41,38965.18,48564.5,28275.47,38223.5,40410.08
CH0011075394,ZURICH INSURANCE GROUP,27574.11,50574.91,19679.33,13423.25,20725.99,24010.82,30594.3,38859.64,42734.85,30310.36,32309.35,38068.45,33489.37,39191.27,43276.13,46925.41,38824.68,41530.36,46063.8,44999.64,61349.8,63575.55,66119.25,71930.26,76441.66,87013.04
CH0011432447,BASILEA PHARMACEUTICA 'R',,,,,,587.35,778.36,1343.33,1834.16,1336.85,597.29,668.44,366.04,467.15,1136.25,980.65,1038.85,849.52,924.62,481.51,574.9,716.87,580.75,643.49,549.42,600.9
CH0012005267,NOVARTIS 'R',105344.36,127515.13,104265.6,103043.88,122327.31,134546.95,137900.37,150890.42,143818.69,130893.16,144164.63,155500.06,157676.9,169848.44,216651.45,251513.68,232126.68,191537.87,221279.65,217444.66,239851.99,233466.07,214494.19,217175.86,242302.45,214338.95
CH0012032048,ROCHE HOLDING,82956.61,71582.46,50143.76,48956.48,70865.91,80874.15,105174.7,125757.92,121383.91,107261.89,119481.77,103265.65,119613.85,141226.37,196859.44,190833.15,193990.74,160787.4,177720.8,173468.94,227809.98,245596.01,292315.18,220599.45,204092.16,198071.96
CH0012138530,CREDIT SUISSE GROUP DEAD - DELIST.14/06/23,53800.28,56937.54,50974.82,25794.84,43551.76,50336.05,61719.1,84777.26,69909.06,30367.27,58709.53,47939.3,28393.77,32102.62,48920.07,40565.36,42412.38,30042.25,45640.27,28002.88,34590.59,31568.19,25810.87,11956.54,3884.89,3607.97
CH0012138605,ADECCO GROUP,13709.67,11650.86,10108.83,7322.25,12014.33,9422.84,8616.67,12858.77,10239.52,6362.29,10445.25,12437.18,7964.62,9933.06,15024.32,12408.55,12009.08,11224.06,13094.13,7761.13,10326.55,10917.53,8603.73,5545.15,8258.62,4155.56
CH0012142631,CLARIANT,6897.1,5501.31,2888.03,2452.47,2264.19,3714.07,3379.16,3441.05,2140.75,1541.79,2720.81,4676.92,2931.97,3990.3,6087.45,5585.48,6303.74,5738.36,9282.42,6091.34,7404.07,7067.34,6921.89,5256.16,4898.26,3695.7
CH0012214059,HOLCIM,3707.53,3435.44,2449.63,1932.6,9369.83,13850.38,15613.78,23144.23,28241.66,14932.97,25471.56,24792.73,17577.29,23905.71,24549.18,23486.74,30496.48,32036.91,34223.76,24934.16,34155.69,33878.45,31440.5,31875.59,45426.59,55825.39
CH0012221716,ABB LTD N,36499.12,31981.08,11564.26,3410.75,10342.18,11560.99,20028.37,39057.69,66149.8,34000.45,44921.15,52055.81,43766.14,47415.15,61111.65,49246.32,41530.53,46807.44,58116.39,41117.91,52324.58,60609.36,78642.62,59589.13,83404.83,100744.06
CH0012255151,THE SWATCH GROUP,4117.74,4281.18,3080.1,2786.81,4023.22,4917.87,4891.06,7138.66,9543.13,4224.53,7813.53,13790.89,11592.93,15538.77,20441.9,13786.66,10789.18,9609.92,12577.04,8969.29,8067.9,7905.57,8860.44,8225.6,7859.18,5268.29
CH0012410517,BALOISE HOLDING,4588.57,6228.08,5096.65,2199.97,2309.73,2553.43,3220.75,5518.56,5318.33,3687.62,4162.16,4881.59,3443.57,4287.98,6386.62,6430.83,6373.51,6311.81,7596.99,6702.77,8818.93,8695.17,7494.72,7064.19,7172.05,8293.18
CH0012549785,SONOVA N,1068.81,2604.5,1462.51,613.33,1427.14,2160.42,2815.8,5274.45,7593.13,4027.7,7967.3,8563.63,6988.79,7374.93,9061.79,9930.81,8472.92,7943.32,10203.98,10643.4,14730.08,16756.33,24807.25,14496.98,19439.63,19494.87
CH0013841017,LONZA GROUP,3890.18,3739.52,3611.22,3064.88,2900.3,2839.4,3077.63,4351.99,6122.87,4623.76,3737.16,4255.42,3140.99,2853.71,5034.01,5975.58,8622.49,9179.74,20121.56,19240.64,27161.47,47919.47,62246.34,36470.51,31294.78,42701.64
CH0014786500,VALIANT 'R',380.98,396.96,482.32,999.16,1247.88,1517.73,1460.61,1862.5,2591.59,3074.27,3275.42,2219.58,2008.1,1499.28,1417.91,1312.0,1861.62,1575.6,1708.15,1730.17,1604.73,1545.41,1582.46,1706.96,1790.03,1840.18
CH0014852781,SWISS LIFE HOLDING,6788.12,9800.65,5058.79,1689.39,4303.71,4915.73,6091.67,8446.29,8739.17,2386.5,4096.57,4653.45,2964.25,4254.81,6680.55,7632.41,8694.73,9097.07,11953.68,13143.65,16853.31,14936.25,19343.21,15886.38,20481.44,22176.61
CH0018294154,PSP SWISS PROPERTY AG,,569.51,700.36,827.13,1082.46,2037.52,2028.45,2689.6,2369.71,2322.25,2618.72,3723.47,3855.53,4336.99,3893.85,3960.61,4032.27,3971.45,4346.92,4506.34,6328.1,6138.63,5723.76,5379.13,6408.83,6523.92
CH0022268228,EFG INTERNATIONAL N,,,,,,4208.94,3895.0,5521.1,5894.68,2576.85,2028.97,2014.2,1115.23,1426.08,2114.81,1759.23,1601.0,1741.35,3061.33,1713.95,1961.13,1956.74,2317.84,2947.19,4007.18,4534.77
CH0024608827,PARTNERS GROUP HOLDING,,,,,,1695.79,1695.79,3215.34,3584.78,1881.39,3373.28,5081.77,4679.97,6160.53,7142.15,7779.04,9635.56,12537.6,18303.08,16142.61,24467.46,31413.95,44321.99,23572.21,38479.95,36237.94
CH0024638212,SCHINDLER 'R',1215.58,1200.29,1093.84,1383.4,2040.36,3073.12,2899.91,4580.38,4743.72,3202.67,5440.26,8617.15,8374.55,10178.2,10489.38,9784.63,11490.75,11741.12,15178.24,12969.27,16430.45,18090.91,17992.45,12093.32,15899.44,18318.87
CH0025238863,KUEHNE UND NAGEL INTERNATIONAL,137.38,1479.54,1214.24,1510.09,3046.65,5170.86,6746.81,8714.83,11500.54,7615.76,11666.62,16736.9,13539.02,14420.73,15800.16,16339.75,16519.19,15892.19,21242.57,15380.59,20223.66,27259.83,39016.75,28087.72,41577.83,27688.13
CH0025751329,LOGITECH 'R',495.62,892.11,1743.17,1429.06,2072.14,2927.68,4488.65,5517.39,7027.07,2946.9,3323.44,3659.15,1503.02,1310.57,2384.37,2343.16,2663.13,4326.18,5844.48,5190.21,7831.37,16084.29,13962.26,10205.51,15681.13,13993.02
CH0030170408,GEBERIT 'R',1416.35,1170.6,930.82,1197.43,2045.07,3043.7,3282.66,6400.33,5734.13,4569.47,7272.34,9559.16,7713.08,8541.6,11496.46,12872.71,12845.94,14877.09,16311.08,14365.08,20778.09,23223.73,29340.61,16886.72,22535.08,19981.35
CH0038388911,SULZER 'R',2349.87,2621.73,558.75,494.65,979.53,1446.86,1921.19,4133.69,5350.37,1931.41,2688.04,5238.2,3678.78,5393.79,5543.72,3655.01,3229.37,3539.68,4155.96,2712.73,3821.19,3608.65,3378.69,2666.39,3496.82,4952.63
CH0038863350,NESTLE 'N',71840.14,91958.67,84426.27,83907.75,100817.32,105569.11,120325.19,142149.27,180544.01,149692.0,177253.19,203534.36,190572.79,209972.27,236776.64,236752.2,237453.57,223686.06,267634.1,247951.07,322010.07,339811.93,393728.26,318462.07,309330.73,216478.31
CH0044328745,CHUBB,3238.36,9847.48,9290.79,7706.17,11559.36,12149.46,17225.2,19754.89,20361.75,17653.15,16955.47,21127.02,23644.92,27116.68,35224.3,38110.0,37880.58,61480.59,67836.69,59526.8,70545.44,69474.88,83266.5,91560.0,92205.69,110714.4
CH0048265513,TRANSOCEAN,6981.56,9692.93,10754.75,7377.59,7635.18,13480.02,22161.41,23652.06,45410.43,15081.06,26590.82,22179.29,13428.62,16051.95,17820.38,6639.9,4503.04,5387.33,4178.41,4230.66,4209.67,1420.9,1809.19,3291.81,5137.34,3284.36
CH0114405324,GARMIN,,2130.53,2307.72,3171.49,5897.02,6585.44,7181.85,12013.31,21037.54,3882.69,6160.53,5994.36,7729.97,7945.02,9017.28,10133.59,7075.01,9137.77,11169.39,11955.4,18546.39,22883.45,26227.43,17688.65,24593.69,39698.45
CH0126881561,SWISS RE,30101.9,35141.24,31809.31,21113.43,21743.63,22969.18,23509.06,31775.81,26317.93,16684.64,17898.15,20005.22,18977.87,26688.81,34200.5,31207.77,36347.88,34188.08,32723.3,30956.31,36751.29,29934.46,31451.97,29677.62,35670.57,45964.34
CH0210483332,RICHEMONT N,12391.82,13964.03,9699.27,9740.1,12535.41,17374.86,22655.08,30361.81,35826.03,9945.93,17537.71,30802.33,26522.16,40717.57,52120.25,46649.76,37597.93,34642.55,47300.68,33360.09,41000.11,47290.35,78459.41,67649.24,73931.25,81800.48
CH0244767585,UBS GROUP,57748.31,72289.53,64632.71,60973.5,80972.7,94371.36,103270.9,127693.98,95972.09,40887.34,55244.38,63088.31,45817.3,59741.47,73082.9,63931.6,75065.54,60431.73,70929.3,47850.21,48717.81,54440.88,66722.36,65545.41,107359.68,105933.87
CH0319416936,FLUGHAFEN ZURICH,264.39,232.4,266.27,152.76,258.16,634.98,879.2,1911.4,2494.79,1439.28,1848.85,2516.57,2140.75,2835.91,3600.58,4118.71,4622.07,5706.29,7022.82,5060.97,5602.21,5421.82,5529.5,4748.73,6405.48,7371.76
DE0005089031,UNITED INTERNET,511.12,208.64,201.09,368.19,1374.62,1560.8,2381.52,4109.18,6064.18,2163.5,3157.51,3863.6,3855.76,4633.23,8270.98,9312.22,11349.64,8021.25,14129.44,8956.45,6749.36,8253.36,7701.7,3936.04,4874.01,3101.48
DE0005140008,DEUTSCHE BANK,51640.19,51217.8,43888.76,28632.95,48365.01,48269.92,52591.64,69837.06,68649.79,22266.84,44166.5,48705.82,35376.86,40455.93,48720.89,41975.27,33840.39,25102.38,39347.59,16481.27,16061.41,22734.04,25947.6,23461.0,27807.52,34498.71
DE0005190003,BMW,18901.74,20329.47,21912.28,18902.15,28999.86,28035.88,27156.76,34610.03,37607.27,18385.05,27638.07,47413.76,40281.02,58009.6,70927.24,65610.49,64167.5,56392.82,62932.61,48562.9,49546.37,53585.83,60510.57,53564.6,64561.1,47189.02
DE0005200000,BEIERSDORF,5613.3,8714.43,9454.05,9343.26,10293.28,9809.67,10302.81,16345.57,19478.52,14758.23,16689.03,14097.3,14250.48,20544.19,25613.6,20673.92,23195.72,21491.28,29618.16,26271.62,30112.22,29242.61,26009.4,28912.42,37636.81,31830.37
DE0005439004,CONTINENTAL,2517.92,2283.66,1897.48,2220.97,5137.25,8605.02,12847.64,16966.47,20911.34,6408.87,8886.7,15648.03,12436.27,23061.29,43987.06,42578.04,48884.45,38754.77,54174.26,27435.67,25931.13,30124.86,21177.5,12030.66,17012.54,13407.84
DE0005470405,LANXESS,,,,,,1412.85,2677.08,4698.77,4076.41,1563.71,3155.0,6552.0,4287.4,7240.06,5571.34,4281.73,4273.18,5965.79,7295.01,4237.17,5870.12,6781.5,5308.29,3475.17,2693.67,2094.88
DE0005552004,DEUTSCHE POST,,23935.33,15358.2,11688.65,22907.04,25500.9,28755.53,36153.27,40801.66,19899.09,23503.71,20501.18,18739.49,26414.5,44291.26,39937.5,34251.36,40753.88,58669.04,33725.51,47123.0,61627.79,79273.24,46740.7,61388.92,42235.34
DE0005557508,DEUTSCHE TELEKOM,214371.27,91303.61,72511.92,53827.04,76986.2,94940.32,70661.17,81025.56,95831.45,65051.52,64699.82,56302.5,49645.58,49014.82,76481.28,73153.42,83523.02,80357.91,84588.95,80555.05,78120.43,87621.67,91908.63,99509.07,119395.18,148912.35
DE0005773303,FRAPORT,,,2049.63,1609.24,2598.68,3850.39,4808.24,6537.29,7300.46,3906.58,4736.37,5796.16,4569.92,5334.67,6924.69,5393.68,5959.16,5448.22,10161.78,6612.76,7867.93,5543.89,6246.21,3777.83,5628.36,5668.39
DE0005785604,FRESENIUS,625.04,908.34,616.43,341.29,750.58,926.12,1749.75,2828.04,3589.2,2316.71,2896.09,3973.38,11973.02,16502.02,22437.63,22853.04,31648.23,34735.16,35182.8,21893.08,25420.48,21185.95,22458.07,15725.5,17608.14,19578.81
DE0005785802,FRESENIUS MED.CARE,5957.72,5717.61,4331.86,2938.13,4988.59,5627.73,7352.07,12940.49,15572.41,13736.84,15708.0,17440.5,20443.3,20823.87,22032.81,23089.77,26511.27,26150.2,32467.45,19814.33,22308.69,24597.21,19092.54,9660.74,12290.9,13383.49
DE0005810055,DEUTSCHE BOERSE,,,4071.7,4458.1,6134.43,6724.31,10797.27,18793.71,39473.89,13770.21,16204.21,13595.23,10635.55,11776.38,15957.23,13864.38,17065.54,15475.14,22418.17,22783.51,30008.5,32511.74,31675.46,33114.28,39091.79,43695.4
DE0005909006,BILFINGER BERGER,786.15,442.78,808.18,556.22,1262.12,1494.05,1752.37,2720.19,2825.61,1866.58,3555.13,3851.5,3915.67,4420.12,5170.67,2594.62,2181.0,1762.15,2112.78,1289.68,1715.07,1384.76,1396.29,1191.31,1429.91,1789.33
DE0006047004,HEIDELBERG MATERIALS,4330.18,2573.1,2616.45,2368.63,4273.54,6116.6,10232.81,16868.0,18589.56,5537.76,12842.47,11763.09,8009.11,11276.88,14268.24,13402.55,15467.73,18584.65,21561.35,12052.88,14508.49,15022.84,13542.82,11045.98,16688.47,22557.46
DE0006048432,HENKEL PREFERENCE,3899.55,3902.96,3331.43,3757.76,4644.32,5162.03,5954.48,8739.47,9989.14,5686.31,9255.71,11180.89,10319.71,14589.48,20715.51,19318.1,20031.91,21347.4,23575.34,19539.28,18363.32,20159.94,14425.55,12393.87,14225.61,15452.45
DE0006070006,HOCHTIEF,2596.41,1373.54,985.42,954.89,2030.76,2278.69,3126.94,5082.26,9284.25,3474.8,5337.85,6528.4,4429.08,4432.16,6608.48,4899.92,6503.02,9067.52,11254.35,9351.73,9048.44,6906.57,5683.19,4355.97,8567.42,10436.8
DE0006202005,SALZGITTER,588.01,521.4,530.61,394.83,687.9,1211.14,3400.44,8311.15,9358.03,4595.54,5916.54,4588.99,3011.35,3120.81,2563.91,1710.1,1489.17,2125.19,3445.76,1733.25,1350.56,1590.5,2178.75,1865.19,1861.51,1001.27
DE0006231004,INFINEON TECHNOLOGIES,,23255.26,14501.34,5090.58,10083.86,8037.17,6825.26,10508.83,8890.54,991.14,6049.55,10216.92,8182.32,8758.16,11583.26,12033.58,16612.91,19846.62,31239.6,22683.47,28462.98,50396.76,60376.23,39708.63,54451.74,43001.9
DE0006599905,MERCK KGAA,1389.43,1985.67,1646.82,1185.69,2054.15,3384.18,4179.64,5320.14,8420.71,5795.77,5998.51,5224.0,6468.28,8480.9,11568.65,12295.41,12622.03,13548.68,13928.3,13337.91,15204.17,22020.34,33539.44,25076.91,20466.24,18588.76
DE0006602006,GEA GROUP,2719.78,2313.29,1634.22,1207.1,2706.87,2286.19,2400.46,4354.49,6433.5,3150.43,4098.08,5327.43,5127.45,6196.12,9193.33,8541.78,7820.48,7749.82,9207.79,4660.86,5987.04,6525.89,9903.55,7211.85,7144.59,8579.68
DE0006969603,PUMA,262.28,180.61,465.92,1077.44,2856.3,4432.89,4850.13,6686.14,6318.81,3134.17,5052.92,4997.68,4349.44,4461.5,4876.88,3154.75,3261.82,3961.15,6610.34,7241.24,11571.98,17036.97,18455.26,9123.84,8407.28,6890.2
DE0007030009,RHEINMETALL,271.57,160.54,334.97,273.88,522.19,956.6,2253.61,2726.24,2885.28,1138.98,2524.78,3175.17,1761.34,1886.47,2432.61,1745.38,2904.95,2928.26,5532.72,3858.95,5002.05,4654.94,4108.43,8737.64,13862.94,27766.33
DE0007037129,RWE,18445.73,23451.78,19982.31,13456.03,20862.04,28883.17,38513.22,57602.15,73805.03,46077.58,51236.34,35115.11,20122.17,23683.51,21175.21,17893.63,7330.32,7165.75,11754.11,12359.97,18831.95,28603.0,27483.87,30117.01,33755.64,22021.04
DE0007100000,MERCEDES-BENZ GROUP N,77525.23,43018.91,43635.5,31164.13,47677.02,48525.97,51467.87,63626.05,98141.13,35397.63,56579.42,72794.5,46743.37,58285.56,92968.92,89993.97,90529.76,79787.56,90856.44,55992.8,59211.36,76380.5,82389.09,70232.57,73982.22,53462.94
DE0007164600,SAP,29902.88,21270.08,41284.6,24688.4,53155.4,56246.72,57098.03,67425.19,64889.12,42674.43,58175.04,62417.39,65168.54,98467.15,105889.56,86724.32,98615.44,107097.54,137985.47,122443.3,165924.82,161708.35,173709.29,126342.38,189451.44,300469.4
DE0007236101,SIEMENS,75306.68,77766.53,59468.09,37839.08,71691.31,75527.16,76068.45,88830.96,144909.92,67086.71,84428.86,114266.34,87623.4,95316.57,120792.29,100201.02,86085.89,104356.9,118751.86,94959.42,111482.56,122556.28,147157.67,117353.01,149829.61,156913.09
DE0007257503,CECONOMY,16260.84,13974.01,10683.57,7331.09,14308.44,17823.75,15594.54,20595.48,27118.28,12944.05,19948.69,23435.83,11864.85,8947.21,15770.25,9891.04,10371.93,10706.88,4871.76,1304.96,2193.68,2498.94,1552.16,973.06,1329.31,1312.37
DE0007297004,SUEDZUCKER,1495.44,1314.05,2413.84,2826.36,3313.62,3641.96,4422.48,4541.81,4476.42,2895.41,3952.77,5039.82,6059.4,8333.98,5544.28,2961.17,4053.61,4899.49,4459.03,2639.82,3761.19,2952.99,3069.63,3573.87,3205.16,2186.17
DE0007314007,HEIDELB.DRUCKMASCHINEN,4495.5,5226.44,3247.15,1983.21,3310.37,2900.46,3284.27,3933.71,2687.92,676.96,614.71,1154.41,380.11,376.79,836.39,650.75,631.76,687.79,956.9,506.62,395.79,294.13,917.57,485.49,413.38,288.8
DE0007500001,THYSSENKRUPP,15601.84,7969.98,7535.87,5798.2,10188.43,11328.49,10705.36,24253.52,28853.64,13745.84,19619.85,21458.34,11856.17,12039.57,13826.95,14637.26,11279.11,13537.61,17981.5,10606.81,8473.05,6200.26,6806.14,3780.5,4354.5,2534.65
DE0007664039,VOLKSWAGEN PREF.,3354.85,3220.97,3246.89,2727.61,3836.21,3504.45,4015.81,7836.33,15279.59,5684.83,9830.71,27803.26,25432.16,38643.07,47916.97,40426.39,30096.9,29021.45,41296.76,32849.55,40836.1,38218.99,41529.22,25608.2,25457.85,19041.93
DE0008232125,DEUTSCHE LUFTHANSA,8836.79,9669.6,5130.7,3607.83,6377.58,6547.66,6751.9,12577.7,12178.19,7209.19,7729.7,10105.81,5439.36,8653.52,9830.31,7768.6,7355.21,6091.07,17434.0,10639.01,8776.45,7603.93,8356.86,9934.24,10561.8,7703.12
DE0008402215,HANNOVER RUECK,1283.01,2633.81,1955.26,2452.07,4202.9,4714.18,4244.85,5575.34,5590.86,3833.94,5680.31,6460.84,5995.93,9360.51,10367.48,10947.76,13939.39,13078.05,15162.25,16074.12,23419.62,19492.35,22991.96,23940.08,28695.81,30320.0
DE0008404005,ALLIANZ,82000.03,92450.65,62817.88,25189.39,48574.62,50939.87,59924.06,88274.74,97453.9,47170.47,57066.05,54241.04,43398.48,62867.59,82022.73,76234.26,81456.53,75409.22,101593.03,85270.41,102695.42,102078.22,96615.27,86756.36,104783.95,118201.44
DE0008430026,MUENCHENER RUCK.,44666.31,63129.34,48055.35,21354.08,28036.98,28174.43,30972.28,39657.78,43028.73,31432.06,30833.54,28669.0,22022.39,32175.3,39726.72,34843.9,33535.56,30390.03,33749.47,32478.68,42849.19,41980.51,41463.02,45410.37,56788.78,67425.02
DE000A0D6554,NORDEX,,,315.15,140.37,43.33,45.98,344.83,1167.5,3105.77,933.85,1004.11,496.8,372.74,288.41,1067.75,1476.89,2886.83,2090.44,1033.06,839.45,1458.58,3204.77,2540.38,2973.46,2724.33,2754.46
DE000A0D9PT0,MTU AERO ENGINES HLDG.,,,,,,1217.88,1708.21,2589.13,3148.04,1384.25,2837.23,3491.46,3317.78,4734.82,5114.8,4541.52,5084.06,5985.17,9332.46,9391.87,15203.77,14140.77,10898.61,11586.66,11576.61,17913.03
DE000A0WMPJ6,AIXTRON,2165.26,3514.02,1459.14,307.96,387.6,269.63,293.41,394.31,1283.98,600.97,3338.7,3723.9,1299.67,1184.49,1633.28,1275.03,507.81,365.03,1565.33,1083.32,1081.3,1967.58,2301.64,3308.63,4829.65,1788.66
DE000A1EWWW0,ADIDAS,3386.94,2810.08,3371.75,3854.56,5192.76,7361.79,9545.81,10139.77,15157.47,7287.32,10533.62,13834.16,13689.29,18576.39,26694.52,14559.4,20451.96,33056.48,42041.68,41971.04,65275.73,73468.11,55367.49,24543.86,36694.3,44248.31
DE000BASF111,BASF,31400.55,27937.27,22886.52,21977.31,31419.67,38873.03,39274.93,49000.04,72612.21,35340.16,57638.49,73942.11,63949.68,86345.14,98291.36,78029.86,70532.89,85215.5,101244.36,63363.31,69531.74,72676.81,64445.01,44336.56,48020.65,39370.61
DE000BAY0017,BAYER,34411.09,38466.84,23215.93,15327.43,21556.28,24717.62,30350.48,41151.87,69696.19,43976.98,66665.6,61070.92,52815.85,78342.26,116346.34,113313.86,104356.13,86171.23,103144.95,64760.58,80515.13,58251.42,52654.04,50952.56,36573.33,19658.01
DE000CBK1001,COMMERZBANK,16954.68,15515.22,8370.55,4278.54,11665.95,12342.23,20314.25,24913.64,25258.83,6759.69,9999.92,8843.27,8646.87,11013.85,18387.06,15126.67,13057.91,9579.33,18774.85,8245.99,7764.26,8099.9,9547.69,11756.81,14714.3,19247.02
DE000ENAG999,E ON N,24320.08,46437.29,39691.64,27883.69,45326.93,63186.89,71390.78,94251.18,147313.72,77939.44,83570.65,61378.63,42937.94,37164.39,37059.17,34576.48,19394.31,14140.72,24024.95,21628.55,28288.6,29338.32,36789.29,26323.9,35509.71,30864.97
DE000KSAG888,K S N,704.24,747.8,877.5,802.74,1160.59,2264.42,2556.74,4473.86,9897.03,9264.03,10986.9,14535.65,8660.2,8795.65,5901.91,5305.83,4924.28,4592.74,4765.46,3481.0,2374.11,1836.04,3308.42,3761.74,2817.35,1907.41
DE000PSM7770,PROSIEBENSAT 1 MEDIA,1012.25,2894.11,480.55,641.83,1576.13,1980.44,2094.39,3480.9,2592.63,364.98,1277.62,3310.93,1988.49,3073.95,10854.08,9261.19,11166.32,8991.01,8038.05,4123.05,3638.14,3914.27,3729.4,2064.0,1419.76,1201.51
DK0010181759,CARLSBERG B,1080.46,1686.52,1197.36,1260.77,1320.07,2155.18,2275.92,4225.4,5151.18,3801.23,8800.45,11950.27,8407.76,11635.62,13172.0,9247.84,10597.13,10276.31,14281.21,12610.5,17743.83,18347.91,19265.94,14330.21,13007.2,9931.62
DK0010219153,ROCKWOOL B,239.81,157.89,127.93,124.51,301.6,453.84,875.63,1376.29,2073.62,490.43,1053.92,1113.8,864.67,1203.59,1904.94,1214.21,1515.36,1898.86,3047.79,2797.75,2546.63,4022.9,4576.32,2510.99,3175.42,4165.25
DK0010234467,FLSMIDTH AND B,984.25,563.37,388.36,367.18,529.89,865.77,1353.06,3378.44,5445.13,1798.29,3764.65,5095.08,3136.06,3075.94,2909.54,2267.78,1790.44,2130.09,2986.37,2301.08,2043.23,1961.22,2153.42,2082.49,2453.5,2849.83
DK0010244508,A P MOLLER MAERSK B,6179.54,4363.43,3394.8,3794.12,15861.94,18154.07,22663.15,20684.69,23445.11,11534.6,15510.16,19984.49,14556.43,16544.39,23889.57,22089.54,13904.29,16083.46,17588.56,12612.67,14520.22,21079.33,31938.79,18769.3,13425.02,10038.37
DK0010272632,GN STORE NORD,1923.09,3842.64,1315.95,642.71,1425.92,2369.4,2867.32,3157.39,1638.27,396.9,1116.88,1907.36,1760.67,2799.82,4264.31,3680.55,2958.25,3212.32,4710.96,5429.72,6695.61,11393.66,8689.54,3145.39,3841.94,2802.78
DK0010274414,DANSKE BANK,5774.15,13656.53,11746.47,12099.46,16697.47,20606.84,22409.15,31026.94,27369.57,6786.21,15899.53,17989.5,11871.83,17047.69,23175.11,27437.36,27190.94,29889.93,36503.87,17691.36,13961.78,14264.69,14889.9,16989.11,23048.3,24387.17
DK0010287663,NKT,417.65,1257.04,321.84,261.36,454.21,714.06,1119.72,2076.41,2127.36,468.42,1330.84,1270.05,791.08,859.02,1182.76,1289.33,1256.52,1899.13,1239.43,369.62,658.47,1915.86,2073.81,2414.05,3692.06,3837.88
DK0010307958,JYSKE BANK,827.85,754.72,766.67,1067.13,1902.73,2559.67,3088.41,4397.91,4414.08,1235.37,2530.15,3021.36,1595.85,1978.78,3850.94,4830.95,4317.73,4539.27,5078.88,3060.54,2832.11,2780.31,3738.84,4162.82,4609.67,4551.59
DK0010311471,SYDBANK,338.92,302.15,386.21,519.19,1016.41,1381.43,1671.55,3343.27,2901.81,809.93,1914.86,2022.38,1168.47,1308.11,1974.84,2294.91,2397.25,2246.24,2835.84,1607.82,1296.86,1319.39,1886.94,2451.84,2458.15,2880.41
DK0060079531,DSV,275.17,533.75,496.71,492.06,918.32,1428.75,2570.4,3678.45,4415.18,2006.38,3790.82,4642.46,3418.14,4840.28,5911.23,5413.18,7613.35,8468.31,14972.32,12360.61,27104.28,38563.51,56052.84,34462.97,38472.27,51049.61
DK0060336014,NOVOZYMES B,,1508.79,1522.25,1577.35,2361.58,3141.97,3210.85,4663.95,6190.94,4234.99,5648.73,7588.55,8400.15,7630.91,11244.23,11228.16,12476.36,8851.37,14365.32,10840.03,11618.67,13285.85,18748.38,11477.17,12497.1,23468.92
DK0060448595,COLOPLAST B,1054.03,1019.25,1462.2,1615.21,1899.17,2438.01,2745.39,4013.41,3852.32,2886.24,3775.8,5649.33,5972.81,10113.9,13394.28,17036.4,16378.05,13377.73,15759.21,18350.3,24579.74,30255.88,34845.41,23073.9,24046.52,22947.52
DK0060477503,TOPDANMARK DEAD - DELIST.21/10/24,763.2,693.64,688.51,853.9,1323.15,1726.76,1795.68,3231.45,2537.46,2140.79,2291.69,2268.58,2317.62,2947.25,3296.95,3741.29,2995.72,2416.25,3891.55,4177.42,4439.84,3908.63,5050.26,4719.66,4299.72,4556.48
DK0060636678,TRYG,,,,,,2804.91,3425.02,5190.38,5173.29,4165.35,4225.13,2963.6,3416.36,4621.12,5940.1,6683.75,5791.36,5118.11,7562.99,7586.15,8964.14,9541.04,16165.51,15535.16,13819.25,12967.01
DK0060738599,DEMANT,1402.48,3430.25,1941.54,1609.66,2375.63,3170.59,3613.64,5130.25,5656.15,2405.75,4461.87,4327.78,4867.46,4989.4,5515.36,4311.02,5205.01,4635.01,7246.44,7148.15,7730.4,9519.28,12303.3,6366.28,9822.55,8110.94
ES0109427734,ATRESMEDIA CORP,,,,,2448.42,4013.42,5279.3,5075.18,3305.15,1258.97,2356.45,1968.33,1274.35,1154.63,3719.37,3162.82,2412.99,2473.77,2358.16,1125.57,882.31,795.45,856.36,769.01,896.21,1021.46
ES0112501012,EBRO FOODS,962.6,755.83,1194.67,1252.89,1744.74,2195.89,2546.39,3895.5,2820.87,2096.08,3207.54,3267.54,2866.25,3042.93,3611.86,2552.6,3034.6,3230.36,3606.44,3067.45,3331.72,3565.69,2953.57,2407.41,2637.95,2530.08
ES0113211835,BBV.ARGENTARIA,29951.94,47556.88,39554.25,30584.03,44140.05,60145.06,60316.57,85431.13,91836.57,45118.65,68452.43,45546.54,42518.48,50000.61,71342.78,59160.24,46609.38,44424.22,56942.8,35332.65,37297.15,32919.7,39809.15,36259.18,53049.79,56407.54
ES0113679I37,BANKINTER 'R',3735.62,2565.9,2201.5,1877.18,3118.0,4093.55,4307.78,6123.51,7281.89,3560.28,4856.72,2639.65,2940.76,2334.11,6154.52,7288.53,6390.03,6977.86,8531.02,7211.07,6590.79,4865.57,4609.04,6013.11,5755.18,7111.01
ES0113860A34,BANCO DE SABADELL,,,2706.52,2954.11,4376.94,7153.77,7998.74,13682.83,13260.21,8090.39,6671.41,5000.83,5298.14,7706.45,10480.74,10737.96,9660.98,7836.96,11189.06,6435.5,6569.07,2437.26,3786.9,5289.64,6688.78,10573.63
ES0113900J37,BANCO SANTANDER,41328.08,48328.87,39953.43,32723.79,56476.8,77612.1,82258.19,116613.74,135235.81,75008.95,136359.21,88585.4,65282.96,83008.05,101607.08,106533.92,71472.68,76272.93,106159.85,73740.23,69580.43,53849.44,57985.77,50232.61,67570.88,70048.7
ES0116870314,NATURGY ENERGY,10266.0,8155.67,7455.79,8490.47,10476.98,13852.05,12496.89,17707.61,26198.95,12007.01,19949.24,14208.09,17076.4,17916.79,25779.45,25198.61,20453.54,18903.59,23130.72,25463.36,24745.34,22493.72,31568.62,25157.02,28919.99,23473.98
ES0117160111,CORPORACION FINCA.ALBA,2711.2,1849.02,1688.38,1379.58,1977.54,2333.41,3076.99,4891.69,4439.53,2363.33,3186.18,3061.14,2287.85,2714.11,3414.34,2864.18,2523.84,2634.93,3340.63,2829.45,3174.0,2775.57,3410.86,2728.41,3197.65,5201.67
ES0118594417,INDRA SISTEMAS,1382.6,1395.52,1253.73,1005.69,1897.26,2526.91,2819.47,3573.76,4458.47,3693.89,3876.05,2815.11,2095.94,2168.32,2749.15,1602.78,1545.71,1802.17,2419.24,1662.95,2018.69,1508.7,1912.48,2007.93,2732.05,3124.32
ES0122060314,FOMENTO CONSTR.Y CNTR.,2432.07,2277.71,2486.36,2931.97,4815.51,6287.61,7377.27,13291.48,9811.66,4128.54,5378.85,3357.55,3311.76,1572.68,2837.48,3704.86,1981.49,3017.12,3923.81,5066.6,4808.37,4404.97,5357.24,4126.29,7014.39,4187.36
ES0124244E34,MAPFRE,990.16,1153.46,1052.45,1472.73,2571.82,3519.88,3931.14,5386.87,10012.8,9157.34,12291.81,8396.95,9814.32,9399.38,13210.39,10482.44,7734.64,9419.65,9902.78,8167.08,8158.23,6002.43,6322.96,5948.97,6609.91,7799.87
ES0125220311,ACCIONA,3718.57,2425.36,2320.02,2617.39,3867.63,5623.12,7080.17,11824.02,20147.49,7862.26,8306.13,4518.46,5505.0,4243.48,3295.41,3893.94,4919.03,4223.38,4678.12,4837.08,5776.02,7832.92,10486.54,10064.23,8077.83,6174.5
ES0130670112,ENDESA,20919.67,18041.31,16563.7,12387.46,20365.54,24881.13,27750.11,50022.3,56265.82,42092.29,36372.59,27405.57,21784.37,23548.91,33993.78,21203.01,21306.75,22473.96,22699.33,24362.94,28273.87,28953.16,24320.97,19927.14,21590.45,22770.59
ES0130960018,ENAGAS,,,,1452.96,2589.67,3958.72,4449.36,5546.8,6977.06,5163.76,5283.29,4776.8,4428.61,5080.18,6248.89,7564.36,6742.99,6074.79,6842.68,6443.21,6687.62,5758.85,6077.85,4341.02,4417.91,3195.75
ES0132105018,ACERINOX 'R',2321.54,1807.57,2006.1,2415.92,3102.39,4224.9,3761.97,7887.34,6385.09,4019.29,5197.09,4389.64,3207.19,2743.93,3276.65,3960.01,2728.43,3670.35,3949.74,2733.54,3050.62,2990.51,3502.75,2561.85,2934.76,2439.83
ES0134950F36,FAES FARMA,290.91,401.04,400.55,441.46,719.33,914.38,1039.12,2167.84,1880.3,667.47,920.96,713.09,333.68,454.61,811.5,504.4,764.46,926.9,953.5,944.33,1600.96,1270.04,1229.2,1164.23,1103.87,1139.51
ES0142090317,OBRASCON HUARTE LAIN,529.62,354.77,436.93,378.66,668.64,766.76,1423.81,2699.65,2945.83,1211.35,2703.15,3034.03,2509.27,2886.48,4047.01,2238.84,1710.4,1038.31,1786.89,213.57,340.96,216.33,685.67,282.89,293.59,363.88
ES0144580Y14,IBERDROLA,12436.03,11299.73,11736.22,12629.43,17819.28,22914.58,24555.0,39373.34,75928.56,45477.0,50262.28,42433.58,36952.0,34608.19,39854.89,43267.16,45090.08,41832.65,49004.72,51324.35,65559.83,90905.01,75363.06,74215.63,83268.14,87648.05
ES0148396007,INDITEX,,,11883.0,14723.34,12658.3,18384.79,20256.58,33543.41,38293.05,27146.92,38803.67,46853.1,51204.24,86702.53,102902.06,89399.15,107293.93,106606.68,108697.23,79626.41,110028.46,99300.75,101117.14,82658.89,135753.18,160200.17
ES0152503035,MEDIASET ESPANA COMUNICACION,,,,,,5088.84,6202.69,7018.43,6313.91,2588.54,3598.76,3681.65,2329.2,2730.39,4703.33,5142.33,3989.83,3959.95,3784.03,2054.89,2080.36,1706.71,1463.7,1107.65,999.79,937.16
ES0161560018,MINOR HOTELS EUROPE & AMERICAS,919.03,1470.13,1188.87,1027.27,1373.53,1585.69,1868.23,2449.99,2639.25,759.0,1316.23,1123.21,697.91,848.64,1820.26,1684.8,1917.79,1420.53,2523.57,1818.34,2064.69,1650.7,1506.41,1381.23,2016.89,2842.61
ES0167050915,ACS ACTIV.CONSTR.Y SERV.,1297.63,1509.63,1562.94,2060.36,5785.75,8057.65,11325.92,19873.32,20971.28,15222.13,15715.09,14806.24,9354.15,7899.07,10848.86,11030.67,9234.59,9963.41,12325.11,12168.62,12592.27,10320.14,8166.14,8118.84,12340.46,13626.39
ES0171743901,PROMOTORA DE INFIC. A PRRDE.INFORMACIONES,,3615.62,2045.76,1425.86,3173.97,4645.53,3716.74,3811.52,4107.56,688.44,1103.53,908.33,517.31,197.35,408.25,670.46,407.93,433.78,263.45,1123.27,1145.49,774.3,455.32,222.12,323.01,338.6
ES0171996087,GRIFOLS ORD CL A,,,,,,1491.41,1491.41,2837.63,4800.22,3645.96,3730.91,2915.49,3595.64,7404.88,10207.12,8539.01,9867.16,8485.81,12497.86,11154.97,15034.29,12450.89,8177.51,4898.16,7275.22,4036.56
ES0173093024,REDEIA CORPORACION,813.63,1276.34,1258.66,1368.33,2218.08,3033.66,4174.13,5795.27,8551.32,6769.34,7533.93,6387.69,5806.18,6652.3,9040.5,11983.33,11331.23,10229.87,12156.11,12058.02,10887.23,11105.75,11706.34,9389.82,8911.99,9244.61
ES0173516115,REPSOL YPF,26307.78,19508.49,17806.24,16141.74,23807.2,31793.86,35527.35,42178.47,43515.75,25626.32,32798.45,34148.54,37616.38,25928.96,33437.36,25858.44,15850.58,21181.23,27557.72,25090.34,24487.93,15826.83,18126.8,21830.37,18979.46,14252.16
ES0178430E18,TELEFONICA,81118.17,71725.01,62523.77,43506.81,72762.32,93361.11,73779.7,104604.9,152844.17,103664.63,127817.29,103871.93,79302.08,61142.66,74220.91,67174.83,55317.56,46866.14,50655.68,43558.61,36292.86,21942.37,25315.01,20864.31,22449.4,23115.56
ES0182870214,SACYR,903.09,785.19,963.25,1607.75,3720.6,4395.31,6669.45,16889.85,11069.24,2700.44,3500.32,2511.64,2177.91,966.47,2418.53,1739.86,1019.66,1211.59,1510.1,1103.57,1698.62,1494.25,1635.31,1813.31,2358.84,2569.72
ES0184933812,ZARDOYA OTIS DEAD - DELIST.09/05/22,1335.38,1316.56,1530.67,2355.99,4095.69,5552.12,6010.87,7937.11,8159.39,5590.86,6498.12,4940.77,5048.6,5485.51,7578.82,4842.31,5297.56,3984.66,5152.05,3339.72,3709.96,3298.42,3803.92,3544.92,3669.16,3439.34
FI0009000202,KESKO B,738.63,590.18,536.3,753.98,1040.88,1451.11,1829.16,3471.46,3640.92,1635.25,2204.82,3135.1,2254.78,2187.27,2514.8,2493.65,2401.15,3419.57,3710.12,3676.4,4835.02,7031.38,9113.1,6010.84,5408.36,5141.71
FI0009000277,TIETOEVRY,4783.15,2379.38,2207.32,1130.67,2268.68,2636.2,2865.47,2444.16,1660.82,777.92,1498.32,1368.15,1028.46,1420.88,1656.76,1917.66,1987.48,2026.08,2311.91,1997.6,3684.99,3892.03,3700.82,3351.93,2817.91,2090.91
FI0009000459,HUHTAMAKI,1060.21,839.26,799.85,1014.34,1193.77,1668.16,1703.79,2069.79,1252.28,645.2,1476.05,1472.67,1261.19,1734.3,2765.51,2847.85,3921.65,4009.93,4528.84,3334.56,5005.49,5572.02,4765.76,3680.31,4372.36,3813.95
FI0009000681,NOKIA,207415.58,209345.92,122063.76,76050.96,82941.98,73658.57,80803.99,83580.55,152720.91,58648.54,47926.56,38885.43,18337.46,14447.15,30034.69,29727.93,28606.46,28241.18,27303.83,32405.93,20869.11,21798.14,35975.21,26010.45,18925.77,24812.48
FI0009002158,UPONOR DEAD - DELIST.30/04/24,683.11,681.56,638.04,775.06,1179.89,1399.32,1579.34,2738.29,1843.02,783.58,1575.46,1359.21,651.92,926.58,1434.5,1017.84,1081.57,1274.82,1475.04,721.36,957.36,1626.64,1743.27,1297.77,2272.45,2156.95
FI0009002422,OUTOKUMPU 'A',1753.97,941.17,1315.76,1503.64,2425.86,3239.56,2683.18,7088.79,5622.59,2088.5,3462.5,3407.13,1206.93,1525.29,1164.62,2404.31,1235.75,3735.14,3869.76,1520.71,1311.5,1640.45,2857.56,2306.88,2263.07,1374.32
FI0009003727,WARTSILA,746.75,744.75,815.63,555.63,848.01,1469.92,2079.82,3873.19,5510.82,2880.29,3971.68,7554.45,5714.95,8508.86,9722.21,8852.36,9031.49,8879.14,12457.82,9398.72,6542.62,5900.66,8317.11,4968.88,8579.33,10483.64
FI0009005318,NOKIAN RENKAAT,399.59,177.84,330.63,377.43,807.07,1645.73,1520.05,2497.41,4349.28,1372.76,3045.14,4702.63,4186.09,5236.73,6404.55,3276.98,4843.2,5077.55,6230.39,4232.88,3996.83,4898.79,5260.78,1420.4,1267.3,1056.73
FI0009005870,KONECRANES,574.12,380.24,380.65,366.58,498.1,632.32,711.18,1766.61,2102.17,1034.61,1693.73,2569.35,1193.68,2131.4,2254.71,1823.73,1574.03,2254.36,3618.2,2380.83,2427.42,2789.72,3167.59,2431.7,3568.85,5020.42
FI0009005961,STORA ENSO R,9555.51,8667.82,9250.73,7566.19,9201.45,10082.29,8566.46,9675.08,9162.87,4699.01,4287.57,6313.5,3679.1,4234.82,6147.34,5502.09,5578.79,6591.84,9718.6,7058.89,8912.06,11722.23,11239.75,8594.55,8473.07,6168.07
FI0009005987,UPM-KYMMENE,10689.17,8920.99,8212.14,8348.35,9985.4,11658.98,10221.16,13242.93,10356.34,6505.23,6206.78,9221.66,5799.46,6107.71,8956.73,8796.47,9990.25,13139.43,16605.53,13514.23,18519.19,19898.61,20308.96,19897.58,20081.98,14679.04
FI0009007132,FORTUM,3540.27,3453.47,3576.47,5546.14,8725.36,16051.63,16354.44,25228.29,39939.82,18792.21,24178.21,26850.54,19016.64,16573.34,20357.93,19317.27,13433.73,13652.16,17600.93,19394.65,21936.95,21411.51,27264.36,14881.5,12944.91,12556.82
FI0009007694,SANOMA,1553.14,1607.52,1165.21,1211.48,2878.82,3035.34,3104.47,4643.99,4746.8,2088.0,3639.11,3525.5,1873.62,1595.98,1432.51,906.65,691.56,1415.88,2134.92,1586.48,1734.17,2749.81,2533.41,1714.27,1255.78,1299.07
FI0009007884,ELISA,3148.51,2692.38,1672.5,828.37,1845.23,2288.87,3065.64,4543.82,5105.96,2843.54,3808.11,3629.93,3489.75,3686.67,4392.54,4578.18,6324.21,5459.04,6574.45,6901.52,9251.02,9186.86,10298.64,8833.17,7739.72,7242.8
FI0009013296,NESTE,,,,,,5746.43,7222.45,7786.47,9045.39,3770.96,4568.89,4110.47,2597.87,3302.78,5077.27,6223.86,7696.08,9871.12,16425.46,19743.2,26784.52,55679.77,37928.88,35317.62,27369.82,9657.63
FI0009013403,KONE B,817.18,1165.98,1231.98,1591.37,3095.52,4199.15,4303.3,6168.49,7650.24,4727.23,9437.93,12413.36,11578.76,16364.09,20170.04,20485.68,19114.17,20203.49,24248.93,21508.88,29647.88,36852.08,32488.45,23361.47,22608.26,22055.59
FI0009800643,YIT,321.08,375.19,353.21,522.08,1035.66,1529.55,2659.26,3502.25,2788.02,809.98,2637.54,3183.06,2044.6,2479.15,1781.19,657.36,723.52,1018.49,973.12,1231.9,1412.31,1273.9,1035.63,554.24,462.9,598.33
FR0000035081,ICADE REIT,186.9,165.4,228.61,357.36,420.37,582.53,898.92,1272.01,7336.67,4068.85,4720.66,5295.59,4088.77,4588.01,6757.24,5940.34,4983.55,5299.06,7290.98,5665.68,8119.54,5736.06,5470.37,3274.05,2992.99,1814.03
FR0000044448,NEXANS,,,360.84,369.26,773.12,911.19,1107.07,3223.12,3203.26,1650.28,2240.06,2257.09,1489.01,1292.57,2133.47,1292.47,1559.48,2245.68,2664.21,1223.49,2128.8,3172.1,4271.78,3943.54,3830.42,4720.87
FR0000045072,CREDIT AGRICOLE,,,15132.54,14670.06,35183.49,44462.17,46998.78,62904.74,56317.91,24758.49,41133.2,30620.87,14138.51,20037.64,32076.09,33544.78,31195.14,35362.7,47161.64,30899.06,41852.94,36829.32,44436.38,31923.63,43340.71,41849.38
FR0000051070,MAUREL ET PROM,86.7,56.73,83.48,129.91,338.3,2380.07,2154.58,2551.89,2514.5,1370.99,2204.97,1716.73,1854.73,2031.43,2035.58,1141.32,630.19,869.47,844.41,741.09,635.36,427.99,521.83,862.43,1353.98,1183.73
FR0000051732,ATOS,3526.21,3081.6,2866.1,1072.51,3056.15,4545.87,4419.79,4079.42,3602.15,1736.13,3209.29,3731.31,3677.37,5935.49,8784.44,8099.74,8688.66,11077.14,15329.56,8715.38,9109.72,10064.11,4708.22,1067.16,867.89,482.01
FR0000052292,HERMES INTL.,5528.39,5215.54,5670.88,5088.27,7130.8,7353.4,9046.54,13344.89,13405.05,14663.28,14132.89,22199.6,31568.03,31498.07,38332.57,37659.2,35752.75,43426.25,56568.61,58504.67,78947.31,113617.59,184400.85,162809.43,223769.92,253829.44
FR0000053225,M6-METROPOLE TV,6501.11,4946.78,3757.94,2891.08,4328.6,3746.59,3640.41,4706.07,3419.35,2481.83,3324.68,3131.23,1900.07,1960.94,2888.24,2374.38,2175.28,2356.04,3268.89,2028.87,2381.14,2050.99,2466.88,2071.0,1807.03,1471.31
FR0000054470,UBISOFT ENTERTAINMENT CAT A,530.65,648.88,570.68,194.72,494.69,639.09,903.0,1433.27,4647.26,1811.26,1339.53,1016.02,637.46,992.74,1494.67,1978.29,3222.29,4047.25,8607.41,9101.54,8340.16,11911.92,6130.88,3538.0,3253.12,1780.56
FR0000054900,TF1 (TV.FSE.1),11008.55,11400.5,5359.01,5703.72,7505.0,6991.0,5918.38,7934.19,5709.69,3097.12,3946.69,3721.84,2066.13,2457.57,4076.1,3255.15,2343.93,2087.49,3095.63,1698.88,1749.87,1696.45,2088.45,1607.34,1662.27,1598.4
FR0000064578,COVIVIO,61.77,103.95,129.25,202.84,642.66,1169.35,1838.07,5568.64,5273.96,2798.29,4976.61,5207.51,3538.0,4831.9,5420.17,5825.32,5971.55,6015.01,8489.34,7257.69,9908.15,8716.51,7762.61,5609.47,5431.69,5627.81
FR0000073272,SAFRAN,5556.49,3866.39,1770.36,1832.22,3900.84,3782.9,9936.76,9667.36,8554.02,5584.9,8190.96,14825.59,12562.3,17921.68,29026.4,25862.23,28708.81,30095.34,43019.93,49292.31,61891.88,56827.14,52307.03,53313.68,75262.75,93040.79
FR0000077919,JCDECAUX,,,2476.32,2674.13,3622.5,6469.75,5153.97,6334.6,8714.68,3812.84,5408.16,6838.14,5119.58,5267.87,9176.06,7725.6,8136.23,6254.28,8576.93,5963.43,6564.65,4853.09,5326.46,4026.43,4285.64,3361.38
FR0000120073,L AIR LQE.SC.ANYME. POUR L ETUDE ET L EPXTN.,13805.61,13639.27,12728.38,13298.06,17643.35,20182.09,20909.98,28716.83,35539.1,23736.07,31479.09,36055.45,35212.59,39125.17,44295.68,42903.88,38749.1,43328.97,54022.88,53102.0,67016.38,77796.15,82624.42,73963.16,101900.05,93959.52
FR0000120172,CARREFOUR,62866.48,43826.01,36980.14,31663.31,39311.52,34107.06,32910.27,42701.46,54918.78,26966.2,33940.32,29173.16,15534.17,18088.69,28742.3,22498.96,21379.38,18257.95,16780.95,13451.95,13547.34,14035.73,14210.17,12388.2,12970.15,9638.82
FR0000120222,CNP ASSURANCES DEAD - DELIST.20/06/22,5009.54,5496.03,4358.99,5113.54,7177.79,9926.8,10891.17,15465.6,19325.19,10708.07,14440.26,10764.42,7387.42,9845.89,14097.78,12234.21,9278.99,12746.11,15875.16,14536.1,13665.35,11072.74,16982.83,15257.09,15791.81,14802.66
FR0000120271,TOTALENERGIES,95788.23,109998.22,100703.64,97867.63,120481.88,138192.57,153672.96,174745.19,198803.02,128210.98,151544.48,124916.22,120937.7,121684.93,145841.91,122369.54,109316.35,124775.22,139679.75,139284.66,143697.46,114592.53,134009.84,163945.95,164149.35,132504.91
FR0000120321,L'OREAL,53981.52,57950.15,48699.73,51467.92,55428.32,51320.49,48799.45,64010.51,88519.38,52170.43,66970.54,66785.23,62959.84,84066.41,105809.38,94156.56,94428.43,102380.3,124145.86,128875.99,165382.92,212903.04,264422.15,190549.06,266198.6,189135.94
FR0000120404,ACCOR,8852.27,8345.95,7210.39,6032.74,9022.84,8741.58,11328.39,16422.92,18301.92,10951.21,12361.37,10090.65,5768.76,7998.3,10751.96,10399.37,10226.23,10639.19,14910.86,12310.85,12685.23,9463.14,8471.89,6554.97,10126.13,11868.85
FR0000120503,BOUYGUES,18248.17,15036.58,10886.76,9603.41,11696.43,15354.32,15876.13,21428.67,28366.24,14388.85,18495.41,15391.65,9950.85,9299.05,12062.98,12185.71,13433.81,12471.34,18767.93,13142.93,15880.42,15672.58,13696.97,11206.97,14394.39,11199.21
FR0000120560,QUADIENT,1268.37,711.3,882.92,976.26,1529.0,2360.49,3197.3,4009.21,3258.27,2801.46,2554.51,2782.49,2230.14,1813.93,2658.64,1970.9,843.67,1083.45,996.05,941.12,837.26,665.22,752.29,507.95,731.84,669.58
FR0000120578,SANOFI,30297.12,48756.5,54617.71,44763.67,55184.88,111271.79,122270.3,125223.56,125748.91,82995.82,103993.53,84153.88,98744.96,124648.13,140694.14,121488.24,111482.57,104701.74,108977.15,108302.34,126072.81,121230.64,127280.19,121531.58,125411.4,122606.59
FR0000120628,AXA,49045.97,59641.3,35872.65,23649.06,38057.95,47153.08,71012.28,84554.21,82447.21,46015.68,54339.94,38750.41,30737.02,42036.77,67264.55,56749.86,66452.97,61304.3,72029.63,52273.62,68143.92,57736.56,72105.39,65396.69,73926.43,78687.68
FR0000120644,DANONE,17213.92,22473.57,18238.83,18662.03,22307.78,24760.52,27506.28,39489.33,46036.88,30840.45,39756.75,40869.99,40494.02,42318.05,45495.18,42417.86,44312.1,41646.48,56335.43,48168.45,56916.94,45165.41,42691.01,35509.77,43934.94,45822.8
FR0000120693,PERNOD-RICARD,3210.71,3891.02,4368.07,5461.27,7836.9,10796.81,16286.77,20860.6,25335.86,16175.91,22681.58,24940.82,24625.63,30586.22,30287.81,29631.58,30333.09,28821.18,42053.73,43478.42,47492.06,50241.98,62985.72,50586.35,45111.91,28473.06
FR0000120859,IMERYS,2384.84,1832.61,1532.43,2013.4,3354.88,5359.6,4606.14,5669.07,5239.85,2852.8,4543.31,5048.09,3486.96,4761.45,6561.04,5628.33,5593.46,6048.76,7503.91,3820.06,3361.99,4017.93,3529.56,3294.41,2672.35,2480.33
FR0000120966,BIC,2504.46,2174.71,1888.7,2022.25,2491.67,2691.77,2980.01,3442.13,3560.71,2777.67,3358.17,4189.23,4241.42,5679.95,5933.05,6327.24,7924.7,6529.63,5130.65,4686.63,3168.89,2569.48,2404.21,2999.83,2934.81,2749.66
FR0000121014,LVMH,43663.55,32423.06,19934.79,20127.27,35657.26,37524.52,43372.81,51651.32,59222.5,32534.04,55120.58,80931.67,72112.45,92913.3,92776.95,81245.95,79992.01,97028.63,149394.87,149060.83,235000.42,315531.33,417303.83,365182.94,406855.87,329249.97
FR0000121121,EURAZEO,2372.15,3019.32,2254.56,2247.39,2929.81,3951.97,5258.18,7363.8,6919.54,2578.88,3865.93,4317.0,2253.72,3151.48,5127.59,4871.34,4839.63,4085.78,6683.93,5405.61,5383.54,5364.79,6919.2,4912.6,6038.7,5668.34
FR0000121204,WENDEL,1708.9,1491.28,1068.61,1291.21,2389.52,4108.64,5425.07,8133.53,7277.96,2478.5,3097.07,4668.61,3380.08,5079.36,7095.71,5374.53,5714.08,5680.95,8019.88,5538.92,6003.45,5359.47,5363.51,4132.85,3958.42,4279.39
FR0000121220,SODEXO,5899.82,6204.84,6794.74,3671.05,4795.87,4811.44,6527.92,9966.89,9764.82,8644.25,8987.14,10870.79,11314.72,13200.84,15945.11,15452.56,15386.76,17707.71,20293.64,15085.99,17487.41,12488.64,12921.81,14081.88,16227.12,12146.27
FR0000121329,THALES,5513.55,8039.13,5787.34,4550.04,5777.16,8250.63,7764.66,8564.17,11736.93,8224.16,10248.38,6991.28,6407.53,7001.07,13048.96,11261.05,15828.16,20572.21,22848.23,24795.61,22132.16,19529.79,18149.39,27172.72,31105.12,29567.06
FR0000121485,KERING,31233.16,25570.28,15758.73,9003.1,11834.5,12256.24,13518.72,19164.21,20672.99,8198.01,15296.37,20207.36,18217.66,23393.16,26716.68,24362.84,21665.88,28410.09,59585.87,59415.27,82952.91,91840.42,100238.59,62964.44,54399.75,30448.42
FR0000121667,ESSILORLUXOTTICA,3241.7,3442.93,3042.39,4162.95,5282.78,8063.0,8271.42,11116.6,13268.82,9833.87,12602.78,13606.44,15024.96,21394.39,22826.93,24160.47,27048.6,24732.07,30236.72,53883.79,66697.2,68512.5,94196.95,80837.26,91043.35,111613.5
FR0000121964,KLEPIERRE REIT,1245.8,1216.56,1237.16,1754.19,2693.01,4087.91,4318.22,8704.91,7080.57,4043.42,7411.99,6868.01,5426.01,7894.95,9258.99,8624.15,13997.95,12382.37,13839.89,9687.98,11500.49,6748.99,6801.63,6591.6,7820.82,8257.71
FR0000121972,SCHNEIDER ELECTRIC,12590.56,11339.6,11546.96,11362.64,15078.25,16228.13,20104.61,25131.33,33218.69,18227.13,30732.98,40581.31,28983.07,40037.46,49013.12,42870.21,33550.72,41260.63,50767.35,39523.65,59776.12,84240.06,111599.25,79675.33,115030.19,143590.22
FR0000124141,VEOLIA ENVIRON,,15112.83,11546.62,9417.08,10882.83,14710.56,18394.59,31634.53,42977.48,14582.45,16376.5,14641.87,5713.02,6301.76,8966.53,10039.54,13381.48,9611.33,14391.91,11608.64,15097.86,13888.59,25670.08,18303.5,22886.45,20791.58
FR0000125007,SAINT GOBAIN,16312.51,13482.89,12863.34,10004.85,17016.7,20535.18,20464.64,29451.77,35271.22,17866.1,28015.85,27415.55,20624.11,22560.08,30579.03,23953.41,24282.35,25914.28,30556.8,18222.63,22316.89,24441.32,36869.0,25128.23,37291.61,44286.26
FR0000125338,CAPGEMINI,19569.78,20047.18,9038.13,2867.75,5825.09,4207.21,5260.66,9026.69,9140.96,5574.25,7061.72,7299.32,4882.39,7008.53,10773.25,11774.45,16010.72,14503.72,20006.42,16599.35,20701.32,26186.46,42247.26,28891.21,35990.17,28060.18
FR0000125486,VINCI,1868.52,4835.28,4763.51,4842.95,6936.41,11237.19,16146.05,30035.83,35948.61,20685.82,29473.86,30135.64,24764.68,27338.42,39555.1,32491.26,38535.64,40758.1,60442.1,49189.73,67260.12,61074.95,62587.13,58682.86,75078.33,60089.58
FR0000127771,VIVENDI,52973.42,71080.31,59677.34,17575.34,26044.01,34237.12,35994.0,45094.48,53387.18,37843.83,36661.68,33507.42,27390.11,29577.87,35344.24,33761.64,29509.2,24501.65,34847.29,31750.49,35360.19,38265.25,14989.14,10546.5,11008.65,2744.01
FR0000130213,LAGARDERE GROUPE,6626.29,7958.87,5775.05,5652.98,8055.78,10158.66,10887.83,11464.06,10058.08,5286.31,5345.01,5423.57,3483.35,4371.56,4882.56,3427.46,3918.94,3650.77,4208.92,3300.82,2860.11,3286.0,3912.9,3018.58,2865.57,2967.96
FR0000130395,REMY COINTREAU,853.08,1658.16,982.75,1385.59,1462.31,1813.76,2125.73,2940.29,3298.41,1949.42,2470.03,3498.89,3995.95,5552.98,4182.03,3263.04,3494.74,4246.48,6979.85,5763.01,6164.24,9411.13,12618.3,8710.47,6511.07,3154.25
FR0000130452,EIFFAGE,918.73,867.78,883.48,1084.54,1729.28,3415.45,4827.56,8851.31,9174.85,4757.53,5093.95,3984.94,2116.44,3857.8,5157.86,4702.85,6171.68,6853.71,10748.87,8173.4,11220.78,9477.58,10081.34,9614.17,10503.24,8597.17
FR0000130577,PUBLICIS GROUPE,3378.09,4629.16,3693.79,4155.83,6333.33,6336.53,6835.66,8370.15,7923.67,4972.06,8079.03,10026.78,8921.98,12529.01,19542.17,15959.78,14837.22,15608.72,15667.24,13467.44,10892.93,12355.75,17054.33,16098.6,23598.34,27123.59
FR0000130809,SOCIETE GENERALE,24077.94,26290.25,24102.07,25030.15,38643.43,44979.16,53132.01,78179.23,67438.29,29061.43,51955.97,40274.07,17333.33,29154.57,46465.12,34091.7,37278.42,39820.64,41763.75,25693.07,29710.27,17773.5,29312.47,21297.71,21310.99,22507.91
FR0000131104,BNP PARIBAS,41306.47,39332.36,39641.27,36447.67,56869.14,64092.07,67582.99,101406.64,98229.04,38340.09,94969.64,76526.25,47583.18,69720.62,97147.27,74259.84,70707.89,79601.26,93317.56,56396.69,74116.87,65916.14,85301.52,70149.92,79338.59,69342.83
FR0000131757,ERAMET,1377.56,1008.03,760.93,553.27,1241.93,2301.43,2459.82,4128.48,13250.74,5016.01,8345.33,9118.61,3252.52,3880.91,2570.96,2457.09,850.63,1588.52,3157.17,1837.38,1370.59,1398.79,2188.01,2573.31,2271.2,1612.34
FR0000131906,RENAULT,11505.19,12495.03,8542.09,13388.93,19659.3,23837.34,23157.66,34191.09,40412.1,7347.42,14798.65,17257.29,10288.2,15862.79,23818.67,21660.07,29757.78,26359.76,29795.93,18440.39,14001.9,12939.14,10272.1,9870.9,12056.04,14407.45
FR0000133308,ORANGE,134865.08,99606.12,46129.67,20866.89,68662.79,81685.94,64396.68,71910.22,93903.08,72538.07,66233.37,55413.94,41727.25,29123.14,32851.46,45354.97,44559.39,40500.21,46234.77,43041.99,39176.12,31681.55,28474.39,26348.82,30278.36,26519.82
FR0010040865,GECINA,2142.81,1827.64,1554.91,2866.4,3977.7,6142.65,7112.35,11900.37,9773.44,4308.86,6836.42,6914.05,5286.38,7020.21,8313.02,7893.39,7690.91,8792.54,13911.41,9851.41,13663.37,11808.08,10701.94,7781.16,9325.1,7180.96
FR0010220475,ALSTOM,7090.91,5560.95,2395.37,1403.89,444.09,4179.56,7883.11,18723.47,29934.49,16613.59,20343.74,14135.13,8957.12,12237.63,11258.51,10065.91,9503.17,6060.73,9217.36,9001.19,10632.99,16824.12,13253.47,9162.81,5170.62,10303.21
FR0010221234,EUTELSAT COMMUNICATIONS,,,,,,3066.25,3066.25,4123.56,6499.83,5159.93,7092.87,8087.95,8615.01,7284.21,6874.67,7359.21,6979.26,4516.32,5393.11,4578.06,3786.17,2612.11,2814.45,1849.08,2230.91,1115.95
FR0010242511,EDF DEAD - DELIST.08/06/23,,,,,,66288.16,68737.58,132632.69,217063.17,105118.57,110241.61,76132.92,45121.58,34078.0,65832.99,51372.55,28316.36,21534.25,36628.1,47487.12,34588.11,48909.88,38045.49,49776.48,55271.62,51809.58
FR0010307819,LEGRAND,,,,,,7814.04,7814.04,7894.88,9206.67,4990.49,7351.18,10758.55,8493.14,11069.01,14594.2,13952.31,15133.54,15197.07,20504.66,15036.04,21766.79,23849.33,31296.05,21306.3,27446.09,25536.69
FR0010313833,ARKEMA,,,,,,2174.06,2174.06,3103.35,3971.94,1029.46,2255.12,4428.69,4366.56,6556.77,7335.72,4852.63,5217.63,7398.22,9232.89,6553.51,8145.41,8778.85,10807.71,6718.11,8538.59,5792.78
FR0010340141,ADP,,,,,,6101.73,6101.73,7699.04,10127.59,6656.72,7997.73,7842.03,6808.62,7615.75,11250.33,12004.71,11524.49,10625.75,18834.35,18721.97,19562.22,12846.99,12750.51,13223.36,12812.25,11446.13
FR0010411983,SCOR SE,1513.7,1798.09,1297.91,723.57,1353.72,1547.83,2079.78,3497.37,4675.05,4189.13,4623.47,4785.03,4500.86,5166.07,7027.73,5852.97,7197.25,6647.78,7732.92,8638.8,7835.61,6030.17,5820.93,4113.79,5242.71,4390.57
FR0010533075,GETLINK,,,,,,2422.29,2422.29,2422.29,1048.85,1016.0,4472.17,4715.61,3743.59,4234.84,5790.35,7121.17,6847.18,5240.73,7079.73,7374.83,9575.71,9542.52,9106.67,8790.32,10064.44,8773.4
FR0013176526,VALEO,6357.19,3702.57,3307.88,2614.6,3289.25,3438.37,2871.15,3224.3,3221.98,1154.06,2752.47,4455.44,3145.71,3935.38,8807.03,9961.56,12305.37,13774.61,17919.29,7006.01,8470.98,9546.96,7332.22,4340.04,3760.4,2358.86
GB0000163088,SPEEDY HIRE,212.55,150.46,181.09,176.14,279.26,454.42,646.32,1085.63,840.78,102.58,227.6,228.76,160.77,328.17,549.44,641.25,321.25,329.87,433.9,396.95,535.92,512.93,453.84,226.53,193.7,161.96
GB0000456144,ANTOFAGASTA,1377.58,1303.31,1512.29,1983.91,3723.79,4243.53,6326.43,9820.99,14070.73,6031.1,15792.73,24881.32,18615.24,21217.23,13454.48,11567.4,6819.18,8222.67,13402.86,9833.75,11973.53,19412.42,17872.9,18327.88,21107.45,19631.52
GB0000536739,ASHTEAD GROUP,882.34,587.16,369.09,125.62,90.36,482.99,1247.99,1731.1,932.48,309.7,660.01,1362.56,1767.88,3487.92,6335.84,9041.34,8301.62,9746.51,13437.7,9961.96,14524.89,21115.64,35882.4,24923.32,30474.27,27160.88
GB0000811801,BARRATT REDROW,1061.28,1039.9,1471.06,1495.88,2322.14,2740.07,4097.05,5888.65,3143.75,348.95,1932.65,1339.72,1393.9,3296.87,5688.32,7284.89,9247.62,5751.57,8867.89,5978.25,10071.39,9326.32,10359.6,4758.49,6989.75,7997.81
GB0000904986,BELLWAY,551.7,558.9,706.7,795.79,1375.11,1753.44,2171.98,3456.64,1903.07,991.64,1595.52,1267.54,1338.15,2043.75,3166.67,3695.48,5122.02,3753.64,5918.72,3941.19,6213.07,4982.41,5575.83,2833.46,3910.28,3703.27
GB0000961622,BALFOUR BEATTY,614.6,752.18,1060.93,980.23,1642.82,2566.25,2609.66,3732.09,4280.96,2262.28,2860.0,3361.79,2828.5,3062.81,3274.38,2279.24,2746.78,2291.77,2771.14,2189.98,2388.5,2547.55,2269.03,2385.57,2297.47,2944.92
GB0001110096,BOOT (HENRY),89.42,72.92,93.06,112.55,163.21,211.55,313.56,548.05,436.86,108.61,194.55,190.66,248.97,287.68,434.26,401.63,435.94,328.86,589.5,407.83,562.78,464.23,512.76,377.31,355.27,386.0
GB0001367019,BRITISH LAND,3422.82,3676.37,3523.14,3775.6,5097.54,8910.93,9485.29,17416.38,9606.99,4050.58,6694.92,7265.5,6389.33,8173.65,10452.86,12346.91,11917.4,8009.39,9361.55,6519.05,7841.81,6194.44,6665.88,4405.81,4723.73,4509.8
GB0001500809,TULLOW OIL,259.48,347.44,396.88,568.14,580.01,1889.54,3001.02,5077.95,9332.44,6949.22,16949.91,17536.3,19716.69,18606.9,12886.05,5876.95,2226.3,3533.44,3865.77,3178.46,1193.67,571.77,900.94,639.34,720.58,391.77
GB0001638955,WETHERSPOON (JD),1399.18,1040.3,1324.76,575.47,1004.16,917.35,947.33,2011.96,1041.29,620.7,954.28,978.96,849.28,1091.97,1584.43,1569.74,1316.68,1218.57,1793.95,1495.5,2306.13,1836.42,1675.85,687.95,1291.28,918.31
GB0001765816,BREWIN DOLPHIN DEAD - DELIST.28/09/22,483.07,551.24,352.56,115.1,285.54,412.47,576.68,736.59,683.82,322.24,507.62,573.44,527.16,848.71,1384.64,1295.63,1293.12,1067.51,1493.94,1163.88,1495.95,1265.35,1522.12,1881.58,1994.04,1959.01
GB0001826634,DIPLOMA,149.66,97.17,103.17,113.03,213.05,277.85,303.85,388.07,419.27,203.51,323.21,491.99,597.82,1020.67,1265.98,1251.87,1270.14,1453.81,1908.42,1745.08,3036.28,3732.36,5694.85,4163.36,6123.09,7141.79
GB0001859296,VISTRY GROUP,560.97,608.1,642.55,665.47,1005.39,1317.22,1633.67,2558.09,1481.63,696.27,934.58,863.28,912.4,1250.72,1761.23,1850.63,2010.33,1363.02,2134.03,1479.51,2668.55,2854.28,3565.06,2601.18,4041.05,2372.94
GB0002074580,GENUS,,59.31,44.41,89.12,125.35,193.15,336.98,583.64,972.65,568.93,649.46,804.94,977.0,1376.29,1308.16,1188.72,1396.97,1356.67,2106.84,1777.79,2738.17,3745.32,4398.88,2360.95,1826.61,1281.88
GB0002148343,RATHBONES GROUP,514.66,511.26,471.26,351.83,539.11,668.91,702.77,991.25,892.28,513.01,559.27,742.95,716.78,968.22,1236.02,1526.21,1559.17,1240.95,1772.43,1646.7,1590.38,1210.15,1666.17,1551.54,2011.18,1911.12
GB0002318888,CRANSWICK,92.38,116.73,244.03,352.01,237.34,428.76,434.1,804.84,783.26,389.55,592.49,640.12,550.29,667.02,958.18,1053.42,1405.23,1456.55,2297.7,1728.42,2339.1,2528.32,2656.24,1981.95,2616.69,3295.93
GB0002374006,DIAGEO,27440.29,38210.1,38535.94,34723.34,41501.8,42935.37,41658.65,53325.71,55770.96,34534.67,43827.97,46434.13,54649.68,72781.99,83178.59,72451.33,68847.21,65602.04,91726.25,86083.32,99245.79,92035.81,127194.88,99625.16,81444.92,70714.75
GB0002418548,ELEMENTIS,559.79,715.42,244.9,197.96,251.13,238.47,556.8,719.63,675.38,239.91,383.53,1004.5,959.39,1714.06,2043.47,1884.46,1563.33,1588.7,1806.18,1346.06,1376.58,913.01,1037.14,845.69,956.13,1074.63
GB0002634946,BAE SYSTEMS,19427.4,17141.21,13752.14,6106.93,9216.78,13542.94,21096.28,26805.99,34820.65,19103.57,20554.64,17613.09,14336.98,17802.69,23116.55,23204.98,23310.46,23212.89,24686.33,18690.17,23984.48,21504.52,23569.9,31688.16,42961.65,43315.91
GB0002652740,DERWENT LONDON,464.03,583.89,508.67,462.12,709.07,1150.53,1322.82,2202.14,2830.85,1050.78,2151.86,2473.31,2464.17,3492.25,4234.72,4836.87,6016.81,3815.34,4701.86,4052.89,5937.67,4738.29,5190.15,3198.56,3378.3,2755.0
GB0002670437,DEVRO DEAD - DELIST.14/04/23,262.55,115.68,129.64,113.69,258.58,387.17,356.14,388.78,298.27,186.16,349.8,648.07,661.08,831.67,795.54,793.83,713.52,391.44,517.46,340.63,394.56,350.53,465.82,620.39,716.69,704.1
GB0002869419,BIG YELLOW GROUP,,200.34,161.77,148.44,191.29,362.29,525.73,1571.38,1005.18,396.37,746.59,718.82,495.43,741.13,1120.84,1483.33,1869.19,1336.99,1864.66,1854.13,2657.0,2635.91,4253.41,2542.37,3056.34,2365.11
GB0002875804,BRITISH AMERICAN TOBACCO,12336.4,16584.68,18475.11,21786.71,28627.53,36871.22,46781.07,57665.85,78919.04,51657.26,65009.67,77015.2,93498.35,97931.35,101195.37,101728.02,103614.79,106465.77,155693.98,73033.64,98199.08,84926.01,84958.33,88256.62,65444.11,79696.85
GB0003096442,RS GROUP,4779.45,4306.64,3387.98,2015.1,2537.4,2379.46,2099.72,2498.26,1806.83,884.14,1136.89,1812.94,1277.61,1694.79,2031.87,1474.37,1547.32,2599.47,3745.93,2863.37,4005.76,5591.1,7693.27,5090.65,4951.27,4046.06
GB0003308607,SPECTRIS,778.91,946.79,782.78,570.45,945.77,911.63,1355.1,1915.53,1579.01,886.96,1376.62,2379.57,2331.18,3909.94,5030.81,3898.65,3163.42,3405.79,4012.17,3353.68,4465.56,4477.82,5490.44,3775.27,4896.86,3106.48
GB0003452173,FIRST GROUP,1684.93,1565.01,1796.83,1590.76,1991.65,2667.22,2750.2,4438.45,7070.52,3006.29,3309.46,3000.1,2530.84,1639.53,2466.3,2004.4,1905.34,1542.79,1804.18,1287.24,2019.03,1235.07,1033.6,908.06,1457.8,1223.07
GB0003718474,GAMES WORKSHOP,232.23,62.66,236.38,203.51,385.09,524.07,197.74,242.78,103.95,79.89,125.68,206.47,218.18,342.97,364.28,259.92,276.82,283.21,1151.89,1258.15,2642.61,5017.5,4434.49,3390.41,4145.64,5495.96
GB0003753778,GO-AHEAD GROUP DEAD - DELIST.11/10/22,454.11,483.94,441.73,472.08,943.28,1515.6,1384.57,2211.88,2167.64,642.19,926.39,889.41,922.95,894.05,1252.13,1648.85,1691.73,1190.88,868.64,839.24,1262.95,581.06,390.07,802.96,850.96,836.0
GB0004052071,HALMA,690.61,737.56,811.33,650.78,973.75,1130.3,1191.6,1679.4,1633.11,1089.48,1476.36,2117.5,1937.05,2821.48,3776.55,4057.33,4828.2,4205.12,6470.85,6595.16,10642.1,12709.24,16454.73,9014.77,11053.92,12785.33
GB0004082847,STANDARD CHARTERED,16429.14,16240.15,13493.82,13294.62,19401.08,21923.88,28928.81,40434.98,51665.72,23848.08,51451.75,63352.86,52204.1,61666.88,54664.34,37125.62,27236.15,26928.08,34783.2,25677.56,30164.3,20100.52,18700.57,21672.56,22647.16,30031.01
GB0004161021,HAYS,13698.73,9969.52,5245.38,2588.91,3727.37,4076.36,3233.18,4556.0,3246.58,1379.66,2323.39,2954.72,1383.87,1871.33,3022.93,3221.94,3078.96,2659.45,3590.1,2598.16,3529.69,3276.83,3310.71,2233.92,2205.59,1601.83
GB0004270301,HILL AND SMITH,38.59,59.54,59.01,82.46,120.94,143.01,235.43,400.7,500.24,218.59,422.32,334.08,298.95,498.97,662.9,704.25,872.91,1163.64,1425.43,1206.07,1548.78,1531.91,1940.88,1128.09,1950.61,1881.96
GB0004478896,HUNTING,184.01,236.67,258.93,137.22,195.23,354.04,673.36,1527.78,1846.97,792.57,1243.69,1514.28,1705.02,1889.28,1908.65,1230.42,670.2,1269.59,1344.73,1009.14,923.1,502.79,378.0,660.69,621.33,596.99
GB0004544929,IMPERIAL BRANDS,4281.28,5420.65,6869.86,12385.06,14359.16,19977.89,21177.65,26651.29,36573.96,27029.94,32172.05,31378.1,38029.24,37970.16,37323.61,42322.85,50678.79,41965.5,40846.66,28872.91,23432.65,19864.64,20721.29,23345.65,20319.67,26775.38
GB0004657408,MITIE GROUP,560.69,815.07,679.92,417.14,665.48,908.49,930.08,1520.26,1782.03,954.78,1309.86,1311.27,1361.0,1579.31,1933.58,1582.87,1664.8,995.62,954.62,515.46,702.93,795.51,1247.54,1223.01,1700.08,1745.02
GB0004726096,SPIRENT COMMUNICATIONS,3611.21,8442.58,2142.66,257.24,984.37,1353.91,820.73,983.62,977.85,350.14,1116.92,1561.81,1216.72,1593.82,1068.29,722.55,644.68,746.45,842.02,922.47,2038.17,2207.62,2288.52,1914.72,909.53,1282.71
GB0004866223,KELLER,247.5,139.61,241.62,252.46,254.52,299.92,481.18,1158.59,876.05,529.74,669.61,634.33,266.4,724.84,1349.96,977.78,882.06,750.44,946.21,452.91,716.06,688.98,964.87,700.29,816.43,1325.24
GB0004915632,KIER GROUP,158.36,147.02,260.59,231.14,415.72,480.21,732.66,1530.39,1069.6,480.37,619.11,814.25,819.51,857.65,1678.08,1289.81,1967.98,1635.01,1434.41,842.4,206.28,172.85,664.8,318.34,610.03,841.7
GB0005405286,HSBC HOLDINGS,117634.39,136057.94,109642.8,104636.05,172264.09,188538.85,181533.24,210857.17,198264.72,115216.69,199255.12,180291.64,136357.92,194279.83,206582.1,182354.86,155570.5,161249.74,207329.2,165071.33,159280.15,105481.38,123369.74,123870.58,156010.34,176490.95
GB0005576813,HOWDEN JOINERY GP.,429.06,615.39,1222.11,1067.0,1676.08,1483.57,861.53,1690.17,1141.76,138.99,757.52,1014.32,990.09,1804.33,3670.77,4062.72,4987.24,2980.78,3926.67,3376.93,5334.12,5628.44,7226.21,3753.88,5690.71,5463.27
GB0005603997,LEGAL & GENERAL,13930.29,14220.92,11931.79,10049.29,11671.99,13739.85,13626.29,20054.68,16375.33,6472.22,7629.66,8886.63,9381.16,13993.93,21823.7,23031.95,23480.5,18217.51,22032.54,17536.68,23944.31,21714.15,24057.73,17926.77,19140.77,16960.67
GB0005630420,MEARS GROUP,13.67,33.98,54.47,62.77,131.11,236.71,295.41,436.12,340.66,280.89,335.17,402.36,292.87,489.76,791.92,592.14,703.15,577.87,573.5,458.47,430.33,233.42,283.21,277.71,393.36,411.5
GB0005758098,MEGGITT DEAD - DELIST.14/09/22,866.03,880.75,800.31,816.84,1245.94,2159.04,2690.93,2645.86,4360.5,1528.75,2877.44,4043.65,4269.51,4878.15,6963.55,6492.86,4281.0,4395.63,5069.18,4659.97,6765.31,4981.79,7816.8,7531.59,7981.77,7841.52
GB0006027295,MORGAN ADVANCED MRA.,1085.5,1027.05,648.24,194.21,564.94,891.27,1202.61,1463.41,1110.96,433.16,688.11,1038.02,1116.4,1221.83,1503.48,1410.53,1040.58,1006.37,1298.81,956.59,1198.4,1213.17,1385.67,1079.59,1029.52,966.17
GB0006215205,MOBICO GROUP,1363.73,1399.03,1102.13,878.74,1496.85,2205.41,2223.58,3361.82,3777.74,1087.35,1580.61,2004.41,1767.68,1692.19,2332.5,1982.05,2510.15,2236.55,2637.14,2437.54,3183.54,1992.79,2139.26,960.29,662.28,609.88
GB0006650450,OXFORD INSTRUMENTS,149.78,130.76,140.98,103.35,169.44,197.58,203.73,242.0,194.43,105.47,162.39,548.39,815.12,1300.42,1667.0,1138.89,647.75,518.32,660.49,664.97,1171.41,1564.65,2053.39,1568.34,1693.17,1566.65
GB0006731235,ASSOCIATED BRIT.FOODS,4370.09,5954.4,5807.1,7494.15,8276.53,11863.08,11402.9,12790.49,14175.27,8309.07,10508.73,14638.31,13619.86,20126.58,32059.07,38921.17,38996.06,26852.44,30200.4,20599.07,27247.05,24500.53,21531.44,14926.33,22962.68,18737.26
GB0006776081,PEARSON,19776.95,18996.18,9214.87,7405.46,8934.37,9692.46,9489.56,12168.06,11773.6,7458.08,11665.03,12823.5,15337.22,15777.67,18180.92,15212.98,8906.86,8314.76,7995.33,9335.01,6599.86,7005.83,6285.61,8091.88,8583.76,10697.39
GB0006825383,PERSIMMON,701.23,664.39,1546.25,1918.63,2728.6,3832.61,6372.63,8936.35,4779.78,991.59,2277.83,1965.33,2207.27,3937.93,6251.87,7540.44,9162.92,6767.67,11431.12,7805.77,11385.45,12068.39,12347.9,4674.67,5655.98,4799.92
GB0006886666,EUROMONEY INSTL.INVESTOR DEAD - DELIST.25/11/22,790.57,782.36,450.4,367.48,615.71,705.2,738.54,1097.46,766.64,333.99,800.61,1285.25,1178.15,1759.61,2827.72,2091.82,1880.82,1815.42,1926.01,1604.71,1884.36,1592.53,1369.26,1919.65,2034.39,1998.64
GB0006928617,UNITE GROUP,73.85,211.43,344.83,272.67,347.72,645.33,794.19,1317.33,872.69,261.4,771.93,487.04,418.45,720.67,1177.93,1461.28,2145.8,1662.44,2620.11,2705.04,6068.02,5688.14,6003.13,4381.17,5799.78,4937.1
GB0006963689,PORVAIR,80.92,159.18,132.56,75.54,89.6,69.24,85.14,98.06,86.68,34.48,40.77,70.15,61.19,108.06,197.38,190.76,192.58,242.13,280.89,240.92,407.4,333.72,450.56,343.27,364.05,413.45
GB0007099541,PRUDENTIAL,38387.42,31854.65,23095.68,14157.97,16985.55,20659.13,22924.19,33463.27,35007.72,14952.26,26168.04,26623.15,25282.18,35973.0,56824.49,59736.84,58048.47,51905.63,66688.61,46301.04,49930.9,48048.06,47409.85,37292.92,31142.38,21201.15
GB0007188757,RIO TINTO,25477.57,18713.74,20398.44,21269.48,29463.49,31429.25,48690.87,54454.16,105543.79,21383.76,83426.26,107211.89,69762.37,80553.63,79774.47,66150.16,40088.91,53656.46,71565.8,60720.12,74562.38,93233.77,82701.4,87156.04,93190.59,74111.38
GB0007323586,RENISHAW,627.72,777.43,476.72,345.69,710.15,887.39,1211.48,1067.01,905.58,516.98,640.61,1401.72,1136.86,2449.17,2344.81,2224.51,2016.92,2273.71,5144.78,3930.63,3633.36,5731.1,4712.53,3211.6,3320.06,3085.78
GB0007388407,LIONTRUST ASSET MAN.,131.73,247.38,202.35,176.54,283.3,198.91,184.7,242.9,224.06,50.82,55.45,47.31,42.17,74.48,177.62,192.85,187.32,215.48,321.62,374.68,797.88,1083.05,1825.19,874.84,521.51,385.8
GB0007594764,RPS GROUP DEAD - DELIST.24/01/23,219.87,473.88,390.52,349.99,509.76,580.71,540.97,1085.64,1341.67,429.3,754.27,783.45,610.21,755.64,1226.72,721.68,776.28,614.29,827.97,391.64,513.34,264.96,465.33,734.4,803.17,789.06
GB0007668071,CLOSE BROTHERS GROUP,2363.55,2318.86,1608.23,1286.68,1892.69,2034.88,2262.61,2923.56,2817.94,1093.25,1609.98,1933.24,1412.45,2068.32,3380.78,3480.42,2950.96,2680.46,2965.66,2774.86,3202.7,2846.94,2860.91,1893.72,1523.2,445.17
GB0007669376,ST.JAMES'S PLACE ORD,1501.11,2685.4,2174.87,893.27,1221.68,1788.13,2058.58,3866.39,2617.6,1227.27,1913.83,2022.05,2487.5,3469.04,6212.22,6597.02,7794.9,6608.91,8774.54,6365.57,8250.21,8325.8,12325.26,7168.53,4780.83,5913.89
GB0007908733,SSE,6861.61,7945.72,7644.99,9417.05,10345.83,14365.55,14951.96,26213.04,28174.99,15327.23,17305.79,17867.86,18827.21,22090.47,21925.2,24978.03,22658.14,19420.75,18112.77,14139.5,19703.5,21367.27,23805.21,22256.02,25857.63,22167.25
GB0007958233,SENIOR,366.42,241.06,153.22,118.76,209.11,239.1,319.21,488.43,914.28,223.35,484.05,945.87,1068.97,1342.74,2116.27,1976.53,1419.95,1006.96,1478.84,1011.72,960.67,511.69,835.04,631.66,949.58,838.35
GB0007973794,SERCO GROUP,2030.35,3128.4,2097.28,1069.97,1339.02,2006.0,2526.05,3560.49,4463.02,3149.75,4198.73,4289.38,3662.58,4334.84,4128.43,1376.3,1530.11,1945.21,1468.99,1337.57,2623.87,2014.73,2220.54,2173.08,2280.43,1940.08
GB0007980591,BP,195479.56,181777.16,174338.21,153836.67,179400.3,209944.54,219515.57,218642.83,231650.43,141683.24,181756.61,137041.73,135803.49,132169.79,150703.74,116858.37,95904.84,122620.72,140114.36,128007.19,127279.33,70860.1,88369.21,103724.41,102058.97,79666.74
GB0008025412,SIG,559.1,357.97,485.74,338.23,699.74,1363.43,1527.51,2481.45,2008.78,348.09,1069.54,1190.51,771.29,1162.09,2071.58,1606.58,1251.6,754.22,1412.75,827.24,963.91,508.44,761.13,420.7,503.09,243.87
GB0008085614,MORGAN SINDALL GROUP,182.54,165.49,269.55,118.35,274.4,436.15,675.24,1105.14,885.24,335.11,418.19,476.7,398.6,362.21,540.94,425.65,483.13,411.49,863.62,610.26,976.26,970.72,1582.87,871.43,1337.18,2344.71
GB0008220112,SMITH (DS) DEAD - DELIST.04/02/25,1031.32,810.15,730.77,752.78,938.55,1158.43,1109.55,1502.47,1638.46,428.4,804.18,1373.82,1344.7,3083.27,5137.01,4726.96,5523.61,4775.26,7479.42,5220.09,6985.06,7029.33,7141.94,5327.02,5396.11,9370.88
GB0008481250,ME GROUP INTERNATIONAL,1901.33,518.76,208.01,113.95,753.88,650.38,769.23,640.49,228.91,55.6,220.93,356.37,274.16,375.28,811.04,817.44,832.69,762.77,940.26,429.62,485.75,252.16,322.56,522.97,600.72,967.44
GB0008706128,LLOYDS BANKING GROUP,68344.48,58158.64,60510.0,40086.77,44859.93,50821.57,46972.8,63002.62,53063.69,15523.73,52203.7,70023.21,27668.6,54787.2,93239.26,84379.68,76867.99,55129.37,66264.15,46993.68,58001.33,35286.19,45981.96,36755.1,38663.24,41587.18
GB0008711763,TT ELECTRONICS,332.49,291.36,352.58,262.92,393.5,573.59,390.65,787.7,347.78,77.97,183.29,417.74,324.45,367.36,517.51,256.61,367.71,326.89,490.58,407.36,543.28,489.22,611.11,369.39,353.14,236.15
GB0008782301,TAYLOR WIMPEY,823.27,1014.44,1369.87,1507.6,2792.24,2961.99,3866.37,4854.55,4270.69,204.88,2008.19,1577.29,1865.71,3452.87,5977.86,6990.54,9754.68,6192.73,9146.39,5685.94,8403.24,8260.64,8672.92,4318.73,6624.47,5413.25
GB0008794710,TELECOM PLUS,68.96,133.52,74.94,148.04,433.26,264.56,158.45,258.68,246.44,293.26,328.41,491.05,840.7,1058.88,2338.09,1576.74,1266.62,1168.13,1273.35,1427.06,1562.41,1543.49,1696.86,2097.55,1623.82,1708.37
GB0009123323,ULTRA ELECTRONICS DEAD - DELIST.02/08/22,424.45,404.38,360.24,482.85,628.41,886.95,1144.78,1437.23,1857.02,1108.87,1517.57,1823.1,1583.23,1874.37,2227.58,1962.65,2044.51,1689.33,1416.38,1183.32,1987.29,2014.42,3075.74,3059.26,3242.11,3185.15
GB0009223206,SMITH & NEPHEW,3742.21,4287.01,5577.86,5683.91,7841.87,9589.77,8647.45,9842.03,10342.68,5567.43,9151.67,9426.11,8684.56,9985.48,12729.39,16559.68,15962.25,13213.49,15240.24,16329.12,21243.25,18101.58,15413.52,11620.45,12008.11,10856.65
GB0009286963,VP,43.55,35.53,62.51,69.89,117.82,166.26,198.22,288.35,307.3,82.76,129.99,165.81,151.21,224.2,442.93,391.32,443.87,379.57,477.73,503.22,500.03,433.62,503.62,330.87,326.33,282.88
GB0009292243,VICTREX,174.66,388.03,361.05,341.43,499.64,614.46,928.88,1286.36,1179.53,572.68,1088.13,1941.39,1431.6,2226.18,2582.39,2767.9,2272.2,2043.58,3067.88,2511.09,2858.57,2778.92,2879.03,1671.4,1688.37,1172.87
GB0009465807,WEIR GROUP,709.15,710.84,711.11,693.0,938.08,1278.05,1333.41,2138.14,3371.18,936.71,2436.57,5873.57,6674.03,6490.93,7526.89,6158.54,3153.79,5085.0,6439.26,4288.76,5191.52,7060.27,6018.17,5212.07,6243.44,7101.02
GB0009633180,DECHRA PHARMACEUTICALS DEAD - DELIST.17/01/24,,140.95,120.66,92.58,113.61,178.73,230.34,271.43,472.16,346.49,524.47,518.64,538.73,851.31,1015.72,1147.09,1419.13,1546.48,2650.67,2703.67,3951.78,5099.94,7815.74,3584.93,5602.09,5515.07
GB0009697037,BABCOCK INTERNATIONAL,249.79,221.37,207.14,256.3,315.2,565.9,831.35,1643.84,2570.05,1564.94,2210.19,3204.6,4104.86,5654.16,8125.72,8284.67,7550.25,5953.77,4835.5,3150.74,4215.65,1934.46,2181.79,1716.29,2545.91,3169.21
GB0009895292,ASTRAZENECA,73467.21,89033.36,78693.23,61424.71,81208.67,59660.91,76726.93,82270.47,62756.79,58401.32,68150.81,64459.58,59750.57,58965.03,74427.79,89723.08,86014.18,69365.18,87700.09,94772.53,132229.09,131418.32,182115.2,209095.37,209439.68,203278.45
GB0030232317,PAGEGROUP,,,851.41,641.08,1210.88,1254.55,1541.85,2945.62,1856.7,994.1,1976.03,2794.41,1644.04,1951.78,2506.41,2066.3,2325.34,1572.63,2068.76,1882.71,2276.71,2009.74,2819.69,1823.1,2040.16,1414.13
GB0030913577,BT GROUP,158650.62,56013.05,31930.28,27220.43,29125.15,33240.95,32110.89,48905.14,43411.0,15050.51,16900.6,21967.36,23065.88,29575.55,49708.84,50965.43,58165.59,45149.03,36446.74,30090.27,25193.17,17927.96,22780.28,13385.29,15673.89,17962.96
GB0031274896,MARKS & SPENCER GROUP,13642.94,7957.45,14961.52,11917.27,11737.79,10840.17,14395.1,23690.58,18764.56,4868.14,10254.51,9149.1,7662.49,9994.81,11580.14,12207.9,10878.03,7026.55,6916.69,5115.79,5515.44,3644.82,6138.75,2914.19,6850.75,9646.66
GB0031348658,BARCLAYS,42908.71,51492.19,55314.05,41388.91,58535.46,72606.95,68070.55,93369.69,66265.86,18464.12,50861.08,49903.59,33377.65,52218.62,72577.09,62639.87,54217.88,46828.77,46866.32,32843.99,41222.71,34806.14,42430.97,30257.3,29669.72,48425.49
GB0031638363,INTERTEK GROUP,,,,1006.95,1270.57,2094.83,1859.25,2551.06,3101.52,1778.73,3216.5,4433.87,5065.23,8100.47,8413.1,5872.42,6604.56,6941.72,11330.85,9866.41,12511.89,12460.41,12307.12,7831.6,8735.89,9556.64
GB0031743007,BURBERRY GROUP,,,,1807.11,3284.58,3872.31,3386.48,5575.17,4904.1,1380.55,4196.61,7667.04,8078.07,8808.18,11133.78,11340.54,7837.34,8137.31,10295.43,9092.96,11902.35,9901.76,9905.44,9270.36,6472.14,4401.08
GB0032089863,NEXT,3584.44,4052.81,4307.77,3533.96,5529.82,8295.07,6478.67,7998.81,6594.66,3063.29,6629.79,5668.59,7278.48,9720.77,13994.08,16256.69,16425.84,9054.62,8937.68,7100.12,12386.42,12877.74,14675.96,9027.8,13199.27,14780.53
GB0033147751,BLOOMSBURY PBL.,183.9,219.57,195.91,177.64,326.79,416.18,420.89,367.77,221.84,169.24,150.52,142.21,113.04,139.24,215.56,188.87,166.37,158.0,189.54,193.8,289.4,338.07,410.18,441.26,488.96,688.87
GB0033195214,KINGFISHER,15148.06,10500.22,7659.61,9339.96,11617.34,13929.74,9567.18,10912.83,6790.2,4582.29,8730.66,9740.64,9211.33,10942.65,15136.4,12502.39,11144.89,9709.37,9896.77,5581.13,6065.99,7799.65,9515.61,5506.56,5820.21,5647.27
GB00B00FPT80,CHESNARA,,,,,,174.53,280.1,359.75,347.68,193.71,321.23,413.51,313.69,360.3,612.05,668.62,624.13,675.8,791.32,659.64,628.19,611.29,579.59,512.73,502.87,500.17
GB00B012BV22,MARSHALLS,548.41,591.0,584.13,584.09,751.93,808.37,766.41,1002.65,674.9,182.04,266.04,323.01,277.01,312.14,574.94,727.46,955.06,720.61,1226.91,1183.9,2279.16,2044.12,1876.4,831.34,901.02,933.03
GB00B019KW72,SAINSBURY J,10810.86,11419.1,10305.55,8692.97,10875.86,8830.08,9211.3,13742.65,14753.03,8258.58,9675.2,10993.0,8838.73,10593.2,11496.22,7362.92,7338.01,6736.46,7158.13,7433.55,6739.23,6856.13,8714.53,6141.17,9136.3,8014.86
GB00B02J6398,ADMIRAL GROUP,,,,,,1601.14,2029.83,5617.88,5752.7,3461.14,5116.51,6370.41,3585.49,5157.5,5991.4,5744.71,6885.37,6419.33,7778.34,7573.57,8983.4,11785.66,12808.95,7784.73,10480.39,10142.8
GB00B033F229,CENTRICA,11301.35,15541.29,12990.62,11692.12,16113.21,17126.2,15857.11,25403.26,26274.12,19533.8,23290.36,26756.94,23257.52,28191.05,29259.14,21615.5,16297.38,15873.71,10412.9,9787.31,6884.31,3721.68,5695.77,6804.47,9710.94,8518.84
GB00B04V1276,GRAINGER,193.67,242.13,309.42,397.31,718.6,916.39,1170.84,1768.37,886.74,268.97,860.2,689.0,689.87,799.81,1400.38,1220.3,1428.38,1224.93,1631.8,1635.53,2540.46,2612.06,3162.66,2247.65,2499.44,2089.76
GB00B06QFB75,IG GROUP HOLDINGS,,,,,,725.57,975.48,1862.01,2640.29,1324.65,2209.89,2889.16,2692.1,2666.91,3731.42,4104.99,4336.74,2240.55,3575.7,2677.63,3401.43,4363.28,4752.36,3914.8,3757.59,4399.89
GB00B0744359,ESSENTRA,,,,,,955.31,1073.11,1122.5,829.02,404.36,627.69,782.13,1234.75,1889.81,3345.72,2975.32,3200.24,1497.24,1883.52,1146.9,1518.0,1262.72,1409.73,858.27,623.38,477.68
GB00B0744B38,BUNZL,2511.49,2821.33,2986.11,2853.94,3425.11,3644.68,3778.48,4174.5,4611.06,2774.38,3577.28,3705.73,4542.25,5446.03,8008.81,9206.16,9312.61,8745.25,9415.77,10150.48,9213.32,11253.93,13184.15,11206.5,13745.16,13670.67
GB00B082RF11,RENTOKIL INITIAL,10428.56,7214.49,7830.42,6739.54,6205.2,5134.67,5090.26,5885.97,4367.63,1148.08,3387.86,2753.31,1760.28,2824.63,3485.85,3447.65,4271.65,5022.64,7904.97,7916.33,11098.06,12917.23,14707.3,15399.29,14174.96,12672.23
GB00B0FYMT95,HELICAL REIT,273.23,342.27,331.95,364.8,380.26,408.5,493.09,883.99,609.81,391.91,591.42,527.66,341.95,442.15,638.85,705.32,806.67,430.48,542.92,484.95,753.38,619.13,752.2,494.86,348.32,267.27
GB00B0KM9T71,STHREE,,,,,,476.29,511.62,1043.83,606.76,253.77,579.43,699.24,420.72,651.82,739.54,582.93,620.78,494.23,649.05,477.36,666.53,541.56,839.82,651.83,718.69,501.98
GB00B0LCW083,HIKMA PHARMACEUTICALS,,,,,,854.96,1159.0,1202.12,1606.99,952.27,1577.68,2457.21,1882.79,2436.63,3937.88,6129.08,6761.89,5612.73,3691.8,5277.0,6391.35,7933.72,6957.73,4111.47,5041.99,5518.26
GB00B0N8QD54,BRITVIC DEAD - DELIST.20/01/25,,,,,,908.91,908.91,1243.08,1487.95,820.78,1430.07,1778.92,1206.89,1603.67,2821.02,2603.32,2810.65,1842.39,2912.11,2697.22,3184.68,2963.3,3331.66,2430.29,2673.34,4080.56
GB00B0SWJX34,LONDON STOCK EXCHANGE GROUP,,1009.32,1824.11,1509.73,1781.11,2844.53,2709.62,5466.59,11003.96,1983.59,3141.94,3556.98,3349.46,4794.52,7781.57,12015.43,14089.47,12613.41,17790.99,18012.06,35907.41,43292.62,47517.07,43204.64,61546.14,75111.87
GB00B0WMWD03,QINETIQ GROUP,,,,,,2258.66,2258.66,2441.39,2590.04,1507.49,1732.11,1344.3,1361.07,1970.06,2373.79,1830.3,2347.51,1862.61,1776.38,2071.69,2692.12,2510.37,2085.17,2485.39,2279.8,2915.71
GB00B0YG1K06,RESTAURANT GROUP DEAD - DELIST.22/12/23,231.74,140.04,165.43,164.22,240.0,483.9,564.55,1180.64,730.52,301.22,596.61,858.83,927.06,1259.58,1967.35,2064.89,2030.32,806.2,820.4,892.63,1061.31,517.59,977.15,287.5,636.41,625.23
GB00B10RZP78,UNILEVER (UK),21373.84,24920.53,23898.56,27701.08,27141.2,28591.35,28560.7,36293.4,48856.35,29137.17,41327.47,39445.43,43143.66,49360.94,52760.57,52592.4,55071.54,52215.92,68742.06,61144.38,67330.32,157767.39,136857.52,127375.53,121058.12,141009.28
GB00B128J450,IP GROUP,,,,,236.44,518.1,403.68,694.86,548.05,194.32,235.42,122.13,444.8,712.86,1055.35,1532.78,1706.08,1248.77,2043.29,1464.94,996.2,1436.21,1745.15,694.1,767.84,658.36
GB00B135BJ46,SAVILLS,214.81,204.18,160.71,142.92,365.45,605.27,1135.92,1797.81,734.56,424.13,681.29,797.21,675.04,1014.38,1436.72,1430.24,1800.3,1210.15,1906.49,1286.94,2150.99,1866.65,2750.05,1433.41,1783.62,1875.65
GB00B19Z1432,PZ CUSSONS,156.41,123.97,281.48,328.42,423.12,544.3,1041.44,1384.46,1834.83,1000.09,1869.25,2689.59,2331.98,2659.34,2673.43,2045.58,1799.64,1770.97,1875.87,1161.94,1184.18,1347.9,1193.31,1080.42,837.3,438.14
GB00B1FH8J72,SEVERN TRENT,3381.01,3807.39,3592.42,3842.62,4626.33,6420.96,6472.5,6705.75,7124.16,4063.41,4148.89,5486.77,5523.67,6098.34,6747.33,7495.29,7564.62,6471.57,6909.94,5483.71,8047.18,7474.25,9990.32,8021.66,9833.19,9429.55
GB00B1FP6H53,MITCHELLS & BUTLERS,,,,,2107.43,3410.68,3578.89,5610.78,3402.01,933.29,1633.47,2241.55,1487.92,2168.44,2874.68,2468.45,2101.93,1282.48,1617.7,1404.11,2612.48,1411.0,2069.36,991.66,1964.39,1836.42
GB00B1FW5029,HOCHSCHILD MINING,,,,,,2297.38,2297.38,2430.18,2649.14,487.19,1866.08,3387.67,2027.06,2663.15,858.82,503.71,359.54,1321.26,1810.09,1011.4,1245.78,1459.67,905.52,434.24,702.4,1378.82
GB00B1G5HX72,LSL PROPERTY SERVICES,,,,,,440.5,440.5,445.42,290.27,96.22,433.96,431.74,391.53,438.51,748.53,473.48,430.36,291.8,388.38,291.18,378.08,418.3,583.97,312.7,342.0,394.82
GB00B1JQDM80,MARSTON'S,621.12,646.57,790.46,714.65,999.24,1534.08,1684.43,2719.39,1789.81,457.03,810.88,1022.99,813.75,1137.01,1361.46,1283.39,1411.5,967.89,963.88,759.39,1068.39,655.24,661.37,301.92,273.24,349.5
GB00B1KJJ408,WHITBREAD,5000.18,4044.73,2353.57,2616.0,3816.96,4848.08,4183.69,8074.82,5015.03,2296.9,3990.86,4950.99,4308.71,7115.16,11230.51,13497.52,11836.33,8548.24,9925.28,10709.44,8583.26,8552.77,8194.25,6245.6,8733.21,6509.18
GB00B1L5QH97,RANK GROUP,2443.78,1547.14,1981.25,2546.32,2980.22,3163.27,3277.3,2481.19,709.37,380.4,523.75,772.85,769.13,920.16,873.54,984.73,1641.11,941.36,1276.32,685.66,1433.64,891.32,989.76,461.49,447.87,504.53
GB00B1VNSX38,DRAX GROUP,,,,,,3458.03,3458.03,5891.8,4087.4,2737.51,2443.93,2103.89,3090.33,3554.39,5337.34,2907.39,1463.64,1899.08,1489.37,1801.23,1649.89,2035.09,3271.43,3391.07,2401.08,3002.15
GB00B1WY2338,SMITHS GROUP,4696.09,6873.89,5477.51,6253.44,6641.07,8867.22,10136.87,11057.36,7819.02,4949.7,6383.31,7627.35,5582.01,7609.28,9664.57,6758.42,5471.04,6918.46,7976.32,6878.19,8854.41,8151.27,8403.67,6804.34,7813.03,7386.68
GB00B1XZS820,ANGLO AMERICAN,27035.65,22492.14,22232.68,21818.91,31898.63,35334.21,50752.91,72935.35,81060.22,29262.32,57634.16,68933.62,48929.79,42823.12,30479.54,26143.99,6187.24,20099.06,29441.89,31273.41,39474.17,45176.04,54806.78,52074.43,33601.59,39601.3
GB00B1YW4409,3I GROUP,10649.94,11206.9,7598.51,5446.77,6753.9,7844.27,8023.46,9136.69,7716.81,1501.7,4433.72,4991.86,2731.21,3429.46,6197.26,6824.84,6903.89,8462.13,12022.19,9583.75,14153.72,15404.05,19100.21,15705.87,30040.4,43447.74
GB00B23K0M20,CAPITA,3802.47,4878.95,4718.08,2698.59,2899.9,4711.08,4666.79,7331.87,8461.14,6571.94,7477.98,6681.65,5991.98,8039.57,11329.15,11155.17,11832.5,4377.31,3619.63,2385.19,3627.61,894.54,832.66,491.51,477.13,298.72
GB00B24CGK77,RECKITT BENCKISER GROUP,5838.08,8676.31,9205.09,13660.32,16013.88,21894.89,23803.54,32708.3,41299.06,26269.81,39015.9,40041.06,36008.68,45348.96,57140.75,58374.94,65550.29,59560.25,65860.18,54181.56,57627.1,63736.91,61367.43,49538.99,49328.88,41560.23
GB00B27YGJ97,SEVERFIELD,57.28,54.89,84.7,85.24,127.88,186.43,336.19,547.12,811.36,209.57,253.62,430.39,230.94,142.18,296.96,316.6,285.02,275.71,316.65,272.93,340.43,293.56,284.87,230.85,250.97,191.19
GB00B2B0DG97,RELX,8560.87,13174.47,10500.51,10833.25,10632.17,11749.79,11938.72,13896.18,17163.5,8014.35,10019.88,10301.51,9813.41,12516.9,17384.25,19478.69,19618.13,19420.97,25020.48,40534.37,48932.2,47341.61,62944.59,52707.2,74814.31,84591.87
GB00B2NGPM57,PARAGON BANKING GROUP,394.72,442.32,460.08,326.11,751.5,975.97,1325.78,1520.78,306.23,242.47,631.44,842.49,850.57,1260.83,1877.58,1986.07,1543.29,1428.62,1756.44,1282.22,1830.93,1714.23,1918.4,1585.58,1943.59,1912.36
GB00B2PDGW16,WH SMITH,1935.58,1580.9,1752.26,1426.14,1235.12,1084.11,1349.77,1342.61,1187.17,808.46,1218.16,1124.99,1134.59,1399.86,2019.99,2484.06,2987.5,2157.78,3496.18,2369.82,3963.04,2701.26,2624.2,2337.67,2226.27,1935.31
GB00B39J2M42,UNITED UTILITIES GROUP,5708.47,5467.92,4954.55,5585.58,4938.95,6740.93,10048.72,13393.26,13248.79,6138.48,5455.56,6317.5,6421.09,7465.13,7583.77,9739.23,9402.1,7591.6,7651.51,6393.55,8522.03,8342.36,10057.83,8131.89,9209.93,8979.93
GB00B3DGH821,DE LA RUE ORD,1253.16,1180.87,1269.82,917.62,902.98,1224.09,1336.02,2026.41,2906.78,1259.42,1571.1,1270.64,1375.51,1477.51,1441.91,820.51,661.93,772.48,884.18,555.28,196.18,450.54,410.76,184.55,215.5,254.19
GB00B3FLWH99,BODYCOTE,1240.9,991.03,803.39,334.03,651.21,1007.53,1223.98,1439.19,1195.71,331.64,482.42,834.07,781.15,1409.24,2124.56,1932.97,1604.23,1523.53,2364.6,1771.49,2414.57,1951.06,2244.4,1309.27,1450.99,1449.95
GB00B41H7391,ZIGUP,515.88,341.34,432.56,392.71,567.78,1049.9,1077.65,1678.61,1079.29,77.59,471.09,586.99,398.17,670.82,1132.02,1261.0,772.72,811.62,686.45,644.46,548.91,894.81,1454.93,1135.97,1060.01,909.33
GB00B45C9X44,CHEMRING GROUP,84.61,117.29,144.04,111.53,175.58,243.21,367.66,996.8,1333.85,987.59,334.96,1604.53,1200.32,721.4,717.12,720.34,539.91,586.54,694.03,574.83,894.41,1101.28,1135.2,1014.77,1229.45,1123.5
GB00B5N0P849,WOOD GROUP (JOHN),,,,1241.42,1164.26,1243.96,1804.45,2649.16,4519.41,1428.62,2644.26,4640.89,3698.56,4406.92,4261.56,3506.22,3420.35,4124.33,5956.56,4393.86,3615.88,2918.75,1790.73,1124.74,1517.85,568.4
GB00B5ZN1N88,SEGRO,2351.53,2541.04,2003.32,2270.47,3285.26,4427.49,4346.46,7255.02,4079.73,1550.9,4086.4,3324.9,2403.25,2974.55,4105.81,4286.31,4732.19,4699.16,7977.45,7597.62,13034.34,15434.77,23395.76,11108.43,13871.72,11880.6
GB00B61TVQ02,INCHCAPE,391.8,362.94,683.11,908.65,1838.82,2989.83,3134.17,4599.21,3494.16,243.25,22191.99,2570.98,2101.04,3244.22,4693.13,5072.83,5053.94,3651.9,4388.87,2915.81,3733.67,3459.37,4728.57,3693.93,3767.12,3801.27
GB00B63H8491,ROLLS-ROYCE HOLDINGS,5213.85,4642.29,3877.64,2782.65,5288.25,8084.29,12907.27,15609.81,19779.22,8839.86,14476.32,18257.33,21720.51,26584.36,39706.53,25537.25,15582.6,15177.61,21089.16,20039.32,17476.84,12724.87,13926.58,9380.93,32156.61,60564.6
GB00B63QSB39,GREGGS,367.87,433.62,539.09,630.88,676.1,852.72,983.9,939.32,995.0,502.36,730.49,736.44,795.46,746.51,721.26,1154.56,1959.09,1212.44,1914.37,1631.02,3079.47,2481.73,4605.54,2881.13,3391.85,3567.89
GB00B67G5X01,WORKSPACE GROUP,205.98,254.35,293.88,272.03,426.56,705.81,898.92,1694.99,943.8,154.79,431.56,424.12,505.53,711.45,1273.39,1921.03,2294.28,1597.1,2220.31,1822.92,2844.49,1903.76,1983.44,1024.9,1389.53,1181.54
GB00B6XZKY75,BARR (AG),131.61,107.17,129.32,130.49,210.77,299.85,317.57,441.83,416.45,362.35,561.61,665.46,733.74,940.12,1094.63,1074.22,917.32,723.59,1040.84,1145.0,861.19,794.79,786.0,718.27,732.64,854.46
GB00B7KR2P84,EASYJET,,1586.13,1997.55,1750.17,2066.58,1438.96,2598.32,4974.77,5138.75,1705.98,2650.27,3234.16,2869.26,4927.35,10089.25,10349.28,10181.39,4930.05,7866.4,5590.01,7495.74,5182.14,5708.37,2959.74,4928.19,5316.26
GB00B82YXW83,VESUVIUS,2921.2,1897.09,1019.16,616.69,1354.78,1291.9,1388.83,2376.53,2949.2,387.45,1884.41,2849.95,2186.67,1566.04,2290.91,1886.94,1331.54,1324.75,2142.61,1749.54,1796.45,1989.0,1653.79,1318.67,1659.57,1360.02
GB00B8C3BL03,THE SAGE GROUP,14855.18,5833.18,4236.74,2727.81,4024.47,4977.22,5692.45,6870.65,5973.05,3200.79,4908.48,5647.01,6322.15,6062.69,7335.54,7818.99,9598.2,8741.99,11672.6,8315.18,10826.39,8720.04,11798.94,9185.13,15327.69,16048.81
GB00BDCPN049,COCA COLA EUROPACIFIC PARTNERS,8562.68,7947.91,8423.37,9760.48,9948.7,9783.35,9077.26,9757.67,12626.21,5869.83,10365.3,8479.82,8043.78,9344.53,11458.02,10689.49,11175.12,15156.49,19310.11,21775.08,23221.18,22654.98,25517.22,25275.04,30637.72,35405.34
GB00BGLP8L22,IMI,1514.53,1243.27,1376.17,1502.94,2133.22,2681.83,2948.82,3343.3,2526.71,1249.57,2681.98,4745.67,3792.17,5733.33,7832.3,5352.44,3452.93,3495.06,4905.37,3271.41,4251.52,4335.17,6129.33,4040.64,5613.01,5840.36
GB00BH4HKS39,VODAFONE GROUP,153784.3,236831.31,178180.83,124282.73,168737.16,177746.26,132756.97,146132.16,198564.3,104866.15,122078.25,135254.84,139492.44,123270.48,190243.71,92032.28,86498.48,65729.61,84768.86,52032.73,52048.23,44361.79,41324.91,27670.79,23666.58,21820.05
GB00BMJ6DW54,INFORMA,1145.48,1055.82,496.89,345.65,871.77,2170.39,3138.81,4945.51,3902.97,1505.12,3096.58,3833.92,3375.23,4398.85,5724.87,4763.84,5863.19,6923.63,8045.15,10047.22,14211.8,11272.88,10517.41,10572.52,13623.86,13301.33
GB00BRB37M78,DIGNITY DEAD - DELIST.25/05/23,,,,,,496.87,625.24,798.28,914.57,547.64,624.76,617.24,698.65,970.19,1272.25,1463.6,1861.07,1518.65,1230.0,443.61,387.92,434.18,399.81,249.82,351.74,345.56
GB00BV9FP302,COMPUTACENTER,2941.99,914.27,930.57,832.63,1588.69,1060.34,832.23,835.87,596.73,198.01,618.82,934.78,800.22,1055.75,1468.06,1271.27,1540.29,1212.79,1913.59,1462.42,2680.93,3819.5,4498.82,2820.28,4062.56,2826.19
GB00BVFNZH21,ROTORK,434.9,349.46,419.32,406.38,562.8,682.69,987.64,1410.06,1664.49,984.37,1657.21,2476.46,2600.25,3591.19,4129.4,3152.76,2342.08,2592.41,3146.5,2748.65,3872.31,3798.6,4162.1,3174.6,3552.67,3326.3
GB00BWFGQN14,SPIRAX GROUP,536.2,389.16,403.95,493.64,722.69,934.85,1165.84,1476.41,1330.08,991.8,1529.3,2336.09,2260.96,2878.88,3739.12,3398.99,3551.0,3801.17,5592.36,5850.15,8684.02,11365.51,16035.96,9399.39,9879.93,6333.82
GB00BYQ0JC66,BEAZLEY,,,,362.05,379.99,598.89,585.04,982.16,1177.71,680.98,860.35,950.08,1081.4,1493.8,2346.16,2341.6,3002.72,2505.89,3799.83,3384.31,3901.89,3034.91,3847.84,5486.22,4475.4,6534.33
GB00BYRJ5J14,PRIMARY HEALTH PROPS.,28.59,29.67,33.02,40.21,70.25,114.32,158.06,254.32,227.15,140.28,71.7,82.35,84.48,107.53,161.47,160.5,715.33,822.3,978.32,1087.17,2578.07,2747.79,2733.27,1781.3,1768.51,1561.68
GB00BYT1DJ19,INTERMEDIATE CAPITAL GP.,471.26,829.53,649.21,808.9,1299.81,1444.84,1662.13,2327.88,2319.85,792.06,1719.14,2066.53,1657.63,2404.06,3264.4,3232.52,3012.78,2509.2,4498.53,3457.55,6194.57,6940.85,8634.24,4012.33,6225.8,7520.08
GB00BZ4BQC70,JOHNSON MATTHEY,2435.17,3495.47,3031.81,2813.76,3931.91,4190.11,5321.66,6048.57,8038.14,3379.72,5307.5,6849.85,6125.39,7914.3,11132.15,10854.02,8024.89,7609.42,8050.42,6899.09,7681.25,6415.35,5354.18,4693.78,3969.88,2816.7
IE0001827041,CRH PUBLIC LIMITED,,,,,10888.5,14563.38,15788.34,22266.99,18728.23,13302.04,19268.84,14608.51,14595.25,14528.93,18295.34,17407.63,23796.28,28686.45,30787.79,20347.02,31600.95,33684.66,40729.57,28747.12,47956.09,62663.02
IE0002424939,DCC,668.01,881.29,914.46,885.46,1125.91,1818.04,1745.18,2758.76,2318.18,1194.44,2331.82,2659.13,2021.55,2726.36,4121.75,4654.62,7383.52,6624.99,9007.75,7489.06,8530.15,6976.14,8081.5,4846.28,7280.82,6370.76
IE0003864109,GREENCORE GROUP,418.49,499.71,449.4,501.13,834.05,780.75,780.29,1204.35,1379.93,263.72,6.45,5.59,309.72,650.38,1491.57,1818.94,2146.59,2138.5,2198.37,1604.53,1583.23,710.5,923.57,394.37,585.87,1078.4
IE0004906560,KERRY GROUP 'A',2020.54,2221.01,2235.22,2481.37,3489.85,4467.28,4129.1,4606.93,5530.37,3188.26,5168.71,5873.9,6449.07,9276.35,12226.99,12140.76,14580.54,12605.45,19778.32,17432.06,22013.65,25620.0,22775.86,15912.19,15275.27,16071.32
IE0004927939,KINGSPAN GROUP,500.72,600.29,492.85,280.13,873.66,1586.52,2112.8,4493.46,2593.97,719.58,1429.95,1670.66,1378.08,1842.78,3046.06,2980.77,4674.86,4846.91,7842.69,7707.9,11063.06,12755.42,21657.58,9809.73,15766.42,13274.3
IE00B4BNMY34,ACCENTURE CLASS A,,,10632.91,7397.88,13277.61,15462.76,16543.08,21758.07,21555.48,19915.03,26245.57,31063.97,34450.91,43230.16,52373.26,56098.2,65617.0,72928.56,94405.63,89886.56,138333.1,172695.0,272911.9,175684.4,233885.4,220037.6
IE00B8KQN827,EATON,5345.2,5481.16,5156.61,5506.75,8206.48,10991.48,9929.32,11195.86,14135.31,8197.18,10548.19,17084.13,14547.72,25211.03,36118.94,32253.82,24084.11,30304.55,34811.8,29757.24,39157.25,47887.77,68886.0,62418.98,96159.38,131155.1
IE00BDB6Q211,WILLIS TOWERS WATSON,,,3391.36,4128.68,5259.84,6355.96,5702.92,6242.13,5425.95,3526.09,4440.78,5908.71,6733.84,5806.69,8014.76,8007.59,8753.0,16721.35,19896.93,19578.03,25987.64,27157.79,29592.72,26472.77,24906.41,31263.16
IE00BGH1M568,PERRIGO,586.77,608.78,869.77,880.52,1100.6,1229.92,1392.77,1602.46,3272.49,2981.21,3725.97,5841.18,9067.57,9776.74,20563.64,23532.28,21184.38,11933.05,12275.68,5264.44,7031.42,6103.89,5203.8,4589.87,4360.6,3507.56
IE00BJ3V9050,ENDO INTERNATIONAL DEAD - DELIST.02/05/24,,534.83,1040.25,686.28,2551.06,2770.15,4015.98,3682.15,3576.77,3015.75,2406.16,4127.73,4034.35,2992.73,7750.41,11152.84,13863.22,3670.78,1730.68,1637.72,1063.58,1653.5,878.6,16.65,0.12,0.14
IE00BLS09M33,PENTAIR,1854.81,1176.72,1791.11,1701.03,2256.48,4387.4,3492.84,3132.71,3462.58,2326.22,3186.57,3592.92,3281.26,10131.64,15328.65,12117.8,8937.96,10153.9,12824.39,6474.11,7719.61,8816.31,12057.17,7399.14,12018.88,16587.2
IE00BTN1Y115,MEDTRONIC,43520.41,72424.69,61996.15,55398.73,58918.5,60037.36,69636.31,61597.08,56838.18,35134.63,48582.53,39815.25,40366.79,41485.88,57295.3,71067.56,108161.4,97802.06,109295.0,121940.3,152065.9,157672.8,139125.9,103381.6,109536.8,102428.9
IE00BWB8X525,PERMANENT TSB GHG.,2749.24,3467.38,2831.09,2907.58,4350.92,5054.75,5501.11,7486.61,4761.59,604.06,1310.44,401.02,1137.97,1040.19,2264.96,2740.29,2272.68,1323.67,1228.46,790.05,582.89,479.57,827.32,1053.95,1024.59,812.64
IE00BY7QL619,JOHNSON CONTROLS INTL.,66300.38,97050.0,117582.4,34077.55,52975.9,71894.63,58096.8,60461.09,19619.45,10215.32,16936.3,20282.49,21579.07,13622.23,19096.02,18353.89,13481.68,38583.41,35268.33,27061.93,31404.5,33726.86,57144.61,43949.01,39234.03,52140.68
IE00BYTBXV33,RYANAIR HOLDINGS,1779.09,3784.93,4579.08,5263.66,6270.04,5382.62,7534.18,10624.01,10176.27,6105.94,6987.53,7532.95,6895.57,9016.24,11994.15,16460.08,21512.75,18883.6,21376.13,13927.75,18113.61,22424.09,19650.49,14818.84,24011.24,21340.08
IL0002300114,BEZEQ ISRAELI TELECOMMUNICATION,3898.28,4211.36,3257.78,2346.14,2765.59,3096.51,3341.94,4264.73,4845.94,4276.2,6725.03,8283.91,5038.69,3118.3,4628.86,4899.38,6083.57,5245.49,4166.18,2701.26,2221.85,2755.32,4566.18,4753.66,3803.41,3943.28
IL0002730112,NICE,573.44,247.28,212.21,109.18,402.41,544.48,846.09,1523.8,2029.0,1334.64,1918.53,2191.74,2165.31,2021.45,2506.82,3076.06,3497.95,4155.55,5614.61,6656.7,9634.95,17584.12,19301.02,12243.68,12750.79,10718.35
IL0002810146,ICL GROUP,1318.32,1489.79,1292.19,1225.0,1698.29,2957.01,4941.97,7950.95,16391.21,8816.33,16708.39,21870.77,13290.24,15222.52,10607.18,9239.18,5180.98,5329.59,5136.89,7263.59,6023.7,6524.8,12381.85,9298.29,6509.96,6373.79
IL0005760173,ISRAEL CORPORATION LTD.,700.2,1037.11,673.31,443.78,921.87,1519.87,2799.55,3818.67,8118.32,1745.75,5599.07,9558.13,4781.64,5024.19,4052.17,3671.72,1397.01,1304.2,1292.82,2044.74,1597.43,1469.3,3326.82,2706.83,1943.42,1983.91
IL0005930388,FIRST INTL.BK.OF ISR.,398.14,396.92,386.34,152.37,350.56,419.81,611.33,780.65,802.4,414.62,988.04,1537.74,913.37,1465.25,1666.67,1286.53,1184.55,1465.08,2081.37,2110.36,2901.58,2660.43,4174.5,3952.38,4176.57,4939.84
IL0006046119,LEUMI LTD.,2971.37,3287.68,2740.6,1476.15,2677.23,3905.52,5431.17,5799.86,6870.89,3082.08,6788.13,7676.69,4296.84,5003.86,6019.86,5066.51,5113.31,6268.15,9215.78,9033.35,10671.78,8552.31,15614.72,12823.93,12475.78,17890.0
IL0006625771,BANK HAPOALIM B M LTD.,3883.84,3612.68,2688.35,2125.62,3068.09,4234.2,5880.91,5893.94,6295.37,2823.78,5781.96,6964.25,4420.3,5641.52,7396.55,6255.08,6866.34,7921.0,9830.09,8441.0,11074.95,9149.26,13783.59,12017.8,12218.01,16017.19
IL0006954379,MIZRAHI TEFAHOT LTD.,620.93,735.05,635.11,493.29,721.13,926.42,1281.91,1632.61,1728.69,1147.68,2045.37,2491.3,1797.31,2342.45,3004.14,2424.91,2771.07,3412.29,4300.97,3942.79,6256.09,5898.16,9888.78,8300.89,10212.84,11178.16
IL0010811243,ELBIT SYSTEMS,401.66,490.18,725.74,621.22,712.61,1105.02,1037.5,1351.32,2519.94,1924.97,2737.04,2314.59,1757.41,1715.07,2563.36,2610.4,3764.48,4390.58,5703.66,4905.15,6654.4,5824.2,7664.08,7192.61,9544.63,11632.89
IL0010824113,CHECK POINT SFTW.TECHS.,7210.25,19381.52,9091.45,2956.03,4202.79,6139.66,5000.47,5464.13,4799.42,3988.69,7084.28,9641.25,10950.1,9481.73,12400.75,14441.16,14233.48,14772.17,17198.33,15949.81,16892.5,18228.86,15043.89,16282.93,17875.48,20533.73
IL0010841281,DELEK GROUP,343.89,794.25,719.52,499.09,831.48,811.15,1420.91,1990.59,2638.42,372.65,2315.78,2814.2,2156.88,2660.52,4485.2,2966.66,2402.52,2601.21,1936.49,1718.92,1821.14,534.44,1498.88,2013.96,2387.4,2392.27
IL0011015349,CELLCOM,,,,,,2606.79,2606.79,2606.79,3136.0,2166.99,3116.67,3286.0,1664.79,819.88,1371.82,877.66,626.47,819.76,1037.47,687.21,468.65,738.07,917.25,862.58,685.97,944.14
IT0000062072,GENERALI,33733.67,49760.88,34809.4,26237.26,33798.82,43306.17,44431.73,56056.51,63875.77,38203.92,42037.34,29678.82,23504.66,28203.38,36685.82,32026.35,28616.62,23231.44,28505.63,26121.88,32414.06,27498.85,33496.48,28138.94,32908.41,44316.78
IT0000062957,MEDIOBANCA BC.FIN,5807.99,6761.28,8720.56,6404.94,8445.33,12661.61,15158.23,19286.53,16908.95,8224.73,10272.11,7693.58,4970.02,5293.0,7547.0,7075.39,8400.76,7138.74,10041.43,7479.23,9773.99,8185.27,9941.48,8142.7,10520.46,12144.58
IT0000066123,BPER BANCA,2569.27,2215.0,1832.38,2009.95,2985.2,3523.11,3761.59,5738.85,5903.1,3439.88,3807.2,3182.3,2087.91,2294.27,3192.5,3182.87,3680.96,2568.76,2433.13,1850.85,2619.95,2567.88,2929.85,2899.04,4732.84,9029.67
IT0000072618,INTESA SANPAOLO,18749.79,24144.3,14685.58,12477.15,23131.3,28463.68,31583.9,46404.13,93721.03,41796.72,53551.2,32269.28,26038.91,26568.8,38322.04,46441.0,53202.7,40582.39,52751.68,38825.65,46160.13,45470.71,50246.91,42113.26,53389.69,71216.02
IT0000784154,CATTOLICA ASSICURAZIONI DEAD - DELIST.12/08/22,,1346.94,924.13,1098.57,1744.27,2184.92,2433.96,2813.99,2615.54,1798.75,1841.46,1380.1,1013.9,874.58,1533.91,1207.43,1389.77,1023.97,1894.04,1415.59,1422.37,978.0,1503.53,1645.04,1702.69,1596.04
IT0000784196,BANCA PPO.DI SONDRIO,1089.46,1172.07,1286.15,1537.35,2106.5,2857.03,3177.88,4214.24,4595.21,2797.14,3163.25,2542.34,2484.12,1779.49,1778.34,1698.53,2044.98,1495.84,1657.19,1364.1,1072.84,1220.43,1906.65,1829.09,2934.95,3821.51
IT0001137345,AUTOGRILL DEAD - DELIST.24/07/23,3187.87,3128.86,2358.08,1980.77,3638.83,4249.62,3471.98,4672.95,4333.0,1899.04,3219.22,3607.37,2490.06,2913.05,2152.46,1923.99,2437.53,2303.6,3512.97,2140.36,2664.38,1702.66,2734.86,2655.47,3007.14,2818.78
IT0001233417,A2A,7181.93,5289.63,3630.31,2387.5,3346.67,4134.77,3418.5,6011.12,8256.83,5535.22,6589.4,4324.76,2954.64,1806.29,3671.73,3174.95,4267.85,4064.45,5800.84,5631.56,5880.04,5000.52,6127.89,4162.86,6433.72,6958.54
IT0001347308,BUZZI,1029.66,889.68,841.58,932.55,1546.06,2268.34,2441.16,4457.72,4571.31,2661.66,2675.94,1894.35,1451.01,2297.76,2987.13,2102.86,2981.78,3925.79,4467.29,2839.93,4166.92,3945.12,4156.54,3700.52,5860.23,7096.83
IT0001469383,ARNOLDO MONDADORI EDI.,4060.71,2409.9,1639.14,1605.21,2326.6,2993.7,2403.77,2709.37,2131.58,1255.9,1152.91,922.29,432.87,364.58,476.83,276.99,295.11,322.93,653.65,511.08,604.6,483.06,606.55,504.52,619.53,573.96
IT0003128367,ENEL,50569.68,47132.49,34173.4,31556.4,41220.52,59979.04,48188.31,63644.42,73551.78,38891.98,54605.27,47179.56,38378.36,38904.24,41128.13,42055.25,39757.64,44909.18,62626.1,58619.94,80708.2,102949.32,81462.34,54578.58,75583.93,72491.86
IT0003132476,ENI,43799.79,51087.24,50163.83,63617.56,75532.93,100255.96,110697.97,134574.54,146687.98,93204.82,102288.19,87799.58,83244.07,87875.36,87588.17,63808.64,54481.7,59298.88,60220.58,57113.35,56484.28,37710.77,50105.26,50642.92,57237.64,44519.56
IT0003153415,SNAM,,,5170.05,6667.19,8285.48,11374.71,8010.98,11084.03,12498.76,10769.74,17776.89,17820.16,15789.85,15667.15,18947.13,17367.47,18367.89,14451.64,17150.07,15144.34,17857.39,18920.23,20256.36,16238.13,17282.45,14884.45
IT0003242622,TERNA RETE ELETTRICA NAZ,,,,,,5735.79,4918.84,6771.16,8064.83,6494.66,8612.18,8496.66,6794.48,8013.78,10059.8,9145.08,10384.87,9226.41,11691.16,11380.32,13433.83,15370.88,16260.87,14801.95,16772.86,15859.63
IT0003497168,TELECOM ITALIA,13607.6,11740.21,9343.68,9021.69,30537.36,42201.71,38797.92,40405.24,41570.57,21390.55,20886.97,17393.56,14473.45,12081.81,13330.34,14377.13,17231.92,13421.7,13153.03,8399.26,9495.47,7078.69,7569.24,3538.82,4982.02,3914.38
IT0003506190,ATLANTIA DEAD - DELIST.09/12/22,8017.45,7830.72,8217.27,11771.7,10030.37,15308.19,13662.9,16426.93,21673.31,10410.95,14969.4,12297.16,10121.53,11928.19,18559.63,19315.39,21978.46,19388.35,26098.26,17057.54,19271.59,14867.94,16391.61,20261.94,20972.07,19658.44
IT0003856405,LEONARDO,3978.02,9584.09,7275.65,4670.33,6606.65,7649.63,8155.03,11494.38,13655.35,8752.07,9281.87,6596.51,2144.98,3317.35,4385.78,5411.36,8102.06,8134.78,6886.7,5074.35,6781.93,4180.73,4142.06,4973.38,9538.53,15523.39
IT0004810054,UNIPOL GRUPPO FINANZIARIO,705.51,885.27,954.07,1348.43,2423.46,2646.05,4078.73,5257.68,5095.24,2232.03,2037.22,1308.88,684.78,889.78,2657.76,2213.5,3713.15,2591.13,3368.54,2885.31,4117.12,3432.47,3899.22,3490.24,4091.28,8937.48
IT0004827447,UNIPOLSAI DEAD - DELIST.03/07/24,1366.57,1219.87,767.51,740.33,2654.78,3469.63,4306.09,6421.19,5162.74,2214.93,1984.21,1046.23,295.42,1151.81,2975.99,6151.64,7128.54,6058.81,6615.58,6393.39,8226.96,7513.23,7980.49,6952.22,7064.59,7413.22
JE00B8KF9B49,WPP,12208.17,15581.28,13230.93,8840.78,11659.35,13039.92,13518.99,16476.29,15316.93,7251.03,12340.85,15593.97,13229.98,18353.12,30795.63,27645.59,29827.14,28741.01,23054.23,13605.36,17764.83,13399.75,17497.73,10566.06,10317.63,11178.93
LU0075646355,SUBSEA 7,262.72,247.36,618.57,95.82,172.1,1238.89,2235.67,3754.52,4353.36,1085.85,3092.98,4796.31,6543.12,8350.44,6732.18,3391.43,2331.89,4156.88,4922.91,3186.26,3583.02,3077.79,2149.39,3442.8,4440.5,4750.94
NL0000008977,HEINEKEN HOLDING,5420.4,6536.11,5301.73,5398.64,6616.39,7310.43,7173.24,9950.84,13873.31,6951.39,10276.72,12567.66,11822.81,15734.99,18251.68,18099.29,22215.75,20093.31,28529.77,24282.39,27934.97,27154.05,26580.41,22148.65,24372.62,17253.8
NL0000009082,KPN KON,46466.49,13853.19,11460.66,16206.07,19228.99,23666.35,21494.3,27388.58,33527.82,24736.73,27669.35,23037.89,17732.22,7013.5,13787.16,13579.52,16199.17,12674.4,14675.63,12299.14,12412.54,12789.2,13047.91,12452.78,13596.43,14154.64
NL0000009165,HEINEKEN,15221.34,18974.67,14864.94,15301.0,14926.52,16336.25,15477.87,23278.81,31676.6,14916.26,23384.38,28351.2,26746.34,38328.24,38956.33,41087.87,49289.02,43293.2,60124.73,50831.5,61373.19,64289.25,64756.02,54024.4,58501.17,40975.53
NL0000009538,PHILIPS ELTN.KONINKLIJKE,45889.0,48212.93,39116.19,23062.61,38429.24,34899.34,40750.7,46311.66,49322.2,18694.53,28851.3,30319.74,21323.37,25105.98,34434.68,27318.07,23831.46,28435.74,35634.31,32747.19,43807.57,48802.66,32934.28,13291.78,21277.74,23748.33
NL0000226223,STMICROELECTRONICS,44233.16,38704.68,28494.98,17650.2,24435.07,17649.26,16242.35,16886.22,13042.28,6048.64,8391.34,9451.36,5426.71,6444.39,7327.74,6831.33,6114.09,10353.71,19916.86,13003.88,24517.13,33759.48,44940.77,32090.49,45546.91,22906.32
NL0000235190,AIRBUS,,17929.57,9827.63,8384.49,19327.34,23536.25,30725.65,28072.98,25977.9,13625.19,16491.78,19099.72,25714.32,32171.99,60204.9,39264.69,52894.51,51225.62,77195.13,74512.89,114709.19,86139.48,100442.07,93393.26,122056.28,126981.05
NL0000289213,WERELDHAVE,775.7,866.9,829.29,1105.49,1474.15,2259.71,1952.51,2765.0,2270.2,1819.97,2036.11,2102.21,1444.05,1372.0,1707.92,2415.5,2261.76,1816.26,1934.24,1251.68,909.53,530.19,586.19,536.39,700.86,625.16
NL0000337319,BAM GROEP KON.,127.09,180.75,196.99,206.81,385.36,920.64,2046.81,2397.28,2983.6,1204.63,1406.27,1429.3,985.78,1027.59,1404.5,844.73,1510.25,1258.6,1264.7,790.08,840.55,582.89,854.72,647.1,758.7,1234.7
NL0000360618,SBM OFFSHORE,1004.83,1321.83,1466.68,1682.05,1728.46,2131.72,2771.91,4823.67,4524.62,1891.69,3249.59,3769.9,3543.05,2622.16,4257.27,2481.86,2681.48,3358.24,3622.95,3038.75,3699.8,3593.18,2690.48,2826.82,2484.81,3097.23
NL0000379121,RANDSTAD,5540.27,1698.8,1538.05,1037.31,2804.4,4549.45,5006.02,8005.2,4605.15,3429.14,8490.03,9010.93,5072.98,6308.06,11528.34,8730.78,11438.14,9947.54,11275.75,8400.29,11201.74,11940.79,12560.23,11183.22,11332.78,7624.46
NL0000395903,WOLTERS KLUWER,9355.1,7638.11,6445.28,4927.07,4424.07,5975.87,6132.82,8871.04,10265.63,5403.48,6427.26,6570.81,5229.79,6159.56,8630.19,9260.65,10155.33,10960.2,15157.26,16518.27,19926.54,22604.8,30927.95,26868.36,35332.05,39615.55
NL0006237562,ARCADIS,155.37,162.68,168.8,169.0,238.96,380.43,652.66,1271.36,1427.69,809.15,1537.03,1581.1,1128.37,1746.29,2641.54,2507.12,1692.55,1210.08,1999.93,1084.71,2109.66,2992.27,4354.68,3542.52,4879.57,5506.7
NL0009432491,KONINKLIJKE VOPAK,1252.26,1113.15,857.77,782.67,1136.9,1299.45,1885.86,2930.85,3542.58,2343.95,5089.54,6062.33,6774.83,8985.06,7490.2,6664.73,5509.07,6050.69,5613.52,5798.48,6935.29,6614.04,4404.14,3724.04,4228.2,5184.86
NL0010273215,ASML HOLDING,15374.09,9513.79,8114.14,4026.81,9560.92,7763.11,9653.61,12053.64,13657.35,7643.89,14850.41,16720.89,18182.11,26570.46,41893.44,47388.05,38860.02,49405.11,75200.59,67649.46,125999.56,204054.05,326665.88,218558.11,303586.84,280821.28
NL0010583399,CORBION NV C,1751.38,2114.27,1769.73,1747.84,1795.73,2519.22,2128.55,2801.4,2240.14,991.63,1712.99,2318.82,1060.55,1497.44,1526.65,1037.15,1452.18,1606.77,1920.7,1656.47,1870.02,3345.27,2791.84,2013.19,1268.31,1325.05
NL0011794037,KONINKLIJKE AHOLD DELHAIZE,18865.61,25095.06,26753.22,11673.49,11828.49,12035.56,11611.7,16532.98,17668.16,14563.52,15834.76,15791.24,14869.85,14177.37,19079.61,15968.47,17652.36,27069.41,27449.86,29870.53,27547.54,31124.54,37721.18,28465.84,27369.26,30014.9
NL0011821202,ING GROEP,58086.1,78078.28,50250.85,33748.34,48082.67,65746.05,76202.48,97666.43,87064.46,21003.3,37921.18,37407.2,27645.23,35658.05,53448.37,50561.56,52337.91,54693.84,71504.55,41861.82,46750.13,36468.11,54350.61,45292.7,52269.54,49309.78
NO0003028904,SCHIBSTED A,1283.82,852.03,667.85,719.71,1191.85,1966.6,2055.65,2480.22,3003.45,820.86,2432.37,3195.99,2694.68,4570.33,7142.24,6823.74,3565.39,2485.62,3097.76,3617.08,3260.79,4620.64,4028.76,1967.04,2966.49,3116.01
NO0003053605,STOREBRAND,2106.51,1967.07,1609.87,1042.59,1808.08,2686.91,2393.08,3181.74,4698.06,1076.25,3081.02,3378.69,2344.55,2168.22,2810.61,1752.22,1776.49,2400.16,3826.32,3330.11,3674.46,3507.79,4737.78,4091.64,4127.08,4780.56
NO0003054108,MOWI,224.33,874.68,217.65,16.23,121.89,154.26,427.02,3179.08,2236.03,521.68,2618.3,3794.79,1551.76,3448.48,4995.39,5632.22,6081.56,8141.34,8329.92,10887.89,13429.03,11535.67,12238.3,8776.88,9267.12,8867.18
NO0003078800,TGS,249.36,290.75,339.76,192.59,339.57,648.31,1223.48,2204.55,1457.51,527.12,1887.85,2341.24,2296.22,3373.24,2743.8,2225.38,1631.61,2274.64,2429.97,2475.16,3614.32,1818.06,1126.43,1673.99,1708.92,1959.74
NO0003733800,ORKLA,3764.5,4325.99,3715.5,3734.4,4790.85,7028.33,8597.89,11809.14,20187.39,6678.7,10125.81,10037.09,7698.06,8879.83,7947.39,6951.38,8069.59,9256.87,10844.14,8006.29,10138.2,10175.74,10034.4,7211.61,7774.23,8672.01
NO0005052605,NORSK HYDRO,11145.29,11276.34,11175.95,11948.78,16449.93,20787.76,26502.17,40238.39,18503.98,4954.69,10456.62,11884.39,9617.02,10365.04,9231.74,11711.6,7744.09,9927.11,15771.7,9368.7,7685.21,9632.15,16311.16,15399.37,13747.79,11062.82
NO0010063308,TELENOR,,7847.41,7758.18,6895.78,11795.78,15888.87,17126.32,31641.58,40151.04,10962.46,23260.62,27039.74,26435.12,31450.02,36147.79,30339.38,25156.11,22501.72,32289.47,28463.3,25845.89,23847.4,21995.72,13012.95,16067.49,15289.15
NO0010096985,EQUINOR,,,15013.4,18489.49,24601.91,34344.2,50121.73,58112.51,99243.83,51868.36,79925.99,76034.11,82014.17,79641.5,77260.79,55798.29,44562.03,59715.77,71181.63,70847.07,66679.87,55150.99,87146.95,113402.77,95261.57,65262.23
NO0010112675,REC SILICON,,,,,,7609.14,7609.14,9047.93,25125.96,4553.4,5149.63,3051.94,554.72,406.42,931.34,550.56,515.29,336.9,429.19,173.32,85.28,700.29,757.22,597.14,579.85,133.11
NO0010199151,PGS DEAD - DELIST.02/07/24,1807.4,1346.3,800.79,38.34,781.63,1249.87,1843.09,4235.22,5229.41,710.79,2279.29,3404.25,2388.59,3731.62,2565.05,1229.95,983.88,1148.57,689.22,461.78,662.73,237.25,166.75,647.24,805.77,758.88
NO0010208051,YARA INTERNATIONAL,,,,,,4206.21,4635.09,6897.67,13505.13,6194.13,13309.86,16770.95,11568.02,13982.54,11981.24,12297.99,11899.75,10791.96,12583.05,10522.69,11321.07,11148.7,12854.27,11134.4,9059.61,6746.44
PTBCP0AM0015,BANCO COMR.PORTUGUES 'R',5523.64,10836.97,9426.4,5566.61,7272.37,8367.84,8952.69,13333.6,15416.85,5318.61,5691.41,3665.39,1272.4,1948.71,4518.83,4308.51,3136.26,1067.08,4936.36,3965.09,3440.67,2278.32,2421.73,2361.54,4581.4,7272.69
PTEDP0AM0009,EDP ENERGIAS DE PORTUGAL,10423.74,9914.28,6517.82,5005.31,7908.59,11082.96,11214.23,18514.98,23895.88,13698.41,15591.36,11684.52,10852.73,8865.14,11360.59,12023.53,11139.72,11161.38,12667.04,12744.39,15860.02,25018.13,21791.13,19706.34,21053.19,13391.72
PTJMT0AE0001,JERONIMO MARTINS,2431.43,986.15,786.48,696.39,1264.73,1659.33,1885.43,2821.32,4968.12,3472.85,6306.44,9624.03,10448.27,12113.42,12326.76,6346.93,8200.08,9783.63,12237.51,7438.15,10359.33,10641.06,14384.16,13553.43,16016.62,12022.44
PTSON0AM0001,SONAE SGPS,2878.63,2253.25,1442.47,839.47,1664.97,2908.67,2783.8,3982.26,5789.5,1214.94,2496.4,2092.78,1191.69,1811.54,2891.04,2478.2,2276.97,1843.7,2704.13,1851.85,2043.0,1618.77,2281.22,1995.8,1998.36,1892.87
PTZON0AM0006,NOS SGPS,4525.96,1986.85,1089.68,1649.65,3047.65,3943.03,3518.42,3978.01,4315.61,1594.08,1923.75,1405.7,931.7,1210.35,3833.42,3263.98,4055.14,3063.5,3390.49,3118.17,2775.76,1801.48,1997.71,2080.51,1821.08,1776.36
SE0000106270,HENNES & MAURITZ B,24364.38,11300.79,15108.43,14081.44,17356.89,25442.18,24777.09,36927.76,44465.31,28214.23,40648.76,48668.59,47152.69,50407.16,67364.02,60753.91,52341.41,40742.96,30203.67,20762.1,29722.08,30591.51,28730.01,15734.47,25154.19,19109.58
SE0000108227,SKF B,1564.81,975.33,1268.26,2112.69,3531.65,4315.25,5668.66,7498.97,6876.05,3981.73,7096.18,11697.35,8758.98,10353.31,10947.76,8798.81,6819.69,7730.99,9353.04,6399.52,8556.27,11016.9,10065.32,6506.0,8510.01,8010.83
SE0000108656,ERICSSON B,114782.13,82645.03,40261.32,10723.79,27746.15,47595.63,50848.3,59896.22,34815.74,22192.01,27795.77,35008.47,30927.24,30454.25,37196.67,36679.18,29708.62,18075.89,20207.49,27002.59,26768.97,36527.91,33863.5,17957.51,19302.7,25107.02
SE0000111940,RATOS B,502.97,499.67,526.08,646.88,926.91,1283.6,1464.01,2826.37,3241.07,2031.84,3096.88,4435.18,2821.15,2300.99,2168.46,1440.1,1387.2,1137.33,1048.41,628.89,855.06,1122.19,1532.97,960.69,865.96,688.53
SE0000112724,SVENSKA CELLULOSA AKTIEBOLAGET SCA B,4960.51,3585.23,5097.86,6421.99,7787.13,8302.25,7336.42,10312.89,10491.36,5015.29,8048.65,9536.62,9054.13,13260.93,19042.67,13356.7,18644.62,18141.06,6585.93,4943.29,6472.24,11128.06,11323.3,8076.42,9564.31,8117.94
SE0000113250,SKANSKA B,3887.07,4330.63,2498.41,2240.92,3378.93,4680.48,6020.52,7813.31,7476.62,3881.76,6795.44,7918.9,6650.56,6529.18,8183.2,8579.24,7819.99,9472.51,8308.43,6364.18,9050.51,10219.16,10353.24,6338.2,7242.77,8431.47
SE0000114837,TRELLEBORG B,943.3,674.61,603.25,656.24,1318.86,1470.54,1722.31,1937.84,1695.16,492.83,1826.06,2565.41,2114.22,3003.51,4830.6,4090.26,4741.76,4787.55,5629.16,3812.65,4367.63,5390.42,6371.18,5605.94,7591.78,7299.99
SE0000148884,SKANDINAVISKA ENSKILDA BANKEN A,6795.64,7426.55,6134.24,5606.27,9926.12,13028.79,13842.11,21073.15,16977.27,5093.27,13475.84,18108.15,12690.29,18429.72,28651.64,27595.72,23011.39,22823.77,25523.48,21073.95,20418.21,22327.48,30163.69,24803.48,29140.85,29001.25
SE0000163594,SECURITAS B,6114.11,6290.66,6521.37,4122.35,4690.26,5968.43,5770.48,5402.04,4844.74,2826.71,3413.34,4070.25,3014.62,3032.36,3702.57,4197.72,5364.88,5491.83,6085.1,5582.21,6000.53,5623.78,4789.99,4560.63,5345.32,6770.54
SE0000163628,ELEKTA B,67.47,76.31,247.07,310.67,596.01,875.46,1353.02,1900.37,1478.92,874.42,2123.72,3486.79,3971.42,5744.68,5644.09,3752.54,3152.15,3270.08,3050.0,4379.81,4856.88,4957.09,4663.42,2221.53,3010.78,2039.88
SE0000171100,SSAB A,1265.7,781.35,728.19,880.92,1330.89,1794.26,2441.36,4573.96,6556.33,2070.32,4117.25,4046.89,2130.09,2092.91,1848.13,1772.67,815.79,1157.85,1668.14,1046.1,1067.45,1085.23,1761.84,1662.28,2314.46,1204.57
SE0000190126,INDUSTRIVARDEN A,2706.04,2715.04,1974.72,1541.0,2258.02,3424.83,3661.11,5337.18,4705.58,1944.15,3319.19,4789.47,3413.76,4577.71,5493.88,4892.17,5054.76,5319.65,6931.05,5541.62,6646.56,8918.26,8307.38,6344.93,8317.89,7537.96
SE0000202624,GETINGE B,476.28,505.34,772.19,962.04,1806.42,2345.66,2591.76,4225.51,5056.73,2629.35,4245.17,4660.81,5657.45,7520.52,7617.55,5050.93,5869.14,3576.4,3693.95,2290.45,4724.11,5944.85,11090.96,5275.97,5656.59,4175.96
SE0000242455,SWEDBANK A,7722.79,8083.1,6541.19,6239.2,10379.74,13144.83,14358.14,18715.54,14592.4,2893.6,9346.76,13287.24,12551.8,18568.44,31901.95,28270.41,25122.56,27450.87,27361.78,25249.0,16863.36,19865.17,22768.07,19262.34,22835.87,22364.98
SE0000379190,CASTELLUM,485.78,473.97,444.79,602.09,1015.99,1540.09,1545.32,2293.68,1789.75,1321.38,1746.55,2342.35,2140.26,2440.45,2680.83,2682.86,2462.6,3756.11,4618.16,5033.63,6420.7,7045.86,7466.09,4189.12,7004.44,5374.39
SE0000667891,SANDVIK,5909.89,6223.7,5536.62,5774.92,8916.95,10629.32,11030.24,17249.12,20419.42,7350.56,14354.9,23133.43,14613.74,19956.95,17714.48,12242.24,11017.87,15561.37,22015.96,17876.62,24475.27,30746.41,34997.11,22681.07,27146.78,22512.31
SE0000667925,TELIA COMPANY,,15426.58,13361.29,17599.16,24431.15,28000.55,25083.88,36911.96,42033.89,22088.9,32608.88,35601.24,29541.71,29326.73,36103.22,27878.14,21669.43,17497.42,19330.09,20503.03,18099.95,16911.09,15992.51,10463.96,10039.15,10914.54
SE0000695876,ALFA LAVAL,,,,897.13,1699.46,1806.48,2413.44,5042.63,6289.26,3665.16,5851.74,8895.5,7978.77,8723.83,10776.07,7946.3,7711.88,6962.75,9928.65,8972.6,10570.41,11558.21,16882.34,11960.07,16544.76,17304.74
SE0000806994,JM,614.13,728.92,634.49,564.48,413.46,808.76,1086.12,2238.8,1822.81,453.5,1436.74,1953.91,1364.69,1491.6,2255.51,2451.83,2253.26,2116.49,1622.12,1357.78,2062.0,2462.18,3147.84,1127.77,1136.11,974.35
SE0000862997,BILLERUD AKTIEBOLAG,,,422.84,684.05,873.25,949.6,695.89,945.77,548.85,143.0,795.65,908.34,894.61,1960.43,2634.12,2992.34,3882.54,3506.76,3573.12,2477.73,2461.22,3690.23,3925.75,3044.82,2536.27,2290.7
SE0000949331,NOBIA,,,,426.89,601.11,954.59,1166.85,2227.53,1551.95,372.4,1028.67,1570.98,626.47,714.06,1487.48,1561.88,2204.01,1637.23,1485.85,945.79,1269.78,1365.44,1025.09,348.12,185.88,234.97
SE0003366871,SAS DEAD - DELIST.14/08/24,627.18,672.46,1048.98,932.63,1554.63,1485.24,2159.96,2800.57,2112.51,788.39,1392.71,1101.1,383.94,397.0,845.22,638.82,952.2,506.86,995.3,897.57,624.08,1614.66,1023.64,320.36,18.39,1.71
SE0005190238,TELE2 B,6002.65,4769.04,4225.25,3324.44,6706.81,5186.07,4253.65,5930.79,8144.76,3548.32,6408.95,8777.47,8276.68,7627.56,4824.92,5161.26,4311.83,3877.46,5936.69,8482.14,9662.95,8830.49,9522.12,5474.33,5756.6,6756.02
SE0006993770,AXFOOD,190.51,301.81,596.24,989.64,1231.73,1814.05,1520.44,2257.39,2114.72,1111.32,1539.48,1962.81,1940.94,1975.97,2636.22,3126.66,3654.43,3308.17,4052.6,3591.01,4672.25,4901.4,6036.15,5949.93,5874.08,4592.28
SE0007100581,ASSA ABLOY B,4139.31,6516.83,4816.25,3942.3,4120.27,5922.2,5446.03,7550.0,6960.93,3880.47,6691.96,9773.81,8788.84,13131.13,18606.52,18634.92,22275.87,19638.57,21957.99,18820.06,24682.77,26014.62,32185.78,22651.16,30391.46,31204.79
SE0007100599,SVENSKA HANDELSBANKEN A,8140.51,11124.63,9541.96,8652.73,13278.53,16920.23,16088.26,19268.48,19746.57,9746.67,17494.63,19554.02,16166.77,22186.57,30696.51,29218.78,25066.46,26601.76,26159.61,21165.14,20962.26,19560.04,21020.49,19616.63,21121.14,20100.3
US0528001094,AUTOLIV,2983.5,1568.25,1988.35,2019.74,3557.92,4453.26,3953.31,4900.76,3999.69,1508.68,3689.59,7022.77,4775.39,6432.76,8665.92,9415.66,10990.68,9982.62,11050.01,6120.16,7364.4,8045.25,9046.7,6600.26,9158.07,7288.65
US70211M1099,PARTNER COMMS.ADR 1:1 DEAD - DELIST.22/09/23,4628.75,1050.97,1225.64,644.19,1429.71,1578.29,1277.97,1765.32,3473.58,2531.41,3145.35,3153.01,1375.91,930.76,1460.34,789.73,688.98,745.66,978.04,750.43,715.66,982.91,1479.48,1321.98,704.56,704.56
US8816242098,TEVA PHARMACEUTICAL INDUSTRIES ADR 1:1,4478.6,9369.55,7883.7,9893.57,15745.87,18696.29,27197.88,24637.91,37552.53,37818.71,51870.06,47823.54,38016.2,35232.78,37950.45,54998.75,66639.0,36770.51,19222.09,15701.92,10702.47,10581.34,8837.66,10128.23,11594.16,24476.55
