NAME,ISIN,1999,2000,2001,2002,2003,2004,2005,2006,2007,2008,2009,2010,2011,2012,2013,2014,2015,2016,2017,2018,2019,2020,2021,2022,2023,2024
RAIFFEISEN BANK INTL.,AT0000606306,,,,,,,,184.61,378.42,292.59,47.44,118.63,156.15,102.22,112.37,122.61,39.82,39.67,70.42,138.08,82.03,83.06,69.21,108.36,61.58,78.47
ERSTE GROUP BANK,AT0000652011,106.37,97.02,125.72,133.71,176.33,349.21,512.99,604.29,840.99,546.35,154.88,424.12,631.79,319.73,378.2,496.07,303.2,369.42,408.82,693.58,504.05,572.78,477.99,762.77,614.12,724.25
TELEKOM AUSTRIA,AT0000720008,,,67.36,95.55,130.94,176.51,238.61,304.75,351.73,360.42,195.34,199.61,230.31,209.18,127.04,165.66,134.59,112.9,127.76,205.41,161.82,184.78,181.2,221.82,179.9,270.3
ANDRITZ,AT0000730007,,,,83.22,112.72,253.27,446.73,629.53,1208.91,1004.96,741.46,1311.97,2075.76,2426.05,3366.5,2979.55,2971.59,2534.8,2994.18,3306.47,2954.29,2428.96,3093.92,3485.3,4028.99,4242.91
OMV,AT0000743059,345.83,377.18,329.43,372.04,470.43,759.75,1469.7,3350.46,2720.73,3497.12,1487.18,2092.06,2521.66,2116.21,2487.91,2801.13,1756.07,1835.98,2543.55,4457.25,3985.16,3860.26,3677.49,5582.16,4374.35,4465.06
WIENERBERGER,AT0000831706,2870.68,2203.88,2482.88,1928.03,2225.28,4376.13,6708.36,6201.31,9333.26,6581.92,2094.76,2990.0,3869.1,2177.33,1815.21,2964.06,2639.34,2962.02,3584.22,4695.26,4420.6,5867.57,7140.34,7392.52,6338.16,7569.19
VIENNA INSURANCE GROUP A,AT0000908504,172.4,162.44,159.89,150.87,189.84,294.12,499.97,716.63,852.26,931.74,351.87,578.92,755.18,625.81,708.54,706.11,645.64,383.87,390.53,559.55,411.49,490.57,501.06,589.08,551.82,609.1
VOESTALPINE,AT0000937503,143.6,146.2,140.73,143.17,129.16,270.5,438.5,690.28,1447.81,1449.54,615.19,952.13,1359.15,1077.96,1079.51,1413.52,1195.94,907.11,1484.44,2159.58,1056.38,968.44,1461.01,1344.82,1397.1,1223.0
JAMES HARDIE INDUSTRIES CDI,AU000000JHX1,1002.65,965.35,1015.34,1674.92,2385.6,3306.33,3440.16,4291.85,5107.14,3685.68,1679.07,4779.27,4688.96,5823.57,7569.09,9194.74,8535.01,9466.61,12245.88,15296.58,10622.61,18954.82,27292.45,31530.95,22005.03,37285.16
SOLVAY,BE0003470755,3755.0,3899.72,3307.51,3807.14,3830.88,5167.02,7071.08,7279.27,10650.96,8069.95,5146.3,6933.47,7885.63,8043.77,12054.11,11614.04,11203.91,7535.11,10615.55,12931.28,10224.3,10561.2,11602.33,12890.96,12520.57,10746.12
KBC GROUP,BE0003565737,6141.37,3245.76,3455.72,2352.6,2442.34,4577.02,6921.68,9042.07,11591.46,11246.55,1687.77,3853.84,3945.67,2208.87,3587.0,6106.46,5527.0,5559.26,6593.05,10011.46,7316.14,8866.41,8354.37,10547.04,9514.71,8351.39
COFINIMMO,BE0003593044,165.25,131.9,125.2,129.06,177.32,241.5,285.01,292.13,396.38,392.39,257.83,309.69,337.38,310.84,329.15,333.7,371.16,350.29,371.3,441.48,481.41,602.37,596.78,504.72,379.04,290.8
SOFINA,BE0003717312,3749.03,2502.46,2942.46,2911.8,2540.44,4216.22,6137.29,7958.45,9709.48,9162.76,5892.43,7608.26,8670.41,7498.02,8931.71,11520.49,10501.04,10599.68,13970.79,17623.29,20813.7,25402.56,38256.19,42893.33,27070.46,25776.0
ORANGE BELGIUM,BE0003735496,276.52,162.64,85.94,50.53,82.01,202.56,283.32,251.51,305.3,323.67,278.23,259.28,311.06,277.67,148.09,115.84,126.44,129.79,137.98,120.61,123.56,142.92,185.73,151.26,121.29,95.27
UCB,BE0003739530,19933.48,12744.25,12510.99,13738.45,9446.43,13500.36,17790.12,17481.74,24392.64,16930.25,13005.4,17060.53,14739.92,17821.72,24727.37,31825.81,34834.94,36850.18,33046.48,39057.31,41258.38,45552.75,50955.5,49660.51,40049.55,47800.3
AGFA-GEVAERT,BE0003755692,,88.44,101.18,56.6,101.41,144.8,173.41,84.59,135.01,59.95,18.73,38.32,25.34,11.74,11.48,16.73,13.78,21.84,22.85,28.32,22.95,30.03,26.79,24.04,17.47,7.42
GBL NEW,BE0003797140,1069.32,1139.12,1432.03,1529.79,1104.1,1738.65,2568.19,3364.58,3704.55,3522.64,2418.14,2949.43,3182.54,2654.34,2983.0,3497.2,3417.46,3009.53,3526.33,4763.78,4078.73,4556.16,4731.87,5002.46,4079.56,3698.87
PROXIMUS,BE0003810273,,,,,,,167.33,133.5,202.36,221.81,173.26,184.26,210.41,193.19,185.4,204.0,292.03,272.88,233.24,274.52,232.62,269.64,204.67,212.69,109.19,109.97
ELIA GROUP,BE0003822393,,,,,,,,131.56,144.81,154.36,135.18,155.66,170.0,174.89,211.58,222.98,217.64,250.75,261.73,313.49,402.0,564.43,693.97,753.19,814.29,679.49
COLRUYT GROUP,BE0974256852,10224.13,6309.24,5890.96,5262.31,7679.62,14097.12,22635.92,19543.57,30795.11,33147.71,32431.32,35442.96,39108.82,30381.65,37835.05,41722.49,38025.27,45485.02,40729.98,46425.88,63072.83,45027.69,55866.78,38018.9,26063.74,43926.17
BEKAERT (D),BE0974258874,1703.06,1957.94,1808.43,1595.34,1699.97,2996.6,3666.94,4866.02,6265.53,6203.77,3020.03,7359.25,16672.58,6090.75,4839.52,6150.29,5519.47,5920.19,8320.56,8377.07,4959.15,4861.63,7152.77,9696.27,9023.94,10993.04
AGEAS (EX-FORTIS),BE0974264930,12757.78,9320.17,10692.81,7922.09,5203.89,8479.51,10209.93,13759.2,17631.18,10167.27,965.91,1730.24,1665.87,1207.76,1832.0,2626.7,2234.04,2510.28,2825.02,3634.12,3420.44,4289.16,4358.77,4174.85,4186.2,3830.02
ANHEUSER-BUSCH INBEV,BE0974293251,,,85.21,80.39,56.42,89.99,116.78,146.5,212.04,254.24,141.03,251.56,306.34,357.83,484.76,558.09,715.72,719.89,650.06,685.2,496.74,495.99,438.17,411.94,392.29,442.91
STOLT-NIELSEN,BMG850801025,10.05,16.36,14.76,11.97,7.92,14.42,38.14,38.27,35.72,31.04,11.9,22.17,36.16,33.35,34.02,51.67,27.47,20.0,31.08,25.23,26.74,26.56,34.61,42.61,74.35,108.43
OC OERLIKON CORPORATION,CH0000816824,108.82,205.37,197.77,85.48,52.35,142.22,109.4,181.88,524.07,325.55,26.64,26.04,44.27,49.34,85.22,110.98,88.54,70.47,86.91,131.35,103.79,93.43,106.61,97.43,67.99,49.07
SWISS PRIME SITE,CH0008038389,,,60.33,56.45,70.87,79.84,111.25,112.51,152.18,145.41,112.6,162.49,214.72,252.63,283.28,288.65,339.77,321.18,359.4,408.48,389.57,591.45,490.34,499.12,476.16,562.15
SWISSCOM 'R',CH0008742519,125.79,111.65,81.39,93.34,103.78,122.91,137.02,115.67,151.79,154.86,136.33,165.62,221.27,213.84,241.34,324.74,354.7,306.74,287.14,370.84,322.65,437.2,419.76,484.95,505.17,516.0
CHOCOLADEFABRIKEN LINDT & SPRUENGLI,CH0010570759,860.7,825.07,993.14,920.4,942.66,1733.04,2304.38,3253.15,4500.22,5383.92,3485.64,4156.73,5548.89,6540.76,7687.32,10462.02,12249.07,13210.68,12802.46,14384.13,14640.48,19086.56,19958.47,24244.37,24007.27,28194.95
GIVAUDAN 'N',CH0010645932,,,53.72,65.0,83.36,107.69,135.86,149.27,198.78,197.16,161.78,191.75,247.26,246.34,309.45,400.72,522.66,532.04,514.41,687.42,747.11,1065.37,1285.35,1324.08,1098.42,1451.76
ZURICH INSURANCE GROUP,CH0011075394,3584.84,2423.19,2903.84,1073.85,612.28,1072.02,1161.8,1592.44,2006.77,2005.33,1293.33,1827.43,2413.16,2361.48,2799.67,3196.03,3881.25,2604.81,3753.68,4462.16,4689.64,6719.98,6955.0,8475.67,8787.16,9877.61
BASILEA PHARMACEUTICA 'R',CH0011432447,,,,,,,85.59,121.82,207.45,157.39,121.1,64.67,82.6,49.52,56.55,157.87,125.16,79.62,84.74,83.76,57.0,62.49,64.96,51.25,57.75,41.27
NOVARTIS 'R',CH0012005267,3081.75,2114.92,2887.2,2550.62,2550.9,3446.69,3533.59,4120.83,4546.58,3819.49,3379.27,4494.35,4941.75,5160.36,6478.24,7946.59,10143.69,7809.79,8074.81,9581.12,10333.08,13120.94,12808.31,12801.7,13148.65,17525.4
ROCHE HOLDING,CH0012032048,978.66,877.58,749.03,552.65,539.39,853.63,834.94,1255.94,1613.57,1523.38,1105.82,1456.35,1398.45,1760.57,2240.29,3046.04,3005.75,2904.39,2822.85,2843.84,3368.32,4546.21,4604.75,5166.99,4372.19,3849.81
CREDIT SUISSE GROUP DEAD - DELIST.14/06/23,CH0012138530,866.29,1031.27,1200.08,889.35,530.03,1008.79,1082.91,1617.77,1997.58,1472.49,832.4,1231.58,1436.44,885.42,964.79,1054.65,782.48,553.32,591.13,782.15,520.18,586.76,628.27,451.23,174.77,
ADECCO GROUP,CH0012138605,215.89,348.24,316.84,252.73,138.08,254.88,251.15,269.59,323.71,238.69,185.07,269.83,367.24,279.53,322.62,478.71,458.7,373.09,456.21,516.1,349.12,427.3,485.8,392.5,325.5,389.63
CLARIANT,CH0012142631,270.24,218.09,188.23,96.63,71.84,90.43,99.88,92.95,113.68,48.79,36.29,70.33,119.28,87.8,94.3,136.25,122.81,122.69,141.55,212.99,158.03,187.12,198.44,215.62,173.83,131.51
HOLCIM,CH0012214059,1152.55,1412.4,1541.45,1028.77,772.35,1262.47,1686.15,1960.65,2769.3,2545.37,1259.47,2006.34,2267.04,2004.21,2529.88,2520.19,2487.67,1425.32,2043.8,2237.27,1920.91,2121.84,2459.03,2512.6,2875.85,3821.44
ABB LTD N,CH0012221716,1312.0,2123.65,1684.27,575.85,189.8,528.42,505.42,964.91,1685.82,2138.91,1297.5,1654.94,2283.44,2149.34,2165.98,2705.35,2260.03,2030.37,2782.25,3221.37,2464.67,3242.99,4001.42,4970.7,5121.34,6799.97
THE SWATCH GROUP,CH0012255151,52.53,92.08,108.98,77.25,73.96,130.62,128.66,155.28,244.81,258.89,125.02,257.98,428.89,463.46,608.59,698.59,482.39,404.85,392.82,509.39,327.84,315.2,379.16,365.13,463.31,308.89
BALOISE HOLDING,CH0012410517,5949.58,5246.02,7245.67,5082.15,1896.42,3360.47,3474.81,4505.66,7938.84,6429.87,5338.93,6584.03,9386.35,7286.22,8665.69,12574.43,14223.08,13583.25,15336.74,19073.68,19458.56,24094.34,23578.51,25099.83,24047.76,24865.21
SONOVA N,CH0012549785,238.02,409.84,770.55,424.33,162.23,501.62,662.2,1004.68,1567.88,1687.97,962.52,2426.6,2694.61,2290.86,2556.82,2921.94,2961.52,2656.1,2907.5,3515.65,4213.69,6076.24,5879.14,8386.43,6393.26,7896.99
LONZA GROUP,CH0013841017,,65.51,68.2,70.1,67.08,62.68,73.93,76.9,116.44,156.41,124.0,92.56,108.57,76.72,86.66,154.93,178.45,231.1,279.37,441.58,486.32,731.2,1115.72,1210.0,1080.59,909.09
VALIANT 'R',CH0014786500,101.45,91.52,105.14,123.96,166.29,230.94,260.53,288.23,355.55,517.36,533.73,599.24,466.43,417.8,322.35,351.17,308.74,410.44,422.67,474.08,457.62,462.51,462.12,498.48,581.71,643.18
SWISS LIFE HOLDING,CH0014852781,368.91,263.65,436.29,170.63,48.1,146.76,124.71,159.07,234.08,207.24,49.9,123.71,172.73,114.23,163.98,250.66,273.21,295.38,386.2,468.2,547.84,724.52,704.11,1012.19,950.43,1204.13
PSP SWISS PROPERTY AG,CH0018294154,,,61.08,59.77,78.47,105.5,126.48,140.14,192.58,185.48,142.68,207.55,284.12,336.44,381.46,380.11,460.19,388.59,438.15,459.83,526.38,794.56,697.98,656.46,714.25,790.13
EFG INTERNATIONAL N,CH0022268228,,,,,,,,67.71,94.94,70.91,32.91,36.38,39.38,24.36,33.0,38.35,30.32,22.71,17.08,31.68,18.86,20.9,24.28,27.4,34.16,51.52
PARTNERS GROUP HOLDING,CH0024608827,,,,,,,,,138.3,149.27,80.58,158.51,238.95,253.43,332.27,350.9,430.24,551.12,824.8,1209.04,1158.22,1626.52,2196.72,2530.38,1873.01,2644.36
SCHINDLER 'R',CH0024638212,891.28,891.22,970.49,878.66,1104.07,1841.31,2346.99,2743.32,4263.07,3706.88,3063.85,4983.73,7951.84,8459.79,11000.7,11102.9,11323.23,12642.81,14970.24,19069.41,17355.19,20874.76,22978.41,22052.66,18553.92,21643.83
KUEHNE UND NAGEL INTERNATIONAL,CH0025238863,114.48,116.48,189.48,162.7,203.98,435.98,682.15,967.66,1444.6,1557.41,1121.95,1754.23,2576.54,2683.71,2502.68,2928.14,3237.49,3228.79,3427.5,4571.78,3628.56,4608.08,6515.98,8210.56,7684.0,10496.13
LOGITECH 'R',CH0025751329,87.81,434.18,397.14,535.3,437.0,631.04,817.94,1030.5,1505.62,1416.78,528.38,808.75,1013.68,447.75,382.24,898.7,869.91,937.1,1849.23,2539.63,2309.72,3010.05,7428.73,5329.42,4024.97,5903.68
GEBERIT 'R',CH0030170408,,99.49,88.62,66.01,92.93,174.92,253.25,315.42,620.38,484.41,385.22,666.53,841.26,885.67,1012.31,1319.75,1557.71,1656.47,2012.88,2196.99,1943.47,2741.95,3208.04,3523.26,3100.3,3196.71
SULZER 'R',CH0038388911,595.73,701.88,720.77,187.82,139.19,302.87,469.77,701.01,1695.35,1217.37,633.9,1071.12,1925.82,1799.15,2290.42,2191.41,1706.49,1392.63,2049.31,2582.8,1834.66,2239.61,2428.65,3021.37,2987.47,3655.37
NESTLE 'N',CH0038863350,1796.18,1619.37,2145.12,2257.26,2048.45,2964.95,2865.13,3251.84,4240.65,4980.47,3917.5,5606.04,6932.57,7796.97,9521.64,10679.16,11248.52,11137.99,11368.14,13245.32,14264.03,18951.25,19383.22,23034.21,21766.21,21196.81
CHUBB,CH0044328745,307.13,195.21,458.69,469.87,340.66,561.0,589.98,708.41,793.53,804.04,616.34,686.72,913.72,1104.12,1301.34,1477.48,1806.91,1841.41,2192.11,2522.56,2283.27,2901.79,2972.84,3817.64,4072.76,4752.51
TRANSOCEAN,CH0048265513,241.43,329.06,463.34,257.68,211.08,252.36,419.31,754.34,731.65,1088.89,532.54,748.84,711.04,459.87,532.33,414.14,195.63,115.45,151.28,108.27,93.78,53.35,39.42,41.55,82.77,55.82
JULIUS BAER GRUPPE,CH0102484968,,,,,,,,,,,,78.13,121.55,105.04,112.43,129.58,134.29,118.32,143.22,205.28,129.91,160.53,211.21,217.99,248.17,204.02
GARMIN,CH0114405324,,,121.88,94.3,143.3,259.85,286.15,315.56,536.1,691.06,191.42,361.83,372.09,533.12,484.98,606.02,736.05,502.25,750.89,993.15,1131.93,1606.17,2060.45,2181.71,1774.35,2247.07
SWISS RE,CH0126881561,3810.39,2806.8,3765.29,3022.2,1973.08,2594.48,2433.73,2576.84,3077.83,2587.69,632.24,1661.12,2356.95,2509.59,3444.98,4487.17,5036.13,5426.42,5945.98,6371.55,6741.33,8566.27,7376.14,9300.99,9391.5,11549.25
COCA-COLA HBC,CH0198251305,,,,,,,,,,,,,,,,153.32,100.13,115.32,138.59,200.49,220.13,252.38,221.49,241.48,175.03,219.11
RICHEMONT N,CH0210483332,350.61,588.85,585.43,431.21,360.72,588.26,732.95,1077.06,1439.04,1379.35,975.69,1978.46,3466.99,3654.88,5017.97,6122.82,5567.72,4321.83,5056.47,6251.45,4816.51,5457.52,7007.51,10606.25,11736.04,11832.19
UBS GROUP,CH0244767585,1343.77,1068.72,1571.74,1199.79,1175.99,2087.55,2392.97,3222.3,3940.65,2382.23,794.25,925.14,1308.12,1020.61,1210.7,1493.62,1293.08,1174.87,1285.26,1609.6,1117.34,1199.41,1461.53,2066.83,2220.01,2902.44
FLUGHAFEN ZURICH,CH0319416936,323.67,252.16,213.87,74.88,33.12,92.5,180.44,273.11,499.4,512.25,314.03,414.8,625.22,600.17,704.31,997.15,1132.23,1286.21,1749.48,2177.14,1652.78,1682.58,1636.81,1767.8,1763.04,2120.43
UNITED INTERNET,DE0005089031,397.38,1008.0,119.54,123.47,197.73,600.55,690.75,1263.77,2071.23,1966.58,842.3,1573.85,1937.29,2244.09,2755.13,5436.8,5440.95,6086.13,5025.3,8693.03,4750.27,4212.1,6039.63,5374.97,3103.09,3587.23
DEUTSCHE BANK,DE0005140008,951.04,1446.92,1697.09,1108.84,768.37,1637.4,1727.9,2154.45,2915.21,2402.09,644.47,1359.49,1651.81,1181.35,1336.78,1346.68,915.52,519.98,600.93,559.97,295.35,371.23,367.13,559.03,453.91,473.46
BMW,DE0005190003,3915.46,3324.15,4883.41,4784.26,3897.76,6110.19,6134.08,6768.32,8829.29,7570.27,4356.64,6429.89,12626.89,14951.13,16164.12,19423.45,21506.49,14933.19,17028.2,21842.5,16899.2,15604.29,19482.87,24373.67,26572.27,29475.21
BEIERSDORF,DE0005200000,2446.35,2202.78,3656.51,3736.85,3822.41,4124.22,4071.46,4486.1,7305.52,8196.05,5187.84,6546.06,6620.32,7310.73,10478.72,12245.05,10821.12,11295.0,11185.58,14464.29,12964.66,14708.31,14455.27,13126.19,15595.56,20089.31
CONTINENTAL,DE0005439004,902.37,519.41,573.81,483.94,526.09,1361.46,2634.79,3563.89,4607.04,3540.97,717.96,2037.98,3176.41,3466.52,4680.64,8969.52,9821.34,8764.5,8813.14,12757.61,6856.18,5431.03,7302.35,5271.31,4270.38,4610.05
LANXESS,DE0005470405,,,,,,,133.24,205.46,365.16,228.67,125.36,262.76,560.63,526.8,640.88,530.42,390.03,320.18,557.2,675.43,426.67,515.12,636.14,518.83,432.6,243.03
DEUTSCHE POST,DE0005552004,,,106.01,62.71,50.63,120.71,120.74,148.93,177.24,180.53,79.69,105.82,124.49,121.44,168.45,266.1,256.68,189.24,278.34,401.31,258.75,331.67,484.76,587.55,456.09,485.62
DEUTSCHE TELEKOM,DE0005557508,314.01,567.17,225.97,101.19,96.73,154.66,164.74,125.72,151.88,174.36,124.29,131.68,154.96,142.98,153.66,227.48,264.16,253.43,263.58,270.53,275.31,291.85,337.4,376.22,430.52,496.17
FRAPORT,DE0005773303,,,,69.06,54.4,91.32,113.32,209.85,240.63,225.4,130.38,160.81,250.42,210.4,216.58,281.36,235.3,227.35,239.79,456.22,327.51,329.38,246.04,297.11,246.37,254.09
FRESENIUS,DE0005785604,797.26,821.04,985.11,665.18,432.26,899.08,1116.21,1742.56,2342.02,2600.35,1690.99,2056.96,3037.37,3746.69,4460.39,5895.2,6121.1,6909.75,8954.96,9254.09,6099.29,6201.75,5115.36,5256.64,3729.82,3591.43
FRESENIUS MED.CARE,DE0005785802,91.13,130.5,128.02,91.55,72.63,113.62,134.96,185.28,245.34,253.69,236.62,268.39,333.72,405.67,394.54,402.72,424.41,491.77,481.99,647.39,460.47,493.72,430.82,449.3,253.42,266.19
DEUTSCHE BOERSE,DE0005810055,,,105.24,110.9,110.67,194.63,190.61,379.66,672.14,1058.01,363.11,430.83,558.55,481.49,516.76,664.15,688.09,764.23,808.75,1239.65,1269.06,1665.85,1670.63,1865.47,1886.55,2176.11
BILFINGER BERGER,DE0005909006,773.77,556.91,520.98,806.13,765.98,1578.28,2045.6,2355.22,3735.98,2799.33,2273.99,3718.66,4922.53,5772.36,6233.12,7660.81,3991.49,2979.13,2838.39,3163.34,2409.41,2752.31,2821.82,3031.79,3384.14,4154.21
HEIDELBERG MATERIALS,DE0006047004,785.14,739.66,702.09,610.15,390.44,689.82,1203.66,1702.9,2617.97,2548.86,722.55,1106.13,1285.77,1022.71,1310.67,1565.45,1533.63,1495.87,1968.65,2208.83,1470.12,1576.4,1706.72,1747.52,1656.03,2380.98
HENKEL PREFERENCE,DE0006048432,566.6,371.47,458.5,388.27,418.53,621.87,690.76,799.52,1124.81,999.0,622.15,1166.56,1502.49,1560.56,2187.38,2880.28,3055.83,2861.22,3268.05,3558.89,2732.72,2932.82,3036.21,2433.63,2107.24,2396.55
HOCHTIEF,DE0006070006,1871.12,1411.67,1269.64,962.62,811.5,1843.64,2182.73,3509.54,5844.06,7238.69,2685.52,5293.4,6789.75,5612.29,5128.42,6744.96,6022.94,8013.54,12575.91,14978.65,13404.49,11208.86,10026.5,8583.49,7083.29,12568.83
SALZGITTER,DE0006202005,238.34,228.0,227.21,275.82,212.52,358.97,647.48,2158.63,4165.11,5450.99,2846.68,2917.74,2886.85,2107.42,1609.83,1528.95,991.54,756.53,1395.09,2036.38,1015.67,663.74,943.77,1316.98,1475.93,1085.42
INFINEON TECHNOLOGIES,DE0006231004,,,109.79,60.58,18.63,43.84,26.93,27.41,45.31,24.72,3.01,17.52,35.99,33.18,28.82,34.81,39.29,43.7,66.81,100.04,80.64,89.18,153.55,144.8,148.52,132.26
MERCK KGAA,DE0006599905,133.09,108.55,157.37,117.28,117.67,189.29,283.03,443.36,523.05,547.9,408.06,409.25,426.29,531.17,663.88,818.08,1035.14,883.77,1159.8,1101.75,1179.99,1454.19,1899.62,2463.76,2232.48,1871.64
GEA GROUP,DE0006602006,123.94,135.62,97.81,69.06,47.72,118.5,94.9,112.87,187.05,235.84,103.63,154.07,253.33,286.4,297.69,394.59,420.34,407.33,380.84,435.25,217.17,298.05,376.24,496.21,477.34,445.21
PUMA,DE0006969603,51.7,53.93,41.14,95.89,212.0,621.15,734.0,983.66,1195.33,1089.94,615.43,904.56,1024.98,1076.85,1027.62,963.38,670.73,683.49,1012.64,1363.1,1887.83,2728.66,3608.36,3703.25,2461.48,1575.75
RHEINMETALL,DE0007030009,878.52,400.79,401.1,676.83,552.83,1421.19,2217.5,3070.51,3675.34,2870.5,1598.86,2846.45,3995.16,2848.76,2708.87,3550.69,2546.61,3696.37,3953.95,7696.73,5848.0,6246.52,6399.68,6430.1,15167.16,22950.72
RWE,DE0007037129,2113.97,1417.1,1906.16,1833.49,1227.56,2281.05,3314.05,4535.45,6328.19,7429.49,5097.35,5819.1,5209.67,3350.98,2989.12,3367.52,2426.89,1365.23,1252.64,1849.89,2518.2,3803.54,4802.51,4743.12,4952.24,4161.3
MERCEDES-BENZ GROUP N,DE0007100000,145.19,98.47,75.65,60.08,49.02,81.71,84.52,108.05,124.03,150.82,66.64,94.74,156.4,132.24,138.13,214.44,237.17,179.49,197.08,252.01,171.94,153.47,268.12,314.83,339.77,327.8
SAP,DE0007164600,6275.43,11233.37,7593.9,7326.32,5046.29,9303.39,8731.85,11080.15,10423.81,10745.78,8816.05,10714.09,14072.75,15406.8,19724.17,19209.27,17180.53,19700.41,24231.52,28438.41,28042.16,37314.93,36468.5,36262.46,34528.22,53742.22
SIEMENS,DE0007236101,1230.93,2839.01,2408.54,1556.71,1061.57,2344.51,2270.93,2635.29,3301.94,3831.18,2035.98,2727.22,4266.5,3511.75,3739.98,4915.4,4297.97,3918.04,5422.78,6066.33,4839.41,5628.75,8651.98,8386.58,8415.07,10309.57
CECONOMY,DE0007257503,273.51,146.26,183.91,127.32,77.63,178.37,215.79,212.45,307.42,351.54,165.44,252.62,343.86,196.13,167.46,238.56,184.06,160.9,194.78,266.1,82.95,107.63,128.16,88.47,47.42,46.89
SUEDZUCKER,DE0007297004,982.04,660.32,847.84,1118.66,1430.78,1651.7,1830.23,2386.38,2115.14,2054.82,1911.17,2316.69,2979.3,3361.69,4836.71,3094.42,1819.05,1914.75,3263.58,2472.67,2068.39,2339.4,2030.56,1987.27,2255.66,2113.51
HEIDELB.DRUCKMASCHINEN,DE0007314007,207.76,211.08,246.42,177.4,76.75,165.01,147.37,179.37,194.35,105.64,24.76,32.5,39.26,16.77,17.82,27.19,17.86,16.07,20.79,25.87,14.92,7.75,10.83,23.42,16.12,8.08
THYSSENKRUPP,DE0007500001,1420.64,2125.26,1467.17,1227.0,951.76,1883.04,2114.58,2435.64,5047.83,5388.09,2861.02,3630.68,5065.12,3691.95,2913.53,3258.45,3270.75,1962.89,3185.06,3782.97,2232.55,1560.62,1532.38,1329.38,1012.49,799.88
VOLKSWAGEN PREF.,DE0007664039,271.22,160.38,190.38,189.56,191.41,240.19,264.61,333.98,585.46,1056.33,398.0,694.79,1421.38,1688.45,2186.6,2418.44,2321.42,1128.66,1491.31,2093.76,1660.8,1926.05,2146.63,2260.94,1870.74,1856.93
DEUTSCHE LUFTHANSA,DE0008232125,1234.28,1137.42,1470.23,920.2,565.78,1214.59,980.11,1124.25,2094.25,1690.83,1135.76,1326.29,1879.69,1355.56,1838.8,2258.08,1519.17,1392.39,1311.75,3541.49,2676.57,1779.77,1478.38,1234.4,1583.66,1274.95
HANNOVER RUECK,DE0008402215,305.53,209.87,279.0,190.98,237.19,364.78,384.98,381.1,456.7,465.43,401.01,495.78,718.37,715.55,1026.66,1172.12,1386.6,1558.27,1832.95,2306.39,2595.92,3815.1,3232.92,3836.21,4008.56,5372.15
ALLIANZ,DE0008404005,6227.76,6059.39,6270.87,3966.3,1348.19,2766.22,2592.37,3400.8,4532.13,3840.65,2094.62,2634.66,3762.14,3223.02,3976.3,5177.78,5297.9,5055.17,5777.35,8665.27,7902.47,9771.94,9816.59,11300.46,10787.57,12788.95
MUENCHENER RUCK.,DE0008430026,10607.8,11766.03,14376.4,10216.85,3725.77,5449.75,5481.92,6389.26,7958.3,8672.26,7630.77,8271.9,9955.06,9034.58,12122.05,14680.14,14975.56,14615.39,14999.1,18770.05,19835.37,27955.02,26993.04,31033.44,36773.5,46846.79
NORDEX,DE000A0D6554,,,,67.24,24.29,14.55,7.98,10.84,28.06,42.54,13.5,13.88,9.63,7.81,5.9,15.31,22.07,31.07,23.02,13.93,11.95,14.63,33.08,17.64,18.31,13.12
MTU AERO ENGINES HLDG.,DE000A0D9PT0,,,,,,,,157.65,267.33,242.87,146.39,259.24,380.05,400.34,545.68,498.99,547.78,534.87,736.94,1078.6,1347.49,1924.08,1557.44,1349.66,1561.38,1544.05
HAMB.HAFEN UD.LOGISTIK,DE000A0S8488,,,,,,,,,,129.99,55.68,71.43,92.76,69.73,54.25,55.38,48.95,33.12,46.47,64.56,54.35,62.79,58.26,58.76,38.66,54.38
AIXTRON,DE000A0WMPJ6,1007.33,2300.86,2238.89,902.42,188.56,395.65,239.85,161.42,264.98,596.87,268.08,1354.97,2144.27,752.15,683.42,798.5,425.71,191.58,193.87,801.89,564.64,607.55,1043.77,1026.77,1505.78,1954.02
ADIDAS,DE000A1EWWW0,234.09,160.14,177.64,183.48,210.17,327.55,418.16,572.89,565.98,698.63,435.84,570.49,773.14,928.29,1114.75,1460.38,912.7,1309.83,2038.1,3020.53,3078.16,4361.48,4602.46,3867.72,2335.68,2686.47
BASF,DE000BASF111,1461.44,1687.35,1879.97,1645.3,1619.18,2568.97,3362.24,3858.93,5151.84,6573.63,3751.74,6358.9,9756.26,10261.75,12811.39,14808.41,12886.26,9760.49,14536.35,17401.71,11841.04,11701.35,14668.48,14674.74,11660.69,10555.66
BAYER,DE000BAY0017,1827.13,2061.01,2621.01,1649.55,911.64,1744.71,2098.36,2660.46,3968.0,5465.72,3994.95,4681.29,5586.06,5640.9,7569.37,10645.58,11807.55,9188.36,9576.22,10909.34,7195.0,8273.73,6857.75,6416.77,6900.22,3524.01
COMMERZBANK,DE000CBK1001,920.01,1021.43,938.47,549.52,230.48,687.0,762.42,1225.45,1526.61,1080.7,177.83,287.3,306.57,125.83,95.04,114.55,82.4,52.83,55.99,104.03,46.39,43.55,45.9,67.79,74.57,78.26
E ON N,DE000ENAG999,2227.3,1729.98,2400.88,2263.93,1837.89,3252.09,4444.63,5622.78,8037.26,10617.34,5939.93,6552.88,6621.03,4827.95,3786.1,4525.76,3794.3,2798.51,2378.0,3308.41,3639.95,4155.26,3952.22,5452.22,4305.24,5563.73
K S N,DE000KSAG888,561.47,584.16,740.66,931.62,865.32,1656.42,2758.82,3826.04,6462.63,14717.59,13437.69,14660.92,20833.83,14578.74,12425.66,9492.74,9363.67,6525.84,7833.95,8602.19,6124.13,3334.14,3787.87,7202.31,7739.83,4805.28
PROSIEBENSAT 1 MEDIA,DE000PSM7770,101.68,206.36,306.42,42.4,59.41,183.55,170.1,214.15,318.31,191.88,26.78,150.83,390.15,311.69,446.9,749.56,760.0,863.28,746.97,704.85,344.91,294.65,417.3,358.91,255.18,139.82
CARLSBERG B,DK0010181759,348.27,225.03,401.71,323.01,299.48,343.77,395.04,460.77,860.52,854.95,329.13,738.9,1095.08,821.32,1163.53,1102.67,854.57,976.7,1050.57,1389.98,1432.17,1808.95,1975.71,2164.66,1830.14,1862.52
ROCKWOOL B,DK0010219153,18.89,16.15,11.24,8.58,8.94,22.66,41.1,68.43,135.18,119.18,42.71,76.06,79.73,71.17,86.33,138.6,87.69,112.78,132.88,211.96,219.17,204.54,308.97,307.04,249.57,251.16
FLSMIDTH AND B,DK0010234467,133.99,130.81,100.48,63.53,55.42,79.99,137.31,204.45,558.31,682.51,244.07,493.96,704.85,643.64,515.89,474.18,396.36,315.33,424.64,573.43,447.46,352.53,361.85,330.68,447.08,421.79
A P MOLLER MAERSK B,DK0010244508,421.47,673.07,610.86,437.29,444.38,1150.55,1168.64,1337.86,1487.71,1347.87,809.39,1120.02,1456.03,1194.46,1237.0,1815.32,1678.15,1227.65,1602.13,1676.84,1303.43,1405.27,2561.55,4123.74,3021.27,3404.77
GN STORE NORD,DK0010272632,1307.39,2319.41,3368.52,886.47,508.54,1383.36,2007.66,2693.78,2844.43,1017.1,418.11,1084.91,1811.24,1986.28,3122.74,4619.22,4327.96,3426.0,4437.66,6579.39,8734.21,10982.37,16425.03,11701.02,5517.71,4777.53
DANSKE BANK,DK0010274414,1051.82,788.92,1491.18,1326.39,1481.49,2339.98,2858.08,3654.26,5143.95,3820.52,1054.99,2766.02,3022.19,1908.5,2433.4,3108.53,3286.95,3755.73,4669.94,5695.09,2826.67,2738.76,2879.05,3173.12,3237.05,4763.64
NKT,DK0010287663,188.21,165.44,634.72,230.09,223.35,464.84,695.72,1182.19,2266.22,1859.37,614.08,1476.75,1549.08,1174.23,938.88,1642.7,1516.55,1587.72,2236.41,2415.3,1053.82,1429.19,2877.57,2863.9,4193.01,5263.27
JYSKE BANK,DK0010307958,638.56,668.31,791.82,732.88,1059.96,2117.64,2678.99,3754.55,6139.7,4712.21,1685.04,3039.19,3657.04,2718.43,2534.81,4287.0,3748.15,3535.25,4378.69,4775.73,3376.5,3472.59,3435.27,5451.98,6300.05,6719.62
SYDBANK,DK0010311471,137.86,123.07,146.51,192.35,277.05,595.09,778.06,1039.28,2122.7,1405.73,541.92,1085.03,1215.56,813.48,804.51,1105.82,1209.08,1230.61,1558.79,1954.24,1147.27,1199.64,1147.28,2139.31,2595.85,2793.39
DSV,DK0060079531,204.86,250.27,359.46,285.13,241.26,565.44,920.47,1748.1,2207.73,2403.24,1358.84,2103.65,2711.47,2708.17,3226.15,4138.63,4003.03,5044.35,6502.26,10594.33,10739.71,15574.66,22311.81,27555.38,24645.04,24049.79
NOVOZYMES B,DK0060336014,,,14.7,13.28,14.33,27.8,32.79,41.09,63.23,55.75,59.47,72.65,104.09,110.52,130.98,165.96,180.58,168.13,161.09,205.17,179.84,224.39,260.66,270.19,226.37,231.78
COLOPLAST B,DK0060448595,276.07,214.38,239.37,325.0,335.68,482.5,521.44,679.88,924.55,839.48,741.06,1173.62,1539.26,1730.03,2978.48,4367.22,4703.67,4653.36,4523.26,5399.11,6417.9,9432.27,11438.77,10507.83,8588.32,8727.8
TOPDANMARK DEAD - DELIST.21/10/24,DK0060477503,25.84,22.54,35.24,31.23,35.14,71.1,92.2,127.88,231.63,182.69,149.0,151.97,183.81,206.83,279.73,336.38,436.93,312.0,336.39,584.11,649.63,667.23,688.84,892.67,921.77,833.91
TRYG,DK0060636678,,,,,,,,22.72,37.97,33.5,30.93,31.72,29.53,32.12,45.74,56.47,76.24,62.17,67.01,89.78,107.07,130.69,139.86,139.56,136.66,131.77
DEMANT,DK0060738599,61.86,112.45,245.41,114.08,91.54,172.15,236.49,284.66,417.91,313.42,165.59,364.2,391.91,426.49,429.51,456.67,367.98,419.09,459.93,735.65,784.47,832.24,926.8,1045.99,784.22,1218.36
ATRESMEDIA CORP,ES0109427734,,,,,,184.74,268.4,411.13,356.11,220.28,82.04,178.21,198.14,144.51,130.8,428.56,349.86,234.29,269.12,267.84,128.39,101.16,126.19,127.34,127.49,146.69
EBRO FOODS,ES0112501012,199.66,112.47,115.43,118.17,113.84,187.43,225.79,270.63,392.52,285.88,205.37,338.41,401.17,395.15,395.3,464.39,369.44,424.96,466.0,582.17,484.19,494.98,580.0,532.06,497.32,488.7
BBV.ARGENTARIA,ES0113211835,938.6,832.67,1035.22,764.6,583.3,954.52,1255.1,1481.59,2052.44,1579.36,824.66,1179.1,1177.26,979.78,1029.69,1395.26,1106.11,812.34,856.04,1198.45,804.9,833.61,807.57,1023.89,1195.24,1687.24
BANKINTER 'R',ES0113679I37,306.94,524.69,334.73,233.61,213.79,386.73,482.08,559.42,803.96,695.42,450.96,463.69,389.25,431.52,317.84,823.33,722.42,721.06,825.02,1219.91,844.69,788.59,708.06,1114.91,1262.82,1139.44
BANCO DE SABADELL,ES0113860A34,,,,79.01,77.47,141.04,162.4,193.21,324.47,249.72,149.73,147.55,140.24,129.43,93.11,136.35,114.23,88.72,80.54,120.93,54.04,52.73,28.27,57.34,75.63,78.0
BANCO SANTANDER,ES0113900J37,560.31,620.02,662.25,474.11,391.17,774.94,821.04,989.12,1355.82,1259.44,663.34,1147.91,1167.85,903.59,913.75,1167.88,993.28,625.03,851.88,1150.84,771.49,744.07,615.25,706.14,728.51,791.36
NATURGY ENERGY,ES0116870314,3857.72,2203.26,2095.42,2113.13,2329.25,3010.6,3683.99,3726.32,5675.19,7013.42,3084.89,3152.93,3022.27,3282.77,4033.89,5443.43,5230.98,4286.08,4780.34,5584.89,7284.52,7325.65,7634.58,9901.73,9046.24,8633.71
CORPORACION FINCA.ALBA,ES0117160111,224.34,278.95,210.18,190.19,186.27,269.56,359.91,457.31,662.59,538.33,340.85,461.08,588.0,470.21,527.0,649.62,567.8,465.97,563.43,751.44,616.14,637.62,641.41,776.57,635.84,701.74
INDRA SISTEMAS,ES0118594417,113.95,166.79,148.76,125.28,105.63,214.41,274.1,306.9,422.95,415.33,366.6,369.19,365.48,286.05,266.22,391.03,235.12,210.92,251.65,316.33,233.48,272.24,201.59,230.55,276.25,401.89
FOMENTO CONSTR.Y CNTR.,ES0122060314,304.63,167.61,183.57,199.22,217.91,371.96,503.64,664.85,1145.95,683.53,320.3,432.73,390.48,335.99,169.06,372.5,240.91,145.37,172.46,222.74,291.46,260.54,252.11,269.89,211.72,303.71
MAPFRE,ES0124244E34,150.64,95.98,159.48,131.71,172.0,326.27,326.56,394.81,611.35,486.35,361.06,472.85,518.61,508.62,462.26,692.51,573.25,383.87,568.48,650.03,548.33,553.09,435.96,522.3,501.67,590.07
ACCIONA,ES0125220311,1128.03,814.75,645.22,607.5,815.02,1198.81,1704.75,2452.12,4182.12,4689.03,2410.19,2380.63,2044.93,1913.64,1507.3,1594.02,1803.28,1905.59,2019.69,2249.72,2625.5,3379.81,4515.91,5039.89,5988.87,3830.24
ENDESA,ES0130670112,1646.85,1215.24,1200.54,997.14,815.31,1437.72,1780.76,2331.23,4285.78,4035.75,2915.05,3670.97,3927.98,2768.25,3148.19,4522.65,5629.99,5627.19,6481.71,6926.43,8781.13,10175.89,10125.55,9004.28,8493.17,9013.15
ENAGAS,ES0130960018,,,,,110.44,194.55,289.33,337.12,421.44,496.57,339.08,411.08,447.28,443.58,539.71,672.97,783.29,771.24,673.55,743.5,872.87,872.81,737.94,793.99,714.23,669.72
ACERINOX 'R',ES0132105018,658.02,889.2,803.85,839.94,895.98,1172.58,1779.13,1703.0,2967.69,2555.83,1556.46,2120.55,2140.54,1907.49,1441.5,1854.07,2140.07,1520.4,2227.21,2221.83,1757.0,1801.24,2124.4,2522.59,2122.1,2379.04
FAES FARMA,ES0134950F36,263.83,194.55,303.08,307.17,347.07,578.66,748.85,933.27,2323.67,1276.02,532.46,656.36,618.02,330.05,492.02,660.7,469.21,609.07,805.56,786.93,883.75,1317.15,1164.53,1035.39,1014.77,947.76
OBRASCON HUARTE LAIN,ES0142090317,1456.68,593.56,600.5,600.78,564.54,1008.93,1260.63,2364.09,4859.46,4047.46,1688.98,3297.08,4782.6,4290.3,4786.11,6928.84,3993.85,1510.79,984.51,1678.06,301.85,379.7,215.49,336.14,192.86,142.43
IBERDROLA,ES0144580Y14,784.28,558.62,723.12,607.55,772.24,1092.54,1380.35,1658.56,2692.12,3542.53,1876.1,2081.27,2403.66,1834.69,1605.95,2146.43,2457.41,2623.52,2492.48,3157.59,3582.88,5116.57,6373.88,5337.26,5857.85,6156.39
INDITEX,ES0148396007,,,,131.25,164.3,138.49,200.61,242.5,410.57,349.1,305.74,456.5,582.27,719.64,1131.72,1265.43,1252.51,1350.62,1431.45,1449.7,1255.27,1620.45,1475.64,1357.87,1520.54,2114.74
MEDIASET ESPANA COMUNICACION,ES0152503035,,,,,,,206.06,261.81,287.49,230.95,98.74,173.89,196.65,101.24,108.52,196.62,195.6,163.03,204.85,196.18,125.79,107.58,108.34,90.53,68.59,
MINOR HOTELS EUROPE & AMERICAS,ES0161560018,225.14,176.45,235.21,163.74,156.17,211.65,245.76,288.31,420.08,252.54,79.57,103.35,149.29,81.12,92.77,147.79,117.65,90.89,103.6,167.34,121.55,137.44,98.48,93.09,101.54,112.43
ACS ACTIV.CONSTR.Y SERV.,ES0167050915,242.6,123.07,165.59,168.79,225.3,355.67,533.63,744.55,1226.2,1081.0,1009.28,1103.24,1209.32,876.36,682.85,1169.34,1173.68,843.87,1094.15,1363.91,1539.78,1340.93,1404.55,1196.64,1499.88,2122.08
PROMOTORA DE INFIC. A PRRDE.INFORMACIONES,ES0171743901,,,82.86,41.93,33.47,85.44,100.1,92.12,98.76,72.74,14.11,23.88,14.2,5.73,1.79,2.85,1.53,0.96,0.96,0.74,0.58,0.46,0.39,0.23,0.13,0.11
GRIFOLS ORD CL A,ES0171996087,,,,,,,,,307.14,444.71,345.27,293.85,329.32,445.23,757.87,1197.52,962.58,995.91,1049.38,1440.64,1287.56,1720.11,1410.87,849.65,746.91,555.67
REDEIA CORPORACION,ES0173093024,,71.79,134.44,125.57,155.81,252.84,355.15,486.02,682.97,924.91,710.55,810.16,931.71,875.81,1028.45,1464.71,1766.42,1783.38,1617.87,1894.96,2230.4,2020.75,1967.86,2225.82,2045.93,1953.75
REPSOL YPF,ES0173516115,675.93,740.71,679.96,466.56,562.51,862.92,1080.84,1185.5,1448.26,1344.5,889.28,1068.01,1642.22,1451.82,1208.96,1457.86,1264.92,767.7,1112.47,1451.47,1453.98,1271.68,1040.29,1372.57,1668.68,1647.63
TELEFONICA,ES0178430E18,1245.18,2430.81,1603.3,1042.1,895.62,1665.58,1911.31,1665.56,2564.8,3338.09,2361.22,2942.78,3501.52,2662.62,2157.04,2553.15,2592.82,1942.35,1888.82,1999.76,1818.98,1536.69,1133.23,1297.04,1080.99,1191.61
SACYR,ES0182870214,222.0,103.13,124.76,116.87,181.06,310.49,343.29,556.69,1419.78,646.48,220.62,237.84,250.96,130.81,63.64,147.09,121.73,51.81,77.33,97.93,78.84,101.57,83.77,98.28,122.81,142.0
ZARDOYA OTIS DEAD - DELIST.09/05/22,ES0184933812,1163.48,740.14,967.08,1151.98,1700.52,2979.34,4379.48,4793.79,7218.31,5409.79,4924.0,5241.03,5137.72,5033.8,5431.25,7074.73,5301.05,4961.09,4249.68,5704.73,4431.43,4327.99,4048.75,4924.46,,
KESKO B,FI0009000202,294.22,255.27,261.95,243.22,334.86,602.03,989.24,1168.14,2215.12,1865.27,968.45,1555.67,2177.4,1629.67,1767.48,2335.08,2176.74,2468.98,3139.02,3997.68,4290.58,5592.55,8156.12,9968.73,7151.97,6763.38
TIETOEVRY,FI0009000277,2545.5,4400.69,2189.59,1659.79,1000.02,2510.97,2682.39,3037.83,2363.21,1670.77,1146.86,2200.43,2188.47,1642.83,2609.6,2801.21,3354.04,3567.26,3802.0,5245.68,4510.31,5479.87,5665.26,5339.4,5747.93,4664.25
HUHTAMAKI,FI0009000459,328.79,277.13,231.12,311.77,365.89,500.76,628.32,737.61,784.72,495.07,349.28,662.04,756.13,703.28,1023.14,1567.49,1689.63,2168.78,2323.51,2610.81,2202.08,3030.95,3444.25,2803.22,2723.39,2984.6
NOKIA,FI0009000681,7792.79,22961.25,15187.41,10619.46,6690.24,10523.9,7887.97,9210.84,11729.79,18631.06,7518.86,7732.02,6874.04,3340.55,2845.96,5022.62,5821.55,4651.73,3898.41,4638.84,5144.44,3832.21,3802.24,5104.52,4181.2,3305.19
UPONOR DEAD - DELIST.30/04/24,FI0009002158,155.73,185.31,208.18,209.13,260.18,463.01,616.74,804.7,1347.06,908.97,459.62,812.45,845.58,545.35,749.59,903.39,837.24,827.04,1035.6,1193.59,710.13,901.53,1600.62,1592.56,1296.63,2316.8
OUTOKUMPU 'A',FI0009002422,197.35,286.87,193.31,273.67,244.03,366.83,545.38,531.44,1164.36,1047.12,479.66,622.94,652.83,302.95,144.01,79.96,91.28,42.05,168.86,130.7,68.68,84.18,86.63,125.83,101.42,83.97
WARTSILA,FI0009003727,293.86,306.76,327.72,386.44,328.0,617.02,1196.7,1725.38,3230.06,3343.98,1784.2,3012.71,5556.28,5098.61,7360.58,8860.09,7615.65,7360.74,8988.62,12288.43,8493.64,7024.8,5906.03,7326.22,6274.82,9666.9
NOKIAN RENKAAT,FI0009005318,628.52,681.65,327.29,445.69,701.84,1699.41,2966.61,3171.44,4180.07,6844.91,2418.96,5167.82,8597.2,9281.36,10996.15,11169.01,8135.03,10677.0,11814.36,14421.26,10903.55,9357.15,13992.57,12799.19,4250.29,3978.86
KONECRANES,FI0009005870,245.22,285.11,241.79,232.01,198.51,328.83,428.25,514.13,1273.19,1133.03,788.45,1197.02,2087.04,1417.85,1728.22,1702.41,1935.4,1275.95,2221.71,2891.1,2119.46,2314.82,2920.19,2845.32,2398.79,3736.92
STORA ENSO R,FI0009005961,327.3,551.7,389.37,516.51,404.02,538.51,630.53,624.36,809.6,635.35,340.58,321.3,669.12,439.32,408.96,693.22,649.95,553.61,763.13,1279.78,1070.49,1081.88,1530.2,1766.3,1308.93,1116.37
UPM-KYMMENE,FI0009005987,491.08,646.2,591.48,708.1,624.49,819.22,1003.11,982.89,1337.52,898.01,549.34,625.57,1268.73,886.04,830.28,1270.1,1464.87,1368.58,2025.78,3076.32,2893.5,3143.96,3822.12,4030.81,4262.44,3746.12
FORTUM,FI0009007132,91.34,79.12,73.84,95.94,134.61,217.5,418.67,738.86,916.95,1429.53,744.01,989.44,1246.06,1062.62,885.7,1163.4,1217.0,791.32,949.76,1453.33,1702.15,1844.16,2150.61,2434.09,1390.31,1260.9
SANOMA,FI0009007694,1617.57,1322.33,1115.03,1011.66,985.89,2327.66,3044.79,3013.33,3662.18,3180.83,1690.93,3265.78,3826.3,2365.41,1893.61,1387.14,1257.42,910.29,1768.17,2765.79,2367.6,2824.88,5062.28,3958.74,2993.96,1984.02
ELISA,FI0009007884,,199.93,76.9,46.98,30.3,68.38,83.64,101.59,167.8,173.9,110.37,161.19,177.2,194.5,197.36,270.31,291.61,420.67,396.65,540.45,551.24,840.2,833.87,886.49,863.3,715.64
NESTE,FI0009013296,,,,,,,,181.28,195.61,195.73,99.13,109.37,134.05,99.58,118.02,171.68,228.82,277.55,309.69,675.19,960.4,1309.14,2056.19,1420.81,1474.54,1132.39
KONE B,FI0009013403,417.09,602.7,685.98,817.36,1069.93,2158.94,2853.32,4707.13,7261.41,7955.38,5612.88,10315.24,14760.99,15744.52,24487.57,26483.46,29558.53,29910.37,29214.42,38409.34,36983.63,49105.62,62231.84,54601.04,45414.94,43881.02
YIT,FI0009800643,124.14,172.11,208.85,214.79,347.42,797.09,1074.14,2089.1,2410.32,1790.57,654.96,2333.46,3021.7,2309.46,2613.3,1756.41,986.14,989.81,1251.11,1540.49,1125.87,1405.78,1230.17,1108.14,650.96,503.79
ICADE REIT,FR0000035081,389.88,379.85,386.57,470.89,604.58,757.42,910.78,1698.01,2525.97,2332.38,1588.13,2154.65,2601.54,2065.94,2255.52,2538.96,2662.23,2178.25,2323.07,3527.49,3016.4,4261.44,2896.03,2769.45,2218.92,1697.86
NEXANS,FR0000044448,,,,60.06,66.92,152.15,174.96,267.4,550.44,404.86,263.05,340.72,382.49,290.13,240.36,264.75,178.87,210.85,315.97,322.09,165.86,291.31,451.73,501.16,601.83,542.81
CREDIT AGRICOLE,FR0000045072,,,,92.71,96.09,168.22,210.69,248.61,326.23,213.13,109.41,128.96,152.21,71.44,94.35,144.29,131.54,104.32,144.12,215.86,141.28,198.49,164.17,224.27,188.12,242.8
MAUREL ET PROM,FR0000051070,76.94,61.93,44.17,77.72,104.56,268.91,1017.38,1083.02,1088.3,892.99,565.99,985.33,1189.65,1269.27,1421.49,1262.02,729.74,239.55,353.38,348.83,290.71,227.32,168.95,248.19,308.88,482.48
ATOS,FR0000051732,196.76,264.51,160.51,122.73,45.6,120.53,109.76,122.77,99.4,82.7,46.47,75.5,99.14,93.93,131.02,165.06,138.49,136.35,198.74,283.66,168.11,225.93,200.65,95.28,33.94,7.35
HERMES INTL.,FR0000052292,585.66,967.81,980.67,1055.81,1010.3,1423.22,1431.62,1882.76,2769.89,2344.02,2401.53,3051.51,4853.31,8565.25,8077.08,8188.39,8394.57,9054.33,11215.41,13983.29,15820.81,20569.45,29418.42,39973.4,50342.77,60634.36
M6-METROPOLE TV,FR0000053225,383.93,1369.28,900.78,571.49,533.76,892.08,794.43,931.52,1074.69,711.07,543.66,905.15,1021.65,762.01,805.79,1182.69,1092.24,964.25,1231.92,1758.93,1044.59,1203.52,1324.46,1592.52,1304.44,1192.25
UBISOFT ENTERTAINMENT CAT A,FR0000054470,277.66,568.15,438.73,302.27,145.61,224.41,439.42,421.97,870.95,1929.66,688.9,576.26,528.67,350.6,438.55,642.81,876.06,1117.74,1444.06,3590.35,3592.36,3476.97,4413.56,2510.49,968.55,906.31
TF1 (TV.FSE.1),FR0000054900,726.31,2357.8,2091.2,967.25,1078.41,1651.44,1572.96,1545.61,1684.2,1253.68,643.76,968.75,1245.71,745.14,823.73,1390.74,1270.13,924.65,976.74,1355.78,718.61,757.95,881.59,1017.68,895.77,989.09
COVIVIO,FR0000064578,490.62,528.39,510.54,545.97,764.68,1728.25,2833.9,4797.07,8536.11,5382.13,2877.52,5141.25,5908.86,4139.4,5359.66,5816.53,7801.85,6455.07,6718.51,9257.99,9243.73,11251.17,8549.74,8794.78,7839.82,5633.17
SAFRAN,FR0000073272,7385.14,27602.42,13271.64,6201.92,7333.01,14779.18,13142.21,17377.85,16053.29,10626.83,9085.4,13889.37,25584.01,24243.13,35206.51,58762.25,56336.3,50740.4,58078.56,92573.97,113143.97,147225.66,120585.77,110389.92,124733.72,171771.51
JCDECAUX,FR0000077919,,,,60.07,66.11,112.49,155.92,149.08,185.55,182.55,102.38,154.63,206.29,170.97,184.54,290.26,250.15,267.37,222.5,298.28,222.65,196.27,156.94,208.5,174.87,148.55
L AIR LQE.SC.ANYME. POUR L ETUDE ET L EPXTN.,FR0000120073,7985.35,7993.54,7989.89,8347.58,8683.65,12453.22,14266.15,17144.37,22513.5,25466.52,17301.39,23710.08,31774.8,33199.4,35176.25,39037.57,42595.81,36331.81,38640.06,51399.52,49669.19,69293.64,78536.77,81956.07,84495.97,102260.5
CARREFOUR,FR0000120172,12528.63,18010.94,13661.65,10709.54,8973.56,12347.81,12902.24,11578.22,15581.59,17229.79,9614.54,12820.6,13809.77,8239.59,9858.9,13203.09,11833.17,10487.24,9342.35,9141.73,8272.77,7284.2,7569.12,8662.29,8159.78,7783.74
CNP ASSURANCES DEAD - DELIST.20/06/22,FR0000120222,120.5,141.64,163.25,145.63,201.69,321.11,394.51,512.8,726.91,708.47,469.67,579.49,662.43,443.29,522.3,701.03,675.2,507.09,779.94,1095.55,1026.26,868.54,768.56,1301.16,,
TOTALENERGIES,FR0000120271,11944.72,15004.42,17036.33,16773.74,15689.36,23174.76,30136.03,37641.46,41028.27,42775.47,34889.02,37499.08,42746.93,41746.47,41990.24,50930.81,49366.51,41892.86,50949.1,59348.83,61865.64,59288.95,54677.63,81117.32,91271.27,97953.55
L'OREAL,FR0000120321,12218.06,12722.92,14041.75,12313.9,12192.24,15880.3,14413.59,15419.03,20942.7,23696.04,14536.88,21156.62,26049.9,23993.76,32581.66,38520.17,41787.42,40547.65,44384.48,53217.48,61624.44,75717.15,95001.24,111180.53,106884.53,130846.98
ACCOR,FR0000120404,647.28,590.26,710.44,556.96,531.79,804.28,843.61,1207.18,1794.46,1473.22,984.55,1106.82,1621.68,1179.31,1458.34,1921.05,2041.75,1507.32,1708.1,2333.29,1908.28,1873.44,1718.21,1641.51,1471.05,1851.03
BOUYGUES,FR0000120503,23261.97,71575.09,43769.25,25897.45,22250.55,36175.36,49051.62,64934.83,84769.64,87104.99,49158.0,64442.2,66114.9,49387.98,43346.35,67520.47,65576.37,71761.31,71509.47,107010.78,75016.01,92860.31,97032.74,90203.0,85940.46,100565.03
QUADIENT,FR0000120560,,241.82,151.4,220.27,199.34,358.29,574.15,728.21,997.71,773.93,733.73,719.63,897.45,767.46,672.54,1036.42,690.33,335.95,496.2,473.74,430.72,452.41,413.28,362.0,334.5,429.54
SANOFI,FR0000120578,2610.08,2389.24,3660.33,3988.21,3125.46,4898.14,5066.16,6249.18,6256.85,5505.19,4349.92,5657.86,5786.86,6590.72,8225.04,9180.93,9525.83,8145.96,8614.29,8992.96,9761.08,12278.79,11924.87,13706.23,12478.02,13042.82
AXA,FR0000120628,14484.37,14288.26,14850.41,8039.8,5493.39,11302.85,12370.27,17592.18,23868.4,18354.17,10210.27,12449.15,14220.67,11590.09,12898.6,20549.35,19221.55,19184.46,21383.0,29668.94,22719.75,28417.71,25079.3,36926.29,37426.62,42832.71
DANONE,FR0000120644,4937.02,3756.99,4991.11,4134.74,4624.55,6804.17,7331.74,8616.53,12788.07,12760.15,8687.08,10286.67,11814.3,12815.24,13669.51,14081.55,14322.72,14866.22,14274.34,19101.04,17410.2,19704.45,16246.66,16634.37,14614.23,18556.28
PERNOD-RICARD,FR0000120693,4196.72,3829.52,5161.89,5917.81,7129.09,12231.62,14111.55,19050.13,25898.88,25675.63,16005.24,22207.99,28577.94,30644.8,38225.39,35405.39,38778.33,37048.11,39011.3,52212.58,58809.74,62454.56,70545.1,79440.97,75287.85,64316.39
IMERYS,FR0000120859,2310.44,2626.08,2235.01,2113.36,2503.86,5076.86,7952.49,8282.82,9845.06,7810.9,4824.77,6346.93,8367.97,7199.6,8661.01,11357.98,10326.21,8682.75,11444.24,15097.79,7956.32,7352.78,8393.55,8150.96,7846.29,6893.01
BIC,FR0000120966,3087.65,2179.41,2093.63,1648.9,1754.1,2482.97,3244.51,3871.95,4294.86,3938.77,3527.46,4889.17,6074.37,7047.46,10198.07,9522.95,11899.95,13565.93,11689.79,9694.01,9564.76,7023.34,6093.08,6126.84,8247.65,8065.32
LVMH,FR0000121014,3891.92,7693.86,5793.18,3597.84,4027.68,7050.68,6994.95,9004.2,10869.07,10447.51,6882.78,11241.2,17688.03,18970.86,20476.17,21877.29,23537.05,23580.16,27935.75,43504.87,47410.36,68000.4,96260.32,125458.01,134595.95,133586.21
EURAZEO,FR0000121121,7726.25,7533.28,10503.24,7694.67,8780.15,12895.42,16062.86,22553.86,33246.71,25362.81,8328.66,18632.92,21799.87,14688.14,18123.19,27196.69,28250.47,24742.8,28505.95,50015.76,38398.36,41117.12,41305.93,46024.86,40846.55,51699.61
WENDEL,FR0000121204,481.76,502.73,509.91,329.68,284.95,602.85,1011.13,1487.13,2123.87,1371.83,579.08,765.34,1571.59,1234.34,1687.12,2260.0,1915.81,1613.04,2006.56,3027.71,2134.18,2461.63,2268.77,2072.16,2149.2,1911.47
SODEXO,FR0000121220,3109.92,2531.94,3262.6,2890.33,1847.04,2358.13,2548.59,3626.57,6030.83,4522.54,4939.42,4918.97,6578.36,7500.92,9122.49,10500.4,10528.92,10592.2,12087.77,13966.52,12608.66,12976.0,11156.4,11585.04,11946.43,14597.25
THALES,FR0000121329,22885.33,29572.2,24733.64,20941.68,17168.17,24364.84,30419.77,32643.48,38304.96,40063.66,33485.32,34235.12,29873.46,29487.43,29935.65,56938.61,49183.47,63807.42,87630.12,100533.72,107551.61,103803.09,91250.68,90758.61,127983.31,153303.64
KERING,FR0000121485,10001.04,11347.45,11969.11,5613.14,4291.19,6283.24,6624.97,7527.8,10145.73,9171.17,4300.15,8764.8,12408.37,13611.87,17877.19,17859.29,18875.52,16100.89,22618.02,46337.42,53100.55,67135.62,72437.0,82637.08,69903.25,49277.4
ESSILORLUXOTTICA,FR0000121667,12669.61,8621.6,9857.55,10432.35,11947.36,20297.69,24743.45,31202.46,41440.17,39160.88,28103.33,42294.75,51869.33,58169.67,76936.68,82445.04,87615.04,97516.56,94542.42,111094.65,104105.59,128856.98,134014.08,173445.41,164126.71,179957.99
KLEPIERRE REIT,FR0000121964,305.86,296.22,319.66,334.5,465.37,678.54,1036.71,1176.15,2363.52,1786.31,887.5,1553.86,1616.23,1397.15,1901.02,2265.86,2671.89,2379.08,2242.32,2584.48,2263.97,2245.3,1710.72,2089.64,2253.83,2430.85
SCHNEIDER ELECTRIC,FR0000121972,4126.4,4832.31,4543.17,3228.77,3278.74,5087.31,6026.89,8164.18,10215.91,8989.09,6374.47,9465.42,14799.99,12866.91,15226.43,17937.07,17162.53,12981.63,17064.55,21437.0,17921.92,27193.03,40083.35,45983.68,44896.68,58877.76
VEOLIA ENVIRON,FR0000124141,,,126.27,104.71,74.31,97.52,125.21,180.82,257.85,295.7,91.64,131.24,137.89,58.85,63.42,85.35,102.42,137.28,99.02,149.85,138.89,202.36,192.23,272.68,231.82,259.55
SAINT GOBAIN,FR0000125007,434.98,425.12,493.47,459.64,367.03,713.31,892.4,964.23,1405.71,1110.37,660.44,800.18,1117.53,913.98,813.3,1159.59,949.4,884.81,1116.09,1290.41,869.59,979.93,1298.08,1767.61,1540.25,1997.75
CAPGEMINI,FR0000125338,1580.84,1938.72,1494.7,568.19,216.09,392.35,296.25,380.48,558.99,450.41,350.49,407.47,517.54,385.07,489.99,751.84,802.13,967.38,909.5,1432.42,1248.45,1491.12,1831.07,2678.48,2413.17,2760.21
VINCI,FR0000125486,153.73,160.95,214.12,231.2,240.05,362.85,642.7,819.4,1330.62,1240.25,771.67,1093.8,1279.59,1116.62,1133.84,1759.43,1482.19,1846.29,1957.26,2964.93,2594.61,3479.56,3214.2,3624.61,3674.72,4352.63
VIVENDI,FR0000127771,13321.01,17024.7,10670.32,6000.91,2405.63,4164.33,5011.94,5042.34,6882.3,6755.0,4958.84,4819.66,6272.65,4916.3,5273.93,7380.09,6754.76,6433.85,6267.17,9849.01,9189.26,10296.11,11820.38,12417.7,10040.65,10816.28
LAGARDERE GROUPE,FR0000130213,253.71,530.89,356.37,234.42,249.69,404.37,502.79,582.02,579.79,509.74,309.91,302.92,381.23,258.34,330.3,524.15,508.81,563.55,516.74,642.17,587.42,475.35,600.01,668.65,538.9,535.67
REMY COINTREAU,FR0000130395,73.47,83.97,136.88,101.88,129.99,168.46,210.87,255.84,370.17,315.28,155.62,282.83,424.76,586.72,817.89,484.84,505.36,493.99,642.91,909.42,899.02,816.73,1420.32,1600.24,1394.26,833.63
EIFFAGE,FR0000130452,9551.66,8651.37,9452.85,11653.0,12823.78,22719.01,47661.5,59816.26,119410.69,97876.96,58695.4,61254.66,66738.58,44267.57,59969.79,87811.81,75271.29,102419.01,110062.62,182932.62,146702.74,192162.37,162914.52,182000.3,183497.98,188473.18
PUBLICIS GROUPE,FR0000130577,873.72,3207.84,1875.75,1373.68,1188.04,2081.4,1899.56,2304.66,2818.06,2093.83,1590.19,2559.44,3539.86,3662.52,4581.8,6554.86,5617.06,4412.8,5059.79,5382.29,4324.5,3783.09,4950.72,6547.37,7610.35,10085.29
SOCIETE GENERALE,FR0000130809,389.88,500.47,687.68,627.06,631.31,1145.56,1298.11,1790.41,2579.3,1718.23,622.66,908.49,1124.11,573.85,756.01,1102.66,797.23,694.32,954.2,1165.91,636.36,832.3,513.07,1001.7,810.83,696.7
BNP PARIBAS,FR0000131104,227.58,204.16,247.24,256.32,242.02,388.7,450.16,579.99,788.96,625.72,280.62,508.95,622.35,401.6,518.85,744.67,505.97,449.62,621.57,841.83,518.74,682.91,630.02,947.63,899.28,849.45
ERAMET,FR0000131757,62.55,107.44,93.91,70.01,45.83,137.12,241.16,291.59,461.74,1353.58,533.63,814.59,1067.52,498.26,404.39,289.24,270.7,68.26,178.28,415.81,218.1,138.58,180.05,345.76,372.36,224.43
RENAULT,FR0000131906,188.14,182.19,211.7,147.41,188.86,299.78,380.7,441.66,584.52,499.69,113.8,233.97,345.81,260.7,328.48,501.03,475.5,492.05,546.76,676.97,442.55,275.62,348.05,284.97,312.99,281.71
ORANGE,FR0000133308,323.04,545.41,286.47,110.1,103.7,135.67,153.01,107.13,145.87,187.42,145.69,142.57,157.08,119.83,93.63,117.28,179.92,175.45,163.36,192.19,180.39,174.23,155.63,172.22,155.68,186.42
GECINA,FR0010040865,315.87,287.96,268.57,246.25,331.27,480.28,688.7,808.67,1290.14,952.34,523.08,853.94,1146.33,977.8,1148.92,1380.33,1545.99,1496.0,1574.95,2461.52,1999.04,2713.24,2151.58,1957.27,1945.06,1846.92
ALSTOM,FR0010220475,76.93,92.56,81.15,39.16,17.92,12.02,7.88,16.56,29.19,44.13,26.36,29.85,28.14,20.03,21.98,15.09,17.22,13.18,15.09,22.43,22.82,31.9,34.27,20.33,19.73,8.48
EUTELSAT COMMUNICATIONS,FR0010221234,,,,,,,,125.63,174.42,239.33,197.87,307.85,370.81,388.41,362.1,342.17,406.26,387.39,220.19,287.44,307.12,237.89,200.77,242.34,155.45,81.47
EDF DEAD - DELIST.08/06/23,FR0010242511,,,,,,,,135.88,234.88,321.52,164.25,177.77,150.23,92.95,74.91,151.33,125.22,65.35,51.89,78.28,107.76,82.0,84.6,65.43,94.58,
LEGRAND,FR0010307819,,,,,,,,,161.3,154.29,99.07,157.97,233.9,212.61,272.93,349.32,351.69,370.49,392.92,555.22,429.0,589.27,698.05,790.35,687.55,783.11
ARKEMA,FR0010313833,,,,,,,,,159.07,162.31,52.69,116.33,243.71,286.75,389.19,378.82,279.93,230.35,391.76,505.45,376.86,398.95,470.3,666.45,464.6,504.38
ADP,FR0010340141,,,,,,,,,190.52,240.14,130.64,175.01,215.59,189.72,217.28,303.4,336.0,326.32,312.78,584.92,554.69,583.22,385.07,428.05,474.63,427.34
SCOR SE,FR0010411983,407.11,397.37,400.41,240.83,61.75,59.7,63.03,77.52,93.14,71.69,77.52,88.86,115.96,112.55,133.97,162.98,158.68,180.32,190.06,250.17,262.05,265.25,207.19,233.88,176.27,239.93
GETLINK,FR0010533075,,,,,,,,,,45.73,22.47,37.88,40.54,35.21,36.2,47.21,59.62,50.3,41.96,60.38,68.86,83.98,79.47,76.01,85.31,85.44
VALEO,FR0013176526,2551.94,1960.56,1566.67,1372.73,989.86,1556.95,1653.23,1616.24,1938.93,1432.58,582.04,1399.31,2567.78,2375.97,2588.12,5816.75,7363.52,6480.23,9579.75,12110.92,4698.02,5205.36,6982.13,5004.35,4004.09,2201.33
SPEEDY HIRE,GB0000163088,764.21,730.39,570.6,775.89,721.45,1392.21,2262.65,3033.94,4542.76,2851.62,274.86,328.42,392.56,379.81,547.99,889.18,889.41,465.56,568.12,632.01,722.14,997.73,885.56,762.86,530.27,367.28
ANTOFAGASTA,GB0000456144,13192.17,33381.4,33735.05,41684.37,56174.71,118998.74,136650.42,216318.57,284471.88,421179.07,243120.91,454205.0,860850.86,803492.81,686542.65,609829.37,478974.92,292253.26,471992.23,579553.26,547435.04,550848.61,1031770.54,873535.29,1152519.38,1240003.72
ASHTEAD GROUP,GB0000536739,3876.35,2167.25,2289.14,845.2,766.01,907.76,2243.81,5309.86,5784.67,2474.25,1095.62,2344.98,5553.9,7311.2,14341.6,25822.23,32787.78,25908.07,41262.06,59005.62,53345.57,72951.12,114613.5,146179.1,149342.47,149141.78
BARRATT REDROW,GB0000811801,45645.18,37828.02,60274.87,81353.17,88806.53,136412.92,181000.59,280050.06,399098.86,124338.14,20361.86,46569.7,40497.6,49577.09,92251.47,174163.6,189954.95,240449.71,185867.46,254818.9,250578.32,389898.69,367358.63,330254.36,239679.37,295914.91
BELLWAY,GB0000904986,5725.19,5108.42,7731.81,8824.8,11523.0,18293.41,24807.85,32741.04,48763.29,23509.22,17143.12,20186.12,18942.24,22690.95,33938.5,50252.13,55328.09,77262.52,67368.01,100758.36,83601.9,125949.5,102995.72,97779.63,70651.4,103416.38
BALFOUR BEATTY,GB0000961622,1039.25,882.95,1738.16,2345.86,2148.72,3958.28,5841.87,6316.42,8855.17,8530.75,5757.92,5022.95,7171.69,6013.49,5942.76,7292.35,5620.84,5687.61,5252.13,6003.27,5925.97,5746.88,6192.34,5691.53,7584.67,7423.48
BOOT (HENRY),GB0001110096,13867.66,14378.75,13843.88,18755.59,21118.84,36302.1,44769.64,68937.26,119963.13,80654.92,25227.18,47932.5,59270.15,70419.08,83042.26,125541.53,110651.81,121303.91,100087.25,170674.24,132962.32,181286.65,156920.47,166019.83,131669.53,105201.21
BRITISH LAND,GB0001367019,6065.55,4379.59,5875.36,5818.79,5855.64,9875.79,14683.46,18331.43,30912.11,17577.99,6760.52,9089.11,11804.4,11720.8,13591.17,17832.2,21697.3,18151.16,13556.23,17202.84,15119.22,15462.85,13703.41,16326.72,12848.52,12167.0
TULLOW OIL,GB0001500809,483.48,591.97,649.55,796.96,818.38,1046.88,1964.08,3319.07,5123.68,7295.96,6752.89,11778.28,14925.5,15301.05,12263.24,9201.68,4269.12,1843.86,2502.92,2067.6,2168.98,507.89,324.42,583.48,338.48,300.64
WETHERSPOON (JD),GB0001638955,1277.2,2562.49,2076.56,1975.87,1017.45,1891.41,1980.96,2338.58,5763.62,2447.51,2273.26,2790.17,3115.14,2946.49,3702.18,6103.42,5605.46,4785.17,5708.32,8123.48,7930.13,9855.04,8877.1,5910.71,2938.54,5215.94
BREWIN DOLPHIN DEAD - DELIST.28/09/22,GB0001765816,608.89,1321.94,1226.22,586.55,238.34,878.08,1230.89,1609.88,2080.89,1522.29,995.02,1275.66,1787.18,1695.01,2415.12,3864.9,3378.78,3003.29,3284.97,4535.99,3603.99,4569.31,4112.75,4800.27,,
DIPLOMA,GB0001826634,33635.35,55998.97,79813.78,105425.07,114270.7,207063.03,286367.85,319048.92,423344.14,381254.4,230642.93,381371.58,704222.58,948086.06,1375960.13,1778213.73,1955185.48,1571467.16,2182412.28,2696052.52,2989875.51,4553680.3,5876623.61,6809882.99,6526507.83,7976557.3
VISTRY GROUP,GB0001859296,191.98,256.22,302.24,302.56,359.19,536.98,796.23,899.28,1466.18,765.54,451.51,454.02,546.62,580.52,762.7,1063.49,1032.32,1056.35,909.15,1324.3,1294.18,1934.08,1342.86,1545.5,1106.61,1568.16
GENUS,GB0002074580,,,89.32,105.04,162.03,219.55,400.18,483.54,788.27,872.28,734.65,753.67,1011.2,1213.42,1614.07,1532.36,1427.43,1556.01,1712.44,2487.85,2309.52,3253.0,5830.17,3999.7,2837.11,2246.37
RATHBONES GROUP,GB0002148343,3970.97,6358.04,6225.94,5006.97,3617.33,6369.75,7930.89,9829.74,12391.26,10287.84,5974.91,7132.75,11534.83,12140.25,14978.77,18405.05,23784.3,21894.03,19576.53,28018.55,22978.23,20354.04,17999.19,21523.3,22366.96,18776.72
CRANSWICK,GB0002318888,1394.11,1407.35,1748.98,3419.3,4350.62,4209.82,7019.74,7055.52,12919.65,8013.76,7033.99,8751.36,10656.71,10727.01,12783.61,18322.13,18070.92,25339.29,26123.31,39319.51,31642.73,45477.88,46899.72,51248.88,39122.9,53563.01
DIAGEO,GB0002374006,21152.77,14955.75,20994.08,25176.34,21942.74,31547.5,34380.23,37394.03,52236.85,53567.52,38596.07,45839.52,61009.34,73376.04,95016.05,98216.12,98858.2,91009.31,99674.63,126459.11,145563.96,158258.06,163467.45,206590.23,174282.96,157391.88
ELEMENTIS,GB0002418548,16216.61,17857.25,22312.63,7715.01,6803.71,11808.67,15948.7,29659.26,37305.14,27104.79,16855.88,21857.14,57079.25,70667.04,97179.17,124258.56,126428.53,96996.6,112159.05,132276.39,91032.63,65651.38,61543.95,75038.58,60416.79,66845.52
BAE SYSTEMS,GB0002634946,4058.31,2892.1,2659.46,3079.4,1169.95,2061.91,3407.06,5677.97,6658.02,7117.07,4679.7,4648.67,4946.2,4811.11,5374.67,7493.72,8847.36,8103.63,9041.53,10053.66,8799.03,11583.78,9328.45,11697.82,15583.48,24114.05
DERWENT LONDON,GB0002652740,1129.12,1334.23,1854.75,1656.57,1388.68,2396.69,3633.94,4909.58,7419.91,4665.41,1629.7,3894.99,4862.52,5466.23,6732.76,8844.62,10640.74,9380.42,6676.52,8770.94,9826.07,12634.43,10840.43,10922.29,8047.69,6653.52
DEVRO DEAD - DELIST.14/04/23,GB0002670437,184.03,101.04,63.35,71.12,80.28,174.41,259.66,237.06,320.02,186.03,145.48,300.24,499.96,601.15,790.78,755.32,656.9,675.17,349.06,474.69,361.99,397.96,458.46,611.79,773.95,
BIG YELLOW GROUP,GB0002869419,,,211.2,140.92,112.46,252.08,403.26,681.41,1407.04,785.84,272.25,559.3,595.46,550.27,702.6,1074.85,1295.43,1504.12,1170.47,1668.21,1844.13,2376.84,2498.13,3210.15,2544.03,2460.24
BRITISH AMERICAN TOBACCO,GB0002875804,114564.48,55323.82,102631.68,129093.58,141562.64,241652.01,312708.93,400996.52,583349.62,678445.51,543191.39,677445.08,869551.48,1135507.62,1225846.04,1201638.74,1449259.45,1471002.18,1749655.74,1902212.64,1110700.3,1491295.33,1322942.35,1683096.68,1551427.78,1334736.5
RS GROUP,GB0003096442,9077.66,16060.45,13292.3,9848.14,6733.17,10571.22,10251.77,9562.95,11664.68,8118.9,4971.93,7403.34,11752.99,10518.29,12148.57,13353.97,10720.69,10749.05,22146.73,32747.36,28025.55,35476.2,50881.09,57999.17,49841.98,41271.8
SPECTRIS,GB0003308607,848.16,1435.91,1556.0,1230.19,1015.76,1764.49,1840.81,2571.06,3581.8,3055.77,1881.19,2854.76,5696.86,6520.62,9644.13,10291.37,8915.75,6379.69,8840.31,10701.84,10386.64,11086.26,13442.14,15005.41,13137.12,15693.93
FIRST GROUP,GB0003452173,466.53,222.47,373.29,365.68,318.27,484.43,711.5,752.27,1234.87,1446.55,501.18,679.74,788.97,684.04,483.27,413.11,304.81,249.6,266.9,269.39,230.2,306.04,225.0,265.2,257.11,410.45
GAMES WORKSHOP,GB0003718474,566.82,483.7,346.55,839.59,764.15,1431.48,1816.19,676.6,947.2,510.18,399.74,795.2,810.88,1295.89,1741.33,1546.27,1461.5,1555.06,2399.26,7632.5,10145.79,25674.11,37388.17,30602.45,32588.21,37361.44
GO-AHEAD GROUP DEAD - DELIST.11/10/22,GB0003753778,1066.86,791.12,1076.64,861.99,960.08,2172.37,3226.84,3490.22,5347.38,5110.3,1752.5,2784.04,2863.55,3095.29,3368.2,5413.89,6547.14,6029.03,5348.72,3947.46,5029.58,5909.25,3418.73,2010.79,,
HALMA,GB0004052071,38525.97,32711.56,36851.22,42400.33,37952.24,55589.42,70457.31,74949.08,112859.41,98990.0,73897.68,95113.24,154497.44,168491.43,215597.91,291457.88,327914.25,360167.45,378296.28,530145.11,616148.61,925712.92,1097721.4,1070341.99,901426.84,919343.7
STANDARD CHARTERED,GB0004082847,43019.25,38818.99,52927.26,37056.85,38371.26,63638.18,73291.24,99482.56,126184.36,129640.92,63891.69,116636.74,154074.98,146681.74,155675.13,124847.64,89215.96,45099.27,67585.71,76672.99,56710.15,59187.97,44202.15,56259.57,61087.58,57096.38
HAYS,GB0004161021,2222.2,3343.52,2644.4,1361.78,679.88,1357.04,1563.85,1525.32,2146.83,1369.36,950.84,1340.91,1715.54,1163.09,1357.11,2076.9,2335.34,1669.83,1935.09,2920.13,2209.28,2515.7,2341.21,2451.3,2092.48,1745.24
HILL AND SMITH,GB0004270301,17381.13,23366.64,23732.54,24746.7,32706.5,59973.17,85886.65,113865.44,190804.38,204810.41,92531.37,195937.6,173967.98,191145.27,297299.77,381378.08,415326.46,507941.59,706262.11,781465.98,707631.25,917824.89,916148.82,1050252.36,858799.07,1282229.64
HUNTING,GB0004478896,3429.03,3490.13,5300.66,6098.54,3458.2,5440.19,10617.41,18217.39,35974.2,40626.68,19055.87,26473.41,41410.86,43828.16,45528.97,44026.21,26658.14,17601.51,25243.9,30343.77,25571.98,14787.35,11421.49,12016.77,15693.49,15228.96
IMPERIAL BRANDS,GB0004544929,340.58,201.14,337.12,460.85,655.29,942.9,1269.33,1451.05,2222.13,2383.27,1620.94,2039.03,2135.89,2706.12,2701.88,2804.21,3757.44,4268.16,4028.75,3483.26,3241.95,2542.64,2333.31,3093.18,3408.23,3573.85
MITIE GROUP,GB0004657408,25194.58,54121.23,54995.99,47235.95,35138.92,48585.57,68862.96,75719.24,114800.86,112154.85,76746.43,91106.1,92994.84,114754.7,128961.85,157167.84,133085.89,129704.45,83562.61,75232.98,57067.8,63511.04,50400.2,57115.1,67752.59,95966.32
SPIRENT COMMUNICATIONS,GB0004726096,33498.62,71927.68,116896.07,31208.05,5063.23,30229.08,26698.63,18206.91,25631.07,19433.99,11275.56,35225.84,52246.51,43686.23,55335.65,34837.4,28594.84,24739.76,29005.43,33601.89,48961.42,74334.05,84926.64,91449.18,76497.89,42961.34
KELLER,GB0004866223,311.61,395.1,238.81,378.18,412.42,515.79,625.12,822.76,2338.43,1297.87,1183.76,1228.34,1446.65,855.15,1728.96,3009.86,2179.55,1846.44,1752.16,2300.15,1154.29,2091.61,2045.99,2252.71,2129.07,2464.67
KIER GROUP,GB0004915632,208.82,325.56,324.69,578.89,516.01,883.93,1155.73,1940.19,3413.42,1923.89,1248.56,1285.21,1957.68,2247.41,2216.29,3356.66,2818.53,2756.6,2767.2,2378.43,1163.91,236.58,195.42,272.55,178.93,338.15
HSBC HOLDINGS,GB0005405286,1046.9,1382.86,1976.64,1471.41,1482.18,2342.42,2611.62,2681.73,3113.85,2530.72,1541.17,2303.16,2672.46,2187.89,2822.23,2758.79,2664.27,1973.91,2737.91,3487.19,2983.44,2873.63,2058.33,2990.65,3010.7,3515.22
HOWDEN JOINERY GP.,GB0005576813,74.91,109.45,170.18,263.28,220.32,372.49,352.04,163.49,374.23,199.63,28.0,189.17,278.04,249.31,439.93,857.41,954.04,1041.39,757.76,1005.49,1051.47,1527.23,1650.37,1827.91,1536.91,1810.7
LEGAL & GENERAL,GB0005603997,59782.56,36119.32,44099.11,39609.81,24821.94,40931.02,51403.83,52898.46,79929.69,64014.81,24312.21,33526.2,57871.34,60910.16,77502.21,127602.22,151057.24,117975.22,121487.98,155296.52,156473.28,195749.47,189049.12,218282.38,185608.77,203937.86
MEARS GROUP,GB0005630420,196.02,331.83,995.59,1290.52,1344.4,3142.35,5773.7,6446.73,8564.05,6090.46,4901.38,5055.72,6486.92,5221.42,7907.78,10804.43,9411.1,8586.41,9816.37,8474.56,6132.31,6390.62,3492.39,4805.29,4396.77,7917.34
MEGGITT DEAD - DELIST.14/09/22,GB0005758098,15154.39,14394.0,18502.19,15363.52,16812.44,28031.41,41287.47,51464.29,57278.65,52282.01,22381.12,43106.52,65920.57,67545.04,81328.37,103125.86,104150.07,68389.23,70028.62,87570.51,98713.86,126298.6,87228.45,148350.15,,
MORGAN ADVANCED MRA.,GB0006027295,6545.63,6652.42,8622.83,4744.68,1732.08,5190.04,7220.16,9206.01,12139.57,8138.31,4022.19,6405.5,11160.21,13428.32,12614.87,14476.3,13755.77,9310.15,12407.35,15367.93,11910.21,14295.2,14740.2,16086.01,13839.36,13305.35
MOBICO GROUP,GB0006215205,1264.02,558.06,942.44,611.26,465.85,1037.35,1462.55,1369.94,2014.92,2177.46,502.9,636.47,816.89,744.29,721.31,1078.09,959.15,1051.33,1081.53,1308.69,1378.06,1624.09,1184.19,960.71,464.2,317.77
OXFORD INSTRUMENTS,GB0006650450,180.9,187.62,123.18,161.93,137.84,253.49,258.44,298.52,386.4,265.52,182.79,323.96,831.15,1396.61,2327.87,2204.51,938.32,909.77,821.33,1135.1,1137.29,1941.79,2549.13,2657.85,2689.88,2579.6
ASSOCIATED BRIT.FOODS,GB0006731235,19969.63,11407.6,17546.22,17401.68,22574.23,28191.65,39025.49,41145.08,47296.07,47328.69,29760.01,42750.21,54732.68,61282.16,91824.32,158149.56,159078.51,155291.15,106767.55,131754.41,110204.93,128835.43,116219.38,97586.98,89651.05,113374.66
PEARSON,GB0006776081,22120.94,35539.38,26497.51,12219.26,10681.15,14357.59,16145.85,17682.67,23323.37,18747.38,15612.73,22198.45,29193.12,33993.86,34943.21,34457.29,42242.19,23590.62,18437.88,22503.03,28837.64,18679.14,25416.16,21897.27,29172.75,32560.01
PERSIMMON,GB0006825383,2628.82,2495.22,3689.62,4908.49,6356.45,9553.57,13854.07,23789.09,29298.84,14987.54,5725.91,7476.15,7980.06,10415.63,16042.72,28775.34,32959.04,40217.59,36267.68,54902.6,53261.23,75787.8,76102.33,70468.68,42699.19,47169.22
EUROMONEY INSTL.INVESTOR DEAD - DELIST.25/11/22,GB0006886666,1294.67,2347.68,1730.21,1029.04,913.78,1905.16,2032.61,2408.47,3151.69,2084.75,943.58,2406.61,3765.91,3920.09,5123.97,7382.02,5819.28,4706.62,4983.18,6198.6,6744.6,6354.7,5639.45,5261.51,,
UNITE GROUP,GB0006928617,,341.35,546.15,538.66,309.76,439.24,712.69,840.11,1331.02,820.9,135.63,584.87,420.67,395.55,610.44,955.48,1073.34,1296.51,1097.68,1595.97,1826.12,2653.98,2147.16,2206.61,2024.17,2190.11
PORVAIR,GB0006963689,395.84,671.99,1248.3,665.59,411.92,624.42,529.98,611.2,696.75,538.07,269.62,248.61,564.14,517.2,824.56,1421.75,1398.67,1287.97,1795.02,2084.62,1946.93,3137.7,2326.56,3007.95,2663.02,2678.59
PRUDENTIAL,GB0007099541,51564.3,56098.2,55614.49,39924.35,26229.06,39067.83,41593.26,47079.86,69591.28,57720.01,26995.83,48911.76,65007.76,67568.47,86845.12,129920.19,157616.32,116043.42,133391.65,177153.9,140721.71,163546.35,148164.54,155520.66,145901.23,99561.01
RIO TINTO,GB0007188757,23125.9,36487.92,36338.83,42036.54,42444.07,58176.96,72878.65,118962.16,133586.37,256860.23,74166.65,151524.15,241859.18,203125.71,196056.06,197255.75,169339.07,101733.23,174075.58,231485.81,252145.95,276851.46,423869.0,461130.35,502205.43,496202.66
RENISHAW,GB0007323586,1164.01,1930.19,2623.15,1454.85,1368.9,2317.65,3780.11,4301.09,4086.4,3587.15,1488.31,2751.35,8200.77,7621.02,10139.63,10532.67,12644.55,8975.87,13408.78,24864.63,20899.47,19643.93,32017.67,25966.22,18609.08,20459.6
LIONTRUST ASSET MAN.,GB0007388407,,483.87,625.95,474.1,421.05,775.5,590.72,634.65,784.01,596.78,159.6,222.84,176.51,182.24,295.88,525.23,586.89,504.1,686.71,1139.57,1225.42,2638.89,2654.39,3643.54,2616.82,1511.57
RPS GROUP DEAD - DELIST.24/01/23,GB0007594764,1414.55,2763.31,3975.96,3075.39,2604.24,4172.04,3879.19,4457.31,8703.36,7473.22,3280.74,4382.66,5464.67,5740.58,5938.35,8928.5,5442.06,4548.18,5980.05,6845.51,4341.93,4999.1,2521.95,3068.12,,
CLOSE BROTHERS GROUP,GB0007668071,56999.68,106275.67,100553.47,67291.65,50669.47,113200.54,111275.7,131201.01,162743.85,129348.67,68847.88,102569.5,140003.4,118640.11,176485.94,258879.77,284562.3,221976.19,242235.33,294221.59,265758.02,278764.66,321555.52,281798.98,205308.02,112546.51
ST.JAMES'S PLACE ORD,GB0007669376,557.92,389.12,832.5,520.82,252.91,405.58,573.92,698.06,1248.21,641.29,417.21,541.45,752.41,902.17,1136.08,2039.38,2189.41,2145.47,2327.6,2930.92,2310.59,3012.98,3263.17,4362.64,3322.45,1876.2
SSE,GB0007908733,556.08,436.26,585.16,616.3,725.92,938.13,1389.04,1649.07,2692.26,2704.41,1724.33,1848.77,2089.44,2347.98,2756.0,2940.18,3478.88,2996.5,2961.18,2848.73,2767.78,4071.51,4195.11,4605.67,4825.35,5070.19
SENIOR,GB0007958233,43665.85,27643.79,17528.7,11704.17,10919.28,20720.67,25926.26,35538.99,49077.63,68378.48,16780.0,50718.32,100409.95,119807.37,136802.2,208941.03,207115.91,130824.97,112783.76,171162.91,139093.36,104504.26,71204.44,94045.11,91447.97,101679.79
SERCO GROUP,GB0007973794,6772.12,10355.55,14233.2,7848.82,3601.75,5917.4,8032.37,9991.32,15001.58,15083.23,11957.39,14650.39,16957.1,15923.24,17126.95,12921.65,5725.66,2953.8,4584.05,3041.24,3661.71,5322.93,4057.6,4533.25,4648.82,6037.77
BP,GB0007980591,44612.47,49532.77,56149.72,50864.84,42342.07,55513.05,74843.34,85851.78,83517.37,85031.69,64953.87,81067.66,72871.7,75372.69,73377.23,84960.38,77818.56,61179.85,73922.14,93551.09,104466.09,95101.69,58393.18,98144.14,114991.7,116197.8
SIG,GB0008025412,417.31,584.18,620.26,770.25,583.54,1367.26,2363.5,3226.75,5156.25,3411.76,464.18,507.35,647.4,485.65,607.61,998.51,892.31,591.98,428.67,715.91,540.45,423.88,159.92,197.42,165.4,146.75
MORGAN SINDALL GROUP,GB0008085614,21485.35,30270.06,30879.58,45077.71,22472.78,55065.44,88285.76,155214.32,210022.34,142132.84,69931.54,75635.45,113146.66,117355.69,105025.95,151948.35,126545.51,128182.18,134047.44,223468.93,200337.97,353515.39,306273.29,454846.57,321880.31,482345.75
SMITH (DS) DEAD - DELIST.04/02/25,GB0008220112,5952.11,9323.08,7997.66,8829.78,9648.98,13462.98,14627.38,16465.87,22621.14,17682.64,8008.29,10772.91,22599.63,25440.19,37317.52,58943.29,52259.24,56231.12,65062.45,80617.72,57498.79,66228.24,71310.41,71647.27,67909.93,58435.89
ME GROUP INTERNATIONAL,GB0008481250,92994.05,347319.31,113683.65,33396.29,30096.47,204412.47,149882.06,131980.5,140457.41,38755.85,13138.59,39195.61,79027.07,71668.12,115100.27,235367.92,224538.5,247063.2,233027.37,291509.9,160178.37,164059.69,92011.55,144172.64,255601.4,277391.21
LLOYDS BANKING GROUP,GB0008706128,408.84,327.46,366.35,392.5,261.29,362.63,447.26,461.6,636.54,464.14,97.42,95.96,132.08,71.06,103.44,170.25,146.93,115.79,111.31,133.02,110.77,116.25,80.16,115.49,109.21,94.28
TT ELECTRONICS,GB0008711763,15975.12,10288.98,16715.14,14158.55,12724.26,25241.29,33354.44,28466.73,47654.47,17321.21,5013.83,16205.02,35775.39,32768.69,32550.34,45029.1,24603.34,30981.62,27652.01,43600.69,38296.47,48199.25,43611.75,49780.64,38325.65,33128.51
TAYLOR WIMPEY,GB0008782301,7649.52,6102.15,8510.84,8931.78,9793.38,16570.22,20824.09,26570.17,33300.54,14062.63,1216.72,3529.03,3607.82,4218.34,7033.79,11804.16,12968.68,17271.93,14762.96,19536.87,17120.83,25293.44,19926.67,19180.44,14934.18,20967.55
TELECOM PLUS,GB0008794710,315.71,1492.91,923.44,611.71,1283.49,3777.54,2692.77,1601.95,2599.75,2738.67,3174.91,3236.98,5408.69,7925.53,12105.89,24703.75,14913.57,12106.83,13688.73,15146.95,18295.74,20210.55,19294.76,22762.51,26684.47,21333.43
ULTRA ELECTRONICS DEAD - DELIST.02/08/22,GB0009123323,261.12,251.73,274.28,265.72,338.61,452.81,667.38,861.75,1173.77,1102.67,901.78,1066.67,1576.09,1390.65,1465.62,1839.92,1619.88,1603.9,1467.0,1220.35,1123.9,1962.65,1886.99,2866.58,,
SMITH & NEPHEW,GB0009223206,27392.1,27279.85,42819.01,55109.21,54246.93,90066.21,99886.43,91796.17,113976.43,124403.27,77675.4,101640.19,121276.77,108980.4,122217.43,168157.58,208688.22,183974.35,177337.5,208876.96,246834.72,302507.29,272385.46,211490.07,189156.3,194197.0
VP,GB0009286963,3123.82,3559.51,3262.91,5149.32,6866.29,11075.26,17295.8,23574.89,35348.57,31151.75,9960.57,13598.07,22397.42,24115.95,34409.38,75926.09,63646.71,71589.04,73758.59,92564.13,104322.01,106354.22,90093.5,109534.79,77769.69,67937.83
VICTREX,GB0009292243,174.08,197.65,367.44,252.73,286.45,512.1,568.37,1015.59,1224.12,1042.9,500.0,1066.67,2003.1,1932.28,2284.39,2946.76,3153.71,2175.69,2629.55,3813.69,3614.55,3665.67,3960.9,3500.97,3077.18,2438.29
WEIR GROUP,GB0009465807,11828.1,8194.89,10632.04,9833.09,9559.89,15280.61,22354.23,27977.79,43960.29,55199.39,22316.75,48122.17,106583.54,136727.09,139843.58,157327.38,125058.41,57825.36,118935.92,138468.42,95801.99,91247.47,134518.74,116187.8,112494.07,121307.32
DECHRA PHARMACEUTICALS DEAD - DELIST.17/01/24,GB0009633180,,,232.65,172.7,75.86,219.44,301.09,372.19,560.46,655.51,594.99,724.03,825.97,888.12,1168.21,1335.48,1594.1,1776.03,2411.81,4088.35,3873.62,4875.48,6498.3,7131.3,5105.45,
BABCOCK INTERNATIONAL,GB0009697037,72.78,92.5,88.24,92.76,103.41,167.19,185.87,306.96,596.53,758.67,567.64,685.08,735.8,962.18,1365.18,1931.36,1568.17,1332.21,1158.15,953.0,772.52,885.43,395.09,488.92,431.92,648.06
ASTRAZENECA,GB0009895292,810.96,668.13,880.78,974.82,697.61,1034.81,842.84,1037.87,1354.82,935.68,974.11,1149.44,1349.16,1373.48,1454.35,2056.2,2309.04,2099.3,2040.29,2574.8,2954.45,4141.78,4279.41,4972.7,5732.94,6100.69
PAGEGROUP,GB0030232317,,,,125.78,95.14,211.81,224.8,307.82,608.19,289.4,243.84,385.94,621.1,475.13,476.67,579.28,562.69,465.14,453.57,651.18,550.5,615.03,623.12,825.13,644.92,703.43
BT GROUP,GB0030913577,2638.4,2936.42,1822.61,880.59,771.04,908.65,1154.32,1144.97,2015.74,1566.52,593.8,782.18,1202.79,1441.39,1838.43,2899.77,3143.71,3294.66,1901.87,1750.91,1655.39,1215.19,1035.85,1606.09,1041.65,920.29
MARKS & SPENCER GROUP,GB0031274896,14142.53,10073.91,8952.46,14024.3,14013.8,14806.24,19892.61,26470.77,44284.3,26337.01,13834.33,19052.3,22112.98,21963.43,24888.69,33646.21,33135.65,28027.06,20827.23,21017.56,20958.6,14650.81,11721.07,16495.79,11712.79,18863.86
BARCLAYS,GB0031348658,35388.38,35318.39,51683.41,50812.28,40256.73,69132.04,85200.55,86765.46,125931.14,75814.5,15143.21,41402.91,50311.73,38407.48,48213.48,51733.8,46504.86,30680.64,35342.92,34195.41,26457.64,31243.64,27542.74,38456.0,32614.36,27481.96
INTERTEK GROUP,GB0031638363,,,,,144.23,226.43,347.47,334.95,463.63,442.52,350.54,509.38,829.5,1019.13,1475.79,1426.44,1144.73,1254.38,1376.3,2182.33,2128.58,2565.57,2634.08,2455.68,1901.0,2013.96
BURBERRY GROUP,GB0031743007,,,,,170.42,294.15,328.78,340.84,615.51,379.69,208.41,462.95,961.17,1168.9,1110.52,1305.69,1514.73,998.31,1175.62,1301.22,1458.94,1625.17,1509.7,1639.46,1924.94,1112.63
NEXT,GB0032089863,50392.84,35035.81,58136.97,68514.79,70388.34,135889.99,171347.89,173445.01,242050.42,169078.07,116897.86,201565.31,224870.64,316094.69,480009.1,792769.25,876968.58,811167.2,418835.86,646117.47,617029.24,878137.66,1091033.56,1010774.38,865736.35,1164779.11
BLOOMSBURY PBL.,GB0033147751,297.21,1382.89,1449.42,1333.85,1432.26,2173.09,2917.94,3096.47,2076.58,1536.73,1095.35,1080.13,1048.9,1048.2,1086.61,1882.92,1566.9,1468.27,1482.15,1747.12,2316.04,2876.8,3390.62,4334.73,4727.23,5506.89
KINGFISHER,GB0033195214,9633.77,6040.04,6565.82,4868.01,4300.73,7203.06,8240.61,5808.66,7769.8,4256.23,3607.33,5417.12,7224.66,7825.51,8239.0,11505.13,10375.6,9690.57,8804.01,10685.78,6712.55,6603.44,9292.75,10550.69,8863.93,7633.64
ITV,GB0033986497,37659.66,36777.95,29515.53,16336.93,10996.77,29239.34,26108.34,23879.04,27314.26,18238.78,5831.32,11019.44,17878.07,16601.1,25416.33,48170.77,52708.71,58661.06,43198.33,42168.08,32079.75,35386.81,30678.46,31564.6,22627.37,16931.98
CHESNARA,GB00B00FPT80,,,,,,,204.09,292.73,394.69,371.21,238.89,465.67,618.46,466.51,633.94,1084.82,1051.84,1006.18,1019.66,1267.9,1082.9,1143.12,1070.14,1193.73,1121.85,1170.21
MARSHALLS,GB00B012BV22,15733.73,22625.0,25253.28,24329.48,24204.74,37771.84,51179.19,46310.59,65022.38,45894.59,10917.2,16081.0,23627.68,21110.09,23679.79,42114.81,57915.55,60533.0,59519.25,89798.9,109165.47,182082.86,155210.18,159785.11,76021.25,69486.84
HALFORDS GROUP,GB00B012TP20,,,,,,,238.78,237.9,312.63,230.76,183.13,292.69,338.75,285.97,320.59,453.53,445.19,371.33,323.45,353.08,237.66,187.46,354.02,378.6,235.06,227.05
SAINSBURY J,GB00B019KW72,14430.94,10958.98,13526.88,14523.87,10808.21,15125.67,16362.49,16785.69,32611.81,22836.19,16823.61,17576.31,23096.35,17975.06,20928.97,24366.54,18441.48,17030.53,16247.23,17149.11,19897.61,14574.74,18993.16,23269.32,20947.1,22335.7
NCC GROUP,GB00B01QGK86,,,,,,,258.71,278.26,387.57,451.16,316.34,385.79,631.94,953.94,917.06,1453.84,1432.25,1893.63,1037.28,1179.65,796.19,1410.5,1777.17,1240.09,1111.51,803.45
ADMIRAL GROUP,GB00B02J6398,,,,,,,235.4,356.3,805.76,780.31,582.85,806.9,1322.34,774.98,1039.75,1350.18,1402.76,1646.26,1648.1,1925.82,2212.53,2491.13,3639.16,3926.38,2903.91,3517.21
PAYPOINT,GB00B02QND93,,,,,,,230.76,575.89,676.73,699.58,392.54,342.17,362.55,605.72,910.91,1351.22,972.62,881.59,1113.5,1149.46,1195.43,1451.83,1054.55,1083.61,802.91,941.6
CENTRICA,GB00B033F229,256.63,391.0,473.83,446.74,356.74,547.57,669.81,767.51,1161.96,1038.86,768.14,834.58,1123.2,1061.22,1240.0,1248.49,1155.66,762.09,808.79,536.47,590.84,401.83,259.25,383.23,427.96,648.54
GRAINGER,GB00B04V1276,1112.15,1671.79,2322.69,3000.96,3870.69,7969.96,10179.32,12567.88,17121.63,9054.39,2146.39,4747.76,3947.81,4150.2,5299.79,9797.58,8326.65,8609.14,8272.57,10571.93,9600.55,12704.21,12091.29,13126.85,10362.16,11549.38
IG GROUP HOLDINGS,GB00B06QFB75,,,,,,,,270.59,469.37,605.49,373.87,550.34,763.49,818.82,842.1,1157.34,1292.62,1277.73,844.13,1435.25,1162.47,1359.17,1732.56,1848.11,1779.54,1691.82
ESSENTRA,GB00B0744359,,,,,,,,203.29,230.17,161.19,89.04,136.22,251.76,328.39,505.73,780.21,767.01,601.62,328.14,419.44,320.95,382.33,285.34,322.91,201.61,178.52
BUNZL,GB00B0744B38,18632.98,22139.45,31987.3,33217.56,30717.88,42043.95,47012.83,59548.93,71291.73,72280.92,52052.27,60143.89,79546.58,90422.46,119770.39,156374.04,201833.15,190418.46,195903.38,210772.35,240655.12,198740.12,254664.56,298626.34,302002.41,339972.88
RENTOKIL INITIAL,GB00B082RF11,92367.48,47816.14,39164.86,50144.49,42421.94,51720.61,42334.75,42394.94,51374.14,34979.99,12553.01,32356.77,29926.36,22153.39,26007.52,37623.49,35942.83,44614.46,58236.76,80394.44,94358.83,134626.46,145206.01,144920.59,126375.98,109494.74
HELICAL REIT,GB00B0FYMT95,48491.57,70768.45,96188.95,86312.04,109810.75,132464.1,225424.09,277525.32,446046.25,339057.52,227521.92,244549.44,228910.57,163919.61,190954.91,333035.64,327925.89,323654.11,215198.93,267202.96,270166.65,409140.5,320357.37,364296.65,317458.15,176501.53
STHREE,GB00B0KM9T71,,,,,,,,233.28,399.1,203.41,147.2,269.34,389.62,287.51,352.79,441.52,367.7,342.68,320.7,410.55,314.27,455.71,401.39,597.0,488.45,541.7
HIKMA PHARMACEUTICALS,GB00B0LCW083,,,,,,,,259.93,256.03,324.28,202.03,300.34,497.64,419.01,487.11,745.84,1430.15,1170.96,925.2,502.97,873.71,1008.71,1323.65,1152.37,899.15,1081.56
BRITVIC DEAD - DELIST.20/01/25,GB00B0N8QD54,,,,,,,,204.18,284.51,276.74,162.19,333.67,383.83,327.48,413.59,708.03,697.88,628.11,529.58,680.39,852.07,905.96,820.33,963.36,760.53,950.63
LONDON STOCK EXCHANGE GROUP,GB00B0SWJX34,,,146.16,205.63,196.37,249.94,398.45,514.23,993.16,1283.06,274.45,416.5,624.12,671.87,912.17,1497.28,1877.89,1770.51,2085.51,3038.74,3264.93,5879.63,7258.8,5498.08,5200.04,6496.92
QINETIQ GROUP,GB00B0WMWD03,,,,,,,,,209.04,198.39,129.63,109.49,116.33,123.21,181.07,211.49,174.1,198.24,217.58,180.2,259.7,331.73,289.55,250.37,288.32,341.48
RESTAURANT GROUP DEAD - DELIST.22/12/23,GB00B0YG1K06,1389.05,1571.37,1083.9,1295.8,1391.56,2609.28,4243.92,5410.44,12895.31,6129.7,3766.35,7050.25,11182.07,11708.99,15484.41,26484.49,29402.55,20920.2,10856.0,10882.95,8318.92,7248.93,5715.68,6191.83,2023.01,
UNILEVER (UK),GB00B10RZP78,40521.3,24941.2,36637.01,39076.83,41256.37,50872.63,51943.13,57188.43,72858.71,83139.78,56755.08,82091.68,88586.28,101126.54,128521.98,130842.9,149523.28,154779.51,150829.93,205527.03,212807.13,246316.12,228817.04,226835.47,222524.21,230752.48
IP GROUP,GB00B128J450,,,,,,317.42,483.35,385.21,487.14,335.41,133.27,156.44,106.2,294.34,362.58,530.25,687.22,444.72,411.92,303.76,250.57,156.25,264.1,242.45,147.59,122.23
ASHMORE GROUP,GB00B132NW22,,,,,,,,,338.1,308.73,126.52,238.46,426.16,452.69,438.55,439.9,390.36,283.43,375.28,580.77,554.51,781.64,724.26,442.24,420.64,374.02
SAVILLS,GB00B135BJ46,213.73,360.46,505.16,310.41,287.19,1043.04,1672.81,3128.6,4638.76,1940.34,1335.2,1826.79,2311.16,2259.12,3454.43,4454.7,4984.69,4788.96,4901.32,6623.84,5447.48,8242.11,8201.5,9877.38,6848.14,7211.45
PZ CUSSONS,GB00B19Z1432,61622.5,73023.36,73414.66,156196.36,197041.86,294760.94,382584.82,394433.87,585820.92,649248.83,476633.1,712366.32,1081500.31,933744.42,1222963.74,1169798.59,972673.05,814117.32,815488.33,886794.02,546599.34,580671.04,870841.8,624686.94,653098.92,358317.13
SEVERN TRENT,GB00B1FH8J72,1092.76,612.13,850.65,913.05,1088.87,1361.43,1935.22,2320.56,3298.14,3276.06,2068.65,2352.52,3310.13,3577.32,4081.27,4859.78,5610.44,5650.72,5356.69,5099.42,5353.51,7124.92,7038.65,8824.71,8296.37,8076.11
MITCHELLS & BUTLERS,GB00B1FP6H53,,,,,,193.18,294.3,337.27,726.44,436.37,152.66,213.98,286.35,216.94,260.88,384.46,337.47,201.74,172.96,179.16,201.05,293.1,266.45,207.43,121.59,190.25
HOCHSCHILD MINING,GB00B1FW5029,,,,,,,,,214.03,206.09,66.7,118.68,250.0,246.59,204.69,80.61,40.94,26.92,116.06,103.39,87.11,74.32,113.7,52.32,30.69,46.51
LSL PROPERTY SERVICES,GB00B1G5HX72,,,,,,,,,229.6,97.34,43.98,217.41,223.57,212.34,264.91,422.14,300.39,242.08,169.23,273.56,228.76,310.5,259.19,433.78,265.48,297.05
MARSTON'S,GB00B1JQDM80,12230.46,10527.18,12630.19,16089.82,17717.21,30258.74,43882.47,49471.94,82578.86,46600.39,18062.05,20250.62,27326.51,26914.87,38916.14,45737.9,44930.83,46091.64,36389.71,34580.18,30374.53,35658.12,36763.06,29226.25,13791.87,10737.37
WHITBREAD,GB00B1KJJ408,24836.45,12614.39,15952.48,17008.03,15710.66,28087.3,35493.95,42149.38,74985.79,56662.34,28789.82,52327.71,71639.89,69618.88,111339.43,174752.26,206261.91,153623.59,141687.38,154755.45,189199.93,183821.47,161180.09,146112.21,136011.45,167824.87
RANK GROUP,GB00B1L5QH97,6135.16,4926.99,5668.59,8550.75,9568.24,15506.86,14527.85,13592.74,13986.28,6119.23,2982.11,4610.73,7001.35,7688.41,8246.13,8276.42,10546.49,14626.97,10050.72,12725.4,8917.83,16824.55,8752.57,9441.55,4810.5,4228.29
DRAX GROUP,GB00B1VNSX38,,,,,,,,220.22,276.72,199.07,179.46,149.68,160.99,225.28,269.13,380.22,174.28,118.51,143.44,105.52,171.49,129.56,197.26,317.94,303.55,236.36
SMITHS GROUP,GB00B1WY2338,39457.46,28521.31,26991.63,25386.92,29375.24,33578.96,48661.56,51909.43,69783.71,60270.77,43106.05,55366.57,80040.19,59260.95,74684.23,93882.14,76478.12,59585.49,86748.86,100484.27,92082.31,111579.92,103674.36,108689.32,113982.11,113067.95
FERREXPO,GB00B1XH2C03,,,,,,,,,,360.63,77.04,232.02,548.13,438.72,329.11,217.13,73.21,29.62,194.27,395.04,376.05,227.73,574.06,619.98,305.85,200.61
ANGLO AMERICAN,GB00B1XZS820,249.39,526.69,587.57,665.13,593.29,944.42,1044.5,1605.92,2259.91,2580.2,1033.14,1677.63,2608.96,2196.38,1498.61,1235.37,921.87,294.6,929.3,1312.31,1525.38,1666.67,2251.88,3284.76,3128.2,1783.89
3I GROUP,GB00B1YW4409,416.75,664.97,823.77,444.54,356.1,517.71,606.81,741.07,1048.95,854.12,181.65,320.33,412.58,261.97,374.72,562.75,675.34,590.13,887.08,1347.73,1273.95,1664.02,1873.14,2185.72,2447.28,3791.03
CAPITA,GB00B23K0M20,11143.96,16973.52,23570.2,19500.1,10864.12,16052.08,22936.43,25544.13,44830.52,43837.86,37257.98,40893.54,41196.91,39347.33,50587.04,67631.31,75074.08,69282.16,28016.43,13203.43,11463.82,15203.75,4231.85,3319.54,2660.06,1796.26
RECKITT BENCKISER GROUP,GB00B24CGK77,17880.27,12642.4,17983.34,20678.51,24280.51,36585.88,44892.34,51527.93,76347.37,80449.56,64513.3,82306.18,96185.29,96674.94,123127.29,150719.17,171984.27,181440.74,186268.11,195573.28,168169.32,191472.41,196858.5,190317.59,170706.16,186470.07
SEVERFIELD,GB00B27YGJ97,865.31,797.48,729.9,903.78,912.23,1550.92,2621.28,4976.1,9752.4,5634.55,2888.29,4465.76,5645.95,4779.68,1856.0,2827.3,3027.79,2450.02,3000.92,3381.14,2901.12,3891.97,3529.13,3572.46,3030.89,2961.09
RELX,GB00B2B0DG97,17619.44,16068.19,19672.99,17371.27,16519.75,19351.19,21291.11,21771.0,28098.95,27344.47,19578.62,19650.63,24809.46,23713.9,31994.85,43980.79,55451.83,53984.07,59259.14,69637.0,75908.35,94879.39,90309.41,114256.69,109774.18,159251.24
PARAGON BANKING GROUP,GB00B2NGPM57,48.33,37.11,57.77,67.18,49.42,119.79,145.87,220.37,229.13,33.46,8.85,28.79,40.59,40.41,63.6,83.93,97.14,68.27,82.11,108.14,90.66,121.67,114.59,147.42,139.93,175.14
WH SMITH,GB00B2PDGW16,29814.36,15733.95,23889.68,25431.07,17482.35,21186.11,29145.89,30613.57,50402.09,43270.36,34651.84,52121.98,53643.37,62777.22,84926.76,138073.28,167078.51,218075.65,177230.05,249777.82,236066.41,291197.51,216237.02,207701.51,189621.76,151625.29
UNITED UTILITIES GROUP,GB00B39J2M42,1025.31,742.89,783.53,865.99,1022.11,1210.33,1776.15,1872.65,2565.92,2401.23,1605.02,1700.2,2028.37,2218.48,2759.9,3061.0,4025.82,3692.14,3314.34,2977.41,3420.26,4261.36,4306.25,5087.93,4919.44,5255.16
DE LA RUE ORD,GB00B3DGH821,11345.47,13152.22,18887.21,18595.2,15133.08,20041.99,26043.79,29956.44,49588.67,70197.29,58179.35,62567.49,50324.88,71644.32,73323.89,63525.49,42742.9,34243.91,43205.75,52390.79,35602.92,11712.71,16542.99,12391.77,5987.05,8283.88
BODYCOTE,GB00B3FLWH99,17099.58,12403.92,11492.01,10105.1,4707.86,10083.92,14631.44,18622.86,24880.2,16986.82,8879.57,12933.44,25268.83,27393.04,41585.17,62177.04,62234.29,47960.67,53174.14,82945.1,66089.22,78637.39,71624.06,76807.65,60296.91,63162.75
ZIGUP,GB00B41H7391,18792.13,20424.6,21069.56,24920.49,22674.01,39171.56,64670.21,72353.36,86573.48,55786.41,5408.38,7248.01,10875.29,8726.73,11691.94,21754.02,21859.71,12085.82,17150.75,14468.76,13714.45,10442.34,11655.93,16758.06,17337.77,16081.21
CHEMRING GROUP,GB00B45C9X44,58231.57,91217.63,108168.03,126378.79,102198.55,201869.18,208702.47,508242.76,1011851.47,1280913.85,982918.09,1429144.39,1683421.18,998208.71,712962.78,683879.19,559907.91,406434.76,459659.86,516565.52,377476.34,752308.97,839445.83,778526.06,707353.72,981276.89
WOOD GROUP (JOHN),GB00B5N0P849,,,,,120.13,128.59,149.11,228.4,304.07,408.84,174.23,296.94,537.89,616.0,738.48,629.31,553.0,562.89,661.56,584.49,454.16,356.27,303.16,225.05,124.35,142.56
SEGRO,GB00B5ZN1N88,17697.64,16900.98,23651.95,19641.46,19760.44,32664.14,43052.61,45655.04,73360.89,46530.53,11093.28,18173.33,20485.85,15057.65,17444.8,27194.18,31456.07,31419.1,31260.24,44889.0,49795.46,71140.58,82258.17,110537.13,66904.34,72010.86
INCHCAPE,GB00B61TVQ02,17018.49,14856.83,18138.23,36863.8,45470.06,114379.34,169275.61,187223.25,303362.68,199205.14,18730.19,72060.56,112433.76,105100.55,146129.98,192386.38,223581.64,207098.05,193331.43,214912.89,172512.44,200703.78,229846.11,274699.43,275561.49,224509.75
ROLLS-ROYCE HOLDINGS,GB00B63H8491,434.01,339.0,323.04,244.53,172.98,437.8,676.6,1076.38,1382.23,1217.02,745.56,1182.3,1681.5,2069.34,2594.07,3328.88,2460.42,1391.35,1607.73,2152.31,2222.73,1710.84,722.86,877.19,727.23,2287.63
GREGGS,GB00B63QSB39,4706.09,3396.03,4670.12,5544.11,6421.98,7581.75,10252.29,10284.47,12568.83,12082.49,7523.97,9451.61,12345.17,13885.06,12754.57,14638.5,23279.78,27239.59,24781.43,35641.17,42566.26,62882.55,62001.49,77344.33,73675.7,77435.18
WORKSPACE GROUP,GB00B67G5X01,286.71,491.28,680.32,720.78,687.09,1216.81,2006.94,2408.5,4662.86,2402.26,122.67,225.97,283.28,284.99,385.57,728.11,985.42,897.51,789.22,1148.94,1095.41,1468.69,965.85,1043.08,641.14,687.74
BARR (AG),GB00B6XZKY75,16109.67,14882.18,13942.93,16503.64,18507.4,32161.92,46601.23,50052.39,82241.71,73654.52,57665.09,84422.55,124816.3,139220.44,183306.52,222454.7,217974.75,169427.62,149599.62,216780.96,236550.46,190711.86,171896.96,181419.1,170135.99,186651.41
EVRAZ SUSP - SUSP.06/12/23,GB00B71N6K86,,,,,,,,,,,,,,198.97,136.68,40.65,87.67,29.58,91.55,168.29,273.85,232.2,361.36,373.12,,
EASYJET,GB00B7KR2P84,,,194.96,243.64,133.8,218.6,154.81,239.14,484.54,296.82,166.42,228.81,231.91,266.92,558.66,1074.68,1030.03,897.23,484.53,1034.5,774.15,938.85,567.54,521.39,344.86,424.67
VESUVIUS,GB00B82YXW83,9881.34,16353.89,13176.64,5912.89,2636.31,6815.9,5506.29,6589.62,9907.64,8271.27,1599.29,3680.27,6102.48,5532.32,7143.6,9306.83,9042.78,5973.24,8281.12,11617.63,11277.8,8807.07,10606.83,9795.63,8242.99,10907.33
THE SAGE GROUP,GB00B8C3BL03,16396.23,64903.82,24107.25,15106.9,9788.58,17414.07,18667.02,22761.73,26935.17,21991.52,14208.6,19522.95,27263.9,28013.7,30659.18,42378.52,47297.97,57015.9,52807.03,67957.23,58755.95,72988.99,60959.72,73795.44,73865.64,118593.44
COCA COLA EUROPACIFIC PARTNERS,GB00BDCPN049,635.24,541.56,408.88,322.96,408.29,457.2,456.94,386.74,412.38,478.29,262.25,425.53,809.46,867.78,1137.65,1477.21,1442.51,1626.04,1749.41,1934.94,2508.95,2879.78,2783.1,3256.64,3199.09,4047.14
IMI,GB00BGLP8L22,7910.96,7245.27,8431.26,8350.48,9635.76,16628.81,20902.01,24946.74,30375.03,21271.54,13885.33,27655.76,49459.94,51397.83,68281.08,91098.38,82673.79,47289.69,63136.28,77049.03,55771.63,68061.96,85035.53,108299.19,91775.92,110368.28
VODAFONE GROUP,GB00BH4HKS39,3835.63,5764.06,3547.92,2239.1,2055.12,2823.21,3011.0,2413.71,3737.67,4330.76,2821.39,3213.85,4473.7,4687.79,4826.89,6864.21,6851.47,6101.34,5142.83,6647.38,4443.03,5130.47,5078.91,5462.3,3466.67,2811.35
INFORMA,GB00BMJ6DW54,209.62,356.85,305.89,125.6,86.7,261.7,321.46,366.58,552.8,350.64,201.12,317.32,475.2,446.88,536.3,632.22,607.14,704.22,733.12,860.75,828.76,998.69,692.97,727.26,777.7,986.21
DIGNITY DEAD - DELIST.25/05/23,GB00BRB37M78,,,,,,,294.8,370.66,557.43,571.88,397.71,439.79,489.56,575.07,901.73,1162.6,1391.89,1615.69,1490.67,511.29,465.56,361.34,400.26,461.42,336.03,
COMPUTACENTER,GB00BV9FP302,152.23,329.39,83.09,71.73,67.49,130.82,91.21,80.92,95.93,56.01,32.59,87.46,144.67,133.57,158.55,240.02,240.92,270.4,234.59,385.11,347.33,635.97,811.79,968.66,745.49,1024.56
ROTORK,GB00BVFNZH21,36026.28,25127.15,28447.15,30019.96,28892.07,48391.64,61944.76,98231.67,132291.56,135571.33,95168.47,173135.45,242390.0,283299.6,409170.33,386612.23,355172.22,236813.42,328139.54,429381.63,386890.35,435290.66,512492.76,515220.83,457363.24,476696.47
SPIRAX GROUP,GB00BWFGQN14,24453.75,17214.97,17394.11,17389.62,21731.76,37895.35,48414.8,64095.39,77076.97,70513.62,52214.58,85145.28,134079.46,149783.92,174489.96,225940.07,236363.07,210331.69,285928.68,406086.64,450866.35,632472.26,832229.14,938205.11,792029.85,703330.21
BEAZLEY,GB00BYQ0JC66,,,,,225.8,247.54,232.52,263.2,450.11,526.83,288.69,299.05,380.85,496.86,704.27,1099.01,1220.38,1491.15,1683.99,2398.27,2239.39,2636.97,1744.94,2280.81,2834.17,2538.6
PRIMARY HEALTH PROPS.,GB00BYRJ5J14,186.87,217.64,288.06,315.5,405.43,650.67,920.43,1169.73,1661.13,1061.59,778.92,954.26,1161.85,1243.15,1415.79,1552.2,1650.85,1824.2,1692.0,2071.29,2098.78,3001.86,3033.42,2878.19,2221.05,2078.56
INTERMEDIATE CAPITAL GP.,GB00BYT1DJ19,469.97,509.97,830.32,707.12,849.41,1521.9,1590.09,1894.71,3033.27,2611.7,546.33,924.63,1447.6,1250.55,1624.39,2144.13,2468.17,2615.22,3060.9,5430.26,4835.79,8606.82,9646.02,10119.85,7359.23,10194.38
JOHNSON MATTHEY,GB00BZ4BQC70,8261.46,13354.57,16681.94,14011.02,14711.98,20808.19,23687.37,32899.87,42102.72,49660.08,22755.42,33390.92,46488.15,53392.45,54419.19,81851.6,80409.02,55551.64,66574.4,79387.24,68808.92,62588.19,73636.29,46142.58,55588.55,41701.57
CRH PUBLIC LIMITED,IE0001827041,,,,,,153.65,194.16,237.67,306.3,277.66,196.18,206.39,206.82,204.97,211.02,272.75,286.11,285.89,402.41,399.07,355.81,476.99,522.47,699.03,611.25,1053.65
DCC,IE0002424939,540.51,532.1,676.84,641.87,717.99,1039.53,1594.46,1610.11,2403.41,1803.97,1216.1,2178.05,2569.89,2257.26,3260.49,4297.5,5483.59,7178.49,8285.14,9872.81,8513.31,8439.01,8383.59,9626.06,6389.1,8674.72
GREENCORE GROUP,IE0003864109,385.34,298.06,295.2,311.91,337.07,526.03,567.08,580.67,834.39,820.84,162.29,321.48,308.85,267.44,468.64,1144.84,1338.67,1560.42,1073.44,961.03,930.76,1136.68,618.24,646.41,385.14,466.06
KERRY GROUP 'A',IE0004906560,2188.57,2031.02,2289.03,2421.62,2242.64,3364.71,4354.12,4004.27,4872.01,4814.73,3562.99,5442.66,6716.29,7577.18,10436.93,14109.09,14767.79,16485.68,14567.09,21693.78,21398.38,26961.79,28874.67,26504.75,19974.54,19015.18
KINGSPAN GROUP,IE0004927939,1462.83,1800.59,2371.78,1578.69,1119.41,3645.48,6466.7,9106.91,17332.18,8074.07,2378.15,5656.95,6474.92,7011.62,8490.81,13950.36,13613.66,18037.43,22112.66,34688.6,33327.18,49778.87,55977.24,76770.2,53985.5,66252.02
ACCENTURE CLASS A,IE00B4BNMY34,,,,181.28,99.6,150.49,169.87,215.41,263.7,226.09,229.14,285.83,378.31,424.55,546.31,617.87,693.12,794.99,949.79,1296.9,1320.81,1830.53,2228.05,3057.25,2596.86,3358.98
EATON,IE00B8KQN827,2075.02,2124.76,2588.24,2743.35,2701.82,4738.13,5624.5,5527.23,6669.78,6961.89,4024.21,5768.66,10437.68,10097.02,11884.86,14625.84,14913.28,12044.32,16067.94,19272.77,18652.58,25779.74,31872.31,40016.37,44806.79,75660.06
WILLIS TOWERS WATSON,IE00BDB6Q211,,,,162.95,164.46,227.39,243.81,224.35,271.28,221.25,161.06,204.46,281.88,301.54,288.9,348.61,377.45,372.08,409.23,529.39,556.43,728.67,787.07,839.75,925.62,996.59
PERRIGO,IE00BGH1M568,78.26,78.8,86.41,96.78,102.78,160.84,154.01,138.82,150.68,313.4,223.91,417.95,662.1,886.15,997.09,1363.94,1410.83,1354.32,736.31,835.59,449.0,588.1,430.4,377.77,384.11,346.95
ENDO INTERNATIONAL DEAD - DELIST.02/05/24,IE00BJ3V9050,,,53.06,80.0,76.65,189.39,169.22,220.41,250.86,204.82,192.0,159.76,285.47,289.55,244.41,567.27,650.53,439.75,98.04,52.73,81.55,52.08,71.84,25.63,0.76,0.01
PENTAIR,IE00BLS09M33,17208.44,16725.34,13326.3,15869.15,17366.0,26506.79,42443.83,38189.86,33315.11,35203.85,27935.29,33701.89,43314.79,44632.95,59853.93,91870.06,78726.0,57966.3,74534.94,89819.25,81208.0,88157.69,113433.9,125182.0,122110.4,159307.1
MEDTRONIC,IE00BTN1Y115,11987.56,13564.12,14134.9,13291.78,12244.31,13590.23,15418.24,15697.59,15410.15,13804.23,9912.75,12653.76,12291.63,12967.41,15292.84,18566.32,25331.67,25823.58,26956.87,29449.74,32909.96,44955.37,45794.48,40283.65,35255.35,36700.72
PERMANENT TSB GHG.,IE00BWB8X525,786.07,407.75,622.53,580.44,620.55,1003.54,1098.15,1302.01,1833.06,1031.34,203.94,391.22,123.14,6.6,4.33,10.56,5.97,3.91,2.66,2.56,1.74,1.08,0.95,1.87,2.23,1.7
JOHNSON CONTROLS INTL.,IE00BY7QL619,832.93,865.72,1326.72,621.91,340.71,624.15,770.17,569.73,735.68,602.23,368.07,540.25,742.84,821.11,1033.42,1436.27,1461.57,1258.25,1616.49,1511.47,1403.53,1692.11,2230.25,2962.25,2939.14,2542.44
RYANAIR HOLDINGS,IE00BYTBXV33,172.41,289.49,538.54,531.12,655.87,630.94,819.29,864.68,1497.08,941.3,836.61,879.43,1046.79,1157.25,1690.3,2185.11,2488.43,3450.81,3448.76,4591.97,2911.59,3968.95,4326.88,4498.22,3731.35,4968.43
BEZEQ ISRAELI TELECOMMUNICATION,IL0002300114,56.84,104.25,83.08,68.07,49.25,63.87,69.91,75.8,105.48,137.11,129.24,229.29,284.84,203.4,178.21,283.67,341.54,453.18,410.6,391.5,231.75,200.9,266.15,454.74,444.12,401.64
NICE,IL0002730112,49.59,145.53,40.23,33.54,19.5,54.32,70.32,109.28,146.3,131.9,92.48,129.34,151.16,159.81,164.17,173.87,249.03,270.2,322.46,411.47,529.88,811.71,1291.82,1217.3,1028.57,1033.93
ICL GROUP,IL0002810146,32.23,42.73,44.82,43.1,40.83,66.9,113.88,180.31,285.9,649.08,462.22,730.17,1035.7,719.03,936.02,638.48,613.2,360.56,403.31,367.08,516.93,399.95,535.53,994.91,881.87,556.75
ISRAEL CORPORATION LTD.,IL0005760173,307.11,571.12,597.81,423.43,257.86,608.89,867.26,1438.36,2172.7,4451.7,1473.05,3307.69,5378.06,2918.79,3275.54,2472.28,2499.98,1251.84,1408.73,1297.0,2200.72,1313.74,1625.81,3477.94,3012.15,1906.64
FIRST INTL.BK.OF ISR.,IL0005930388,83.26,158.03,131.24,110.78,42.53,123.19,154.38,197.59,263.6,260.87,139.94,345.9,324.6,234.0,324.72,387.18,313.95,291.14,399.71,603.14,686.0,861.51,823.85,1367.81,1358.93,1467.53
LEUMI LTD.,IL0006046119,42.15,70.18,72.29,61.53,30.51,69.41,112.36,137.91,160.32,217.13,99.09,201.12,224.62,159.77,174.74,185.94,161.81,163.93,205.21,310.22,342.39,389.98,343.95,607.02,512.27,466.68
BANK HAPOALIM B M LTD.,IL0006625771,38.02,74.45,65.37,49.83,37.35,82.03,126.87,162.17,186.06,191.43,88.46,176.74,196.22,148.59,190.74,225.59,194.79,205.38,278.23,340.94,323.97,405.94,362.46,541.7,459.7,487.96
MIZRAHI TEFAHOT LTD.,IL0006954379,17.14,33.8,35.27,29.67,22.38,36.68,52.77,60.87,84.05,97.79,64.06,113.04,125.49,114.98,141.2,162.99,138.55,148.87,210.98,262.28,254.36,393.98,352.71,583.68,518.85,602.51
ELBIT SYSTEMS,IL0010811243,27.73,33.01,30.67,36.59,31.81,38.54,56.44,57.51,81.18,132.67,105.83,151.76,127.03,102.14,100.94,158.47,177.98,242.32,332.24,412.66,379.18,465.41,436.01,528.69,521.83,654.3
CHECK POINT SFTW.TECHS.,IL0010824113,168.75,1166.67,2442.71,802.5,345.5,556.25,623.0,527.75,621.75,514.5,575.75,808.0,1174.75,1459.75,1269.75,1620.5,1918.0,1950.5,2506.75,2475.75,2894.75,2931.5,2956.5,3150.5,3198.75,4108.25
DELEK GROUP,IL0010841281,125.62,251.52,406.59,400.83,277.08,463.1,590.85,966.2,1350.88,1391.12,659.73,1947.36,2382.25,2154.12,2774.93,4228.94,2939.05,2223.44,2846.82,2245.07,2699.21,2055.27,533.56,1764.9,1698.12,2281.01
CELLCOM,IL0011015349,,,,,,,,,,27.96,23.4,38.31,41.33,22.86,11.71,19.17,8.92,10.1,15.67,13.23,8.46,6.28,5.78,8.64,7.66,6.65
GENERALI,IT0000062072,13252.72,9752.95,12518.53,8536.55,7528.64,9694.24,11913.22,12443.28,16014.14,16906.98,8974.02,9925.62,10545.98,7731.93,8537.45,10888.88,10565.67,7191.78,8685.32,11369.84,10626.71,13204.07,12751.07,15435.85,15233.89,18505.75
MEDIOBANCA BC.FIN,IT0000062957,3108.67,2519.48,3218.62,3064.62,2693.27,3626.7,5375.71,6290.6,7654.2,6278.7,3485.84,4154.36,4455.86,2788.05,2842.26,4114.46,3824.76,3319.07,3844.34,5844.41,4556.13,5767.49,5359.81,6665.0,6795.79,8621.63
BPER BANCA,IT0000066123,418.94,580.86,434.9,367.7,425.8,543.16,676.39,780.82,1185.58,966.59,558.31,632.26,645.92,415.79,409.73,496.21,429.74,287.53,314.28,343.6,207.96,298.94,198.63,211.87,270.12,389.5
INTESA SANPAOLO,IT0000072618,2991.73,1968.47,2902.83,1494.78,1442.66,2488.28,3091.83,3952.47,5378.09,5034.85,2582.02,2914.47,2950.3,1977.63,1853.27,2989.46,3127.28,2906.54,2666.02,4900.39,3002.65,3977.49,3631.37,4955.44,4528.08,5748.86
CATTOLICA ASSICURAZIONI DEAD - DELIST.12/08/22,IT0000784154,,,85.1,57.22,70.9,130.94,151.14,186.23,208.75,163.11,121.95,120.19,114.02,98.32,83.83,123.42,63.23,56.41,56.61,116.1,90.42,81.91,53.99,65.69,,
BANCA PPO.DI SONDRIO,IT0000784196,231.52,247.04,274.21,253.65,320.96,447.82,555.19,669.96,856.43,797.07,475.09,511.34,520.86,550.5,424.09,374.75,330.35,281.6,278.88,325.38,228.88,194.24,240.25,379.09,449.95,714.81
AUTOGRILL DEAD - DELIST.24/07/23,IT0001137345,363.71,467.8,515.64,419.77,329.03,561.52,652.68,623.57,797.83,734.16,290.85,526.61,653.03,500.64,594.31,1003.72,920.11,823.74,970.43,1480.1,1007.4,1186.4,688.02,934.74,931.06,
A2A,IT0001233417,290.54,560.61,302.46,226.46,176.92,250.2,305.59,294.14,480.49,590.03,289.91,304.1,269.91,192.64,120.08,239.73,211.22,259.56,313.63,442.05,441.28,527.19,492.36,539.55,466.85,606.31
BUZZI,IT0001347308,1673.6,1568.64,1659.17,1153.74,1129.99,2283.93,3124.05,3715.29,5592.11,4333.46,2616.45,2977.09,2867.05,2462.18,3137.34,4255.5,2913.15,3352.17,5481.46,6135.73,4207.96,5680.65,5873.77,5194.92,5485.17,8612.3
ARNOLDO MONDADORI EDI.,IT0001469383,503.81,827.62,553.73,339.3,387.9,677.28,787.26,698.27,874.09,639.62,385.48,306.56,311.01,183.06,138.09,167.38,97.76,82.08,148.05,239.14,179.45,182.98,167.8,211.54,203.77,253.58
ENEL,IT0003128367,,91.45,87.32,71.12,72.72,105.39,149.62,137.58,200.23,206.99,129.02,135.95,163.98,126.22,128.87,169.07,158.79,146.51,163.24,245.4,251.97,404.59,477.2,364.2,305.27,368.76
ENI,IT0003132476,250.75,203.63,273.08,278.4,325.63,458.5,621.36,772.47,909.58,907.11,706.91,734.78,880.03,873.76,948.46,976.52,813.57,683.98,790.5,947.15,956.52,869.04,679.08,1055.06,1110.95,1233.09
SNAM,IT0003153415,,,,99.06,125.02,173.37,230.93,220.09,330.85,376.69,320.67,364.76,439.41,419.33,455.92,573.26,505.85,619.86,558.18,703.56,755.0,952.79,974.8,1018.95,1029.42,995.95
TERNA RETE ELETTRICA NAZ,IT0003242622,,,,,,,179.21,167.81,246.81,295.62,246.73,324.22,388.5,346.09,427.33,539.75,494.19,625.36,552.14,746.38,807.93,1005.54,1098.98,1163.83,1279.72,1350.15
TELECOM ITALIA,IT0003497168,1007.43,1207.06,821.44,392.6,367.45,533.09,690.07,504.65,585.65,596.14,308.79,333.08,349.47,279.53,247.15,334.48,309.86,282.39,245.66,251.59,157.19,153.94,133.58,142.53,95.28,85.86
ATLANTIA DEAD - DELIST.09/12/22,IT0003506190,202.31,188.51,177.88,197.14,292.68,505.84,892.09,789.38,921.8,1057.26,526.69,826.65,874.25,718.84,869.52,1222.93,1383.11,1472.39,1316.08,1851.94,1441.69,1591.84,1217.65,1169.14,,
LEONARDO,IT0003856405,1425.48,2032.61,1387.85,1000.7,635.0,1139.35,1206.33,1416.27,1971.61,1950.83,1229.33,1076.43,1110.99,405.43,559.73,807.33,1034.35,957.87,1151.77,1002.55,885.91,1202.22,688.03,660.27,974.65,1746.44
UNIPOL GRUPPO FINANZIARIO,IT0004810054,82.51,93.56,93.26,99.2,129.59,149.83,162.73,143.63,183.95,131.95,84.05,69.11,51.8,26.18,9.27,22.89,20.34,14.15,15.28,23.49,21.11,25.42,24.28,29.95,30.34,38.6
UNIPOLSAI DEAD - DELIST.03/07/24,IT0004827447,2072.77,1678.36,1795.8,1408.28,1039.84,2406.21,2592.07,3822.19,5028.0,4414.21,1774.05,1940.6,1212.48,321.09,147.4,272.31,266.17,197.2,226.8,291.05,306.76,360.83,397.88,446.69,440.39,467.81
WPP,JE00B8KF9B49,24859.85,55850.92,40379.11,30668.25,22009.8,36444.14,35987.98,37422.39,51522.4,40307.98,21788.87,33626.19,50165.92,49379.63,64022.41,89269.36,95191.7,90887.64,104143.16,82979.76,51703.56,66381.12,60107.14,87567.65,69807.86,59626.37
SUBSEA 7,LU0075646355,12.19,20.57,24.0,11.51,2.18,4.19,12.11,21.19,34.24,30.55,11.37,27.49,44.42,39.16,46.34,35.22,20.08,13.06,28.87,32.01,24.59,23.51,22.67,17.47,28.1,30.9
HEINEKEN HOLDING,NL0000008977,2873.98,2312.58,2861.17,2511.47,2292.6,3163.36,3582.81,3756.86,5111.6,5674.15,3188.52,5044.2,5807.39,5541.58,8161.13,8239.81,9383.65,10908.5,10590.8,14983.96,13325.6,15045.96,14667.84,13971.98,13194.84,14080.72
KPN KON,NL0000009082,413.55,1032.2,244.53,85.6,123.4,151.48,182.58,202.31,317.25,411.99,326.91,393.18,428.87,313.4,133.74,193.4,170.34,209.5,170.05,210.01,206.77,192.35,240.81,269.49,268.67,299.47
HEINEKEN,NL0000009165,3179.97,3004.64,3543.47,2979.35,2572.26,3138.37,3423.67,3390.38,5161.15,5297.16,3035.0,4976.22,5554.44,5427.4,8050.1,7255.44,8774.27,10045.91,9450.58,13031.09,11369.98,13672.33,14137.31,14021.69,12960.81,13807.34
PHILIPS ELTN.KONINKLIJKE,NL0000009538,1367.06,3058.11,2500.86,1933.6,1205.68,2395.33,2085.84,2575.4,3101.59,3111.76,1737.05,2570.22,2873.95,2008.86,3069.23,3681.41,3052.78,2844.77,3341.09,4487.88,4648.37,5986.57,7168.32,4359.54,2320.45,2856.0
STMICROELECTRONICS,NL0000226223,502.6,2218.03,1369.92,984.56,574.81,887.13,556.85,598.62,641.67,393.74,197.52,286.81,457.04,259.79,335.57,344.39,380.21,262.32,676.12,1077.78,759.58,1458.6,1991.21,2200.79,2402.74,2168.33
AIRBUS,NL0000235190,,,123.38,66.92,63.28,145.09,202.65,266.13,233.29,163.83,129.61,140.78,207.01,264.1,355.12,544.37,424.04,475.0,542.4,892.77,945.71,1267.91,951.69,1095.05,1031.5,1411.87
WERELDHAVE,NL0000289213,404.64,350.46,465.17,465.14,556.59,879.12,1223.1,1286.86,1836.7,1399.9,1096.78,1404.91,1637.26,1389.83,1327.83,1632.98,1754.94,1448.31,1288.84,1255.83,1070.12,639.3,554.36,639.08,663.78,673.57
BAM GROEP KON.,NL0000337319,2289.94,2248.31,3213.99,3637.46,3099.31,7859.35,13700.22,23205.1,28289.87,24335.8,13071.3,14650.31,12861.59,9349.04,8536.39,11455.63,7312.83,12012.99,11021.46,10659.75,7965.58,6623.17,5283.72,8924.52,5904.31,7022.15
SBM OFFSHORE,NL0000360618,1280.73,1171.86,1705.28,1764.45,1706.0,1845.31,2490.38,3877.45,6106.57,4953.48,2334.14,3309.46,4701.9,3563.18,2906.42,3240.14,2187.3,2820.74,3105.35,3574.7,3426.3,3607.43,4031.2,3982.86,3690.03,3412.31
RANDSTAD,NL0000379121,1579.07,1055.42,536.58,368.33,250.19,883.3,1266.05,1685.64,2262.69,1104.33,778.21,1607.54,1971.17,1346.77,1470.84,2466.17,2122.86,2073.3,2414.54,2947.64,2266.58,2832.17,3197.56,3618.12,3680.36,3423.23
WOLTERS KLUWER,NL0000395903,17312.91,12642.54,8889.82,7895.93,5994.75,7170.11,7561.87,9565.11,13630.79,12308.37,8734.88,10090.62,12204.52,10136.27,11722.35,17144.24,18613.78,21337.3,25527.52,33253.75,42742.93,53463.26,58463.57,72599.63,78644.43,111231.0
ARCADIS,NL0006237562,112.26,115.05,136.19,142.37,151.99,216.13,356.69,682.28,1353.61,1171.3,748.62,1391.85,1572.64,1347.96,1824.35,2721.55,2351.49,1105.54,1076.23,1765.23,1094.87,1921.1,3193.63,3914.73,3957.74,4938.91
KONINKLIJKE VOPAK,NL0009432491,,86.05,82.65,73.45,63.73,110.4,135.15,198.95,325.67,290.1,239.51,491.61,652.65,763.24,944.85,806.97,827.83,658.42,654.93,666.99,800.62,891.06,867.62,614.45,558.71,583.44
ASML HOLDING,NL0010273215,1052.88,3144.78,1727.7,1377.95,522.23,1418.46,1202.67,1601.48,1829.67,1713.0,1287.51,2221.2,3193.78,3302.21,5365.02,6309.53,7489.21,6544.06,9188.06,14450.5,13837.48,23624.26,43171.55,51425.58,52892.07,73483.53
CORBION NV C,NL0010583399,9951.66,7495.16,9658.33,7794.83,8644.81,9229.12,13003.35,12984.06,17144.93,12602.49,6204.96,14577.88,18572.85,11885.57,13683.93,14240.41,12066.88,15270.72,18990.38,24581.2,22818.64,27878.03,52226.2,34621.05,32806.1,16904.02
KONINKLIJKE AHOLD DELHAIZE,NL0011794037,6644.83,3835.45,5234.3,4172.36,2058.11,1752.71,1853.01,1718.48,2193.15,2586.23,2502.32,2710.4,2992.2,3186.03,3402.13,4351.6,4741.61,5713.88,5812.68,6114.13,7656.11,7423.47,8859.91,10666.58,9847.78,9699.32
ING GROEP,NL0011821202,940.78,881.53,1257.6,805.95,525.45,987.4,1155.81,1510.69,1981.08,1398.26,419.1,547.36,777.47,619.83,581.84,879.67,807.04,766.56,1014.23,1363.5,938.1,941.14,758.42,1311.99,1249.64,1282.84
SCHIBSTED A,NO0003028904,51.0,78.62,52.33,37.55,35.49,73.43,119.79,119.48,187.49,123.46,35.13,118.27,178.22,174.29,239.12,364.4,410.59,354.13,330.96,371.01,440.4,533.86,677.31,516.95,367.88,527.14
STOREBRAND,NO0003053605,91.28,76.18,85.24,73.91,40.18,79.8,108.36,138.53,201.38,135.16,56.17,126.23,152.84,100.22,97.99,115.19,61.81,78.15,118.87,171.37,155.61,164.26,172.88,247.07,192.37,209.21
MOWI,NO0003054108,6.17,33.95,78.53,28.53,0.54,0.36,0.14,0.19,0.6,0.32,0.11,0.47,0.71,0.38,0.69,0.8,1.03,1.14,1.59,1.71,2.28,2.53,2.46,2.91,2.0,2.18
TGS,NO0003078800,4.09,13.4,16.06,15.6,8.14,20.25,28.93,52.92,84.93,55.51,27.83,78.84,112.31,122.12,177.18,141.54,126.13,80.34,132.23,143.52,175.49,150.64,92.28,71.72,119.02,66.69
ORKLA,NO0003733800,834.17,1065.43,1321.79,1141.35,1025.81,1588.86,2661.59,3362.85,5738.78,5154.4,3213.73,4137.3,4602.83,4854.85,5315.1,4857.59,5271.83,5727.53,7009.61,8185.11,6576.52,8273.95,8741.0,8889.82,6904.96,7766.53
NORSK HYDRO,NO0005052605,513.33,569.51,653.27,618.06,643.94,1003.21,1426.18,2238.11,3170.1,3597.59,1342.77,2213.54,2741.0,1973.93,1771.78,1753.98,2361.19,1435.42,2424.5,2997.01,1863.32,1364.93,2204.67,4034.41,4250.95,3253.35
TELENOR,NO0010063308,,,12.48,10.18,9.04,18.44,24.65,27.92,59.05,56.56,18.41,37.56,46.68,51.4,71.53,76.02,79.49,60.82,63.69,94.31,85.85,83.63,86.06,86.04,63.93,69.72
EQUINOR,NO0010096985,,,,9.42,11.56,17.62,25.99,45.51,47.12,49.36,34.35,44.79,53.69,59.26,62.77,63.8,50.14,39.83,54.16,72.24,73.48,58.73,65.13,109.09,113.61,115.74
REC SILICON,NO0010112675,,,,,,,,,19.36,18.45,8.74,5.32,4.34,1.0,0.25,0.58,0.39,0.18,0.21,0.17,0.09,0.06,0.3,0.23,0.2,0.14
PGS DEAD - DELIST.02/07/24,NO0010199151,81.84,91.6,57.47,37.59,1.81,9.3,15.86,23.04,52.83,47.28,8.08,28.25,38.22,31.39,40.6,25.74,15.51,8.09,8.42,7.77,5.86,4.7,1.25,0.59,2.22,1.48
YARA INTERNATIONAL,NO0010208051,,,,,,,25.0,29.23,54.68,97.8,56.33,86.86,125.83,101.45,123.13,102.72,127.62,101.64,113.81,128.5,116.45,119.39,152.91,186.94,165.09,145.8
BANCO COMR.PORTUGUES 'R',PTBCP0AM0015,672.74,611.74,604.04,408.59,258.23,339.21,415.66,467.55,612.88,473.88,179.03,184.32,165.14,49.07,46.8,83.02,41.58,23.71,7.31,16.34,11.48,9.38,6.49,9.36,9.62,12.31
EDP ENERGIAS DE PORTUGAL,PTEDP0AM0009,157.32,116.74,113.78,75.97,65.56,114.63,130.96,155.41,252.13,295.85,184.24,196.38,220.44,180.37,211.29,270.41,274.48,270.36,240.02,297.87,343.59,502.61,660.19,547.21,578.6,506.46
JERONIMO MARTINS,PTJMT0AE0001,4919.89,2567.9,1258.46,863.1,903.5,1484.35,1963.9,2231.78,3826.78,5881.89,3849.35,6859.22,12063.94,13824.17,16818.99,15420.89,10241.48,12748.98,15442.48,19362.15,14965.03,17827.13,16564.77,24744.35,23100.35,26910.76
SONAE SGPS,PTSON0AM0001,633.17,876.15,466.54,267.6,162.46,415.11,572.94,794.97,1214.66,1134.16,398.11,750.11,780.54,439.69,777.81,1379.1,1164.67,1009.82,785.25,1428.23,1008.97,938.14,882.22,1356.34,1242.36,1251.28
NOS SGPS,PTZON0AM0006,,189.44,59.81,20.1,38.5,70.16,80.53,76.29,88.29,87.18,38.64,39.56,39.73,28.25,38.68,63.2,58.99,67.06,54.63,63.36,68.67,57.75,40.97,54.31,61.29,54.51
HENNES & MAURITZ B,SE0000106270,5700.56,8283.24,5909.65,4832.43,5700.5,7456.42,9984.12,10914.85,16953.8,16179.47,14321.56,20554.82,23895.02,26585.62,28657.41,36128.61,34511.22,28274.97,24995.69,16729.6,15261.13,22929.7,23700.48,21242.93,14979.8,16549.57
SKF B,SE0000108227,76.05,117.35,91.39,119.67,136.83,223.7,281.47,380.91,566.22,532.21,342.78,528.19,949.24,920.43,914.2,1036.59,971.32,717.98,833.61,974.83,752.23,961.29,1320.7,1061.99,1039.86,1097.71
ERICSSON B,SE0000108656,948.88,2993.88,1509.29,578.48,144.96,512.1,581.74,676.68,746.83,397.02,363.32,417.29,565.54,437.98,572.16,606.43,619.57,460.26,309.78,364.6,493.82,500.38,777.02,755.57,353.19,344.57
RATOS B,SE0000111940,20.17,24.19,27.94,31.64,38.15,59.32,91.76,109.42,263.95,254.24,146.49,305.7,445.69,318.69,247.77,253.89,188.01,156.96,173.45,131.12,96.41,124.56,185.86,206.86,160.37,129.83
SVENSKA CELLULOSA AKTIEBOLAGET SCA B,SE0000112724,155.98,202.58,170.51,233.62,261.93,344.79,333.35,374.03,519.96,449.78,251.49,429.53,574.77,593.59,867.92,1076.03,914.8,1117.13,1228.8,2242.52,2008.49,2397.22,4242.69,4179.42,3495.29,3371.32
SKANSKA B,SE0000113250,96.66,116.42,147.12,86.12,81.07,138.82,188.75,264.77,395.0,329.0,191.84,342.12,461.82,472.28,461.63,552.14,671.77,573.85,788.29,672.87,610.14,871.33,946.04,1002.58,723.23,715.93
TRELLEBORG B,SE0000114837,55.44,48.2,52.72,56.66,55.87,138.94,123.72,157.09,207.6,143.88,51.28,129.19,215.58,201.85,269.44,431.76,406.06,389.86,473.1,594.07,398.36,415.23,577.82,642.91,636.48,860.1
SKANDINAVISKA ENSKILDA BANKEN A,SE0000148884,208.88,191.81,258.14,198.36,191.62,368.75,475.01,588.28,905.93,615.23,164.39,325.58,513.76,423.79,604.96,849.06,808.43,711.67,860.9,944.89,873.6,930.42,995.74,1284.74,1197.8,1541.74
SECURITAS B,SE0000163594,219.96,299.05,295.91,288.41,163.63,249.85,253.24,276.34,357.09,264.68,255.44,311.69,386.79,335.09,321.87,392.6,532.08,587.6,610.98,744.56,661.6,679.74,682.04,593.63,537.32,604.47
ELEKTA B,SE0000163628,2.91,3.25,3.42,9.13,8.49,19.82,32.54,52.55,67.19,48.6,37.97,71.65,132.71,158.54,212.52,196.93,145.82,104.66,130.78,128.79,186.96,176.85,210.53,160.01,116.16,117.26
SSAB A,SE0000171100,29.36,37.45,26.5,29.12,36.72,56.16,83.06,155.4,274.61,315.75,115.73,212.64,224.17,154.85,118.01,115.82,77.25,37.5,82.31,112.59,73.57,73.3,86.89,124.39,153.31,191.03
INDUSTRIVARDEN A,SE0000190126,223.53,418.72,368.7,245.32,196.9,354.5,473.43,568.61,883.9,633.35,289.6,561.02,886.96,837.42,990.44,1133.5,1121.89,1052.93,1336.83,1720.16,1378.65,1745.69,2372.41,2194.54,1954.76,2307.39
GETINGE B,SE0000202624,37.73,29.36,39.38,53.5,55.35,127.9,160.74,185.7,278.31,287.21,192.52,286.76,331.63,409.91,453.75,515.46,409.88,336.23,252.91,255.01,219.38,362.54,516.66,841.29,492.95,397.82
SWEDBANK A,SE0000242455,47.77,39.23,46.42,35.78,37.0,65.71,82.74,102.66,146.46,95.38,15.33,43.37,77.3,80.72,126.37,152.46,147.23,132.67,174.09,182.92,173.99,137.77,153.07,175.08,192.19,217.7
CASTELLUM,SE0000379190,18.34,17.34,21.66,23.73,31.44,55.33,83.46,98.38,148.72,115.06,82.5,113.27,175.24,179.33,203.56,242.72,246.64,237.36,264.28,317.25,388.61,528.74,528.81,532.28,337.05,349.77
SANDVIK,SE0000667891,125.64,179.63,154.7,147.38,148.27,253.59,310.1,401.16,697.89,629.02,287.11,515.26,919.83,768.53,810.51,710.64,599.08,508.03,800.85,1122.06,948.14,1185.75,1595.42,1670.97,1414.15,1440.38
TELIA COMPANY,SE0000667925,,,6.1,4.5,4.11,6.0,7.02,7.03,10.86,13.17,7.52,11.48,15.33,13.38,13.8,16.62,14.55,11.37,10.39,13.14,12.65,13.35,14.5,14.42,9.36,9.79
ALFA LAVAL,SE0000695876,,,,,7.41,15.74,17.04,24.09,60.22,56.99,40.43,66.12,103.92,105.76,118.38,140.69,104.22,89.58,111.84,151.9,126.59,165.05,177.65,207.39,211.16,238.45
JM,SE0000806994,10.15,12.98,16.22,16.63,13.61,12.96,25.85,50.28,113.06,78.73,26.4,66.54,106.56,96.63,106.06,149.51,186.86,138.4,185.91,141.62,123.51,211.79,259.51,285.99,168.02,132.53
BILLERUD AKTIEBOLAG,SE0000862997,,,,13.09,20.88,29.7,32.96,30.67,39.98,23.97,5.21,24.23,35.3,35.44,52.62,63.54,81.82,83.3,94.52,86.43,74.18,77.39,116.8,105.06,89.22,66.7
NOBIA,SE0000949331,,,,,8.56,16.04,24.98,30.98,62.3,31.51,11.75,28.15,42.7,22.16,30.03,42.67,46.87,54.67,50.85,48.88,34.33,50.24,52.76,35.07,12.93,6.95
HUSQVARNA B,SE0001662230,,,,,,,,,19.93,15.82,8.55,13.59,17.68,12.61,14.2,14.41,18.14,16.26,21.42,27.91,21.36,21.68,36.15,39.19,26.08,24.34
SAS DEAD - DELIST.14/08/24,SE0003366871,11.36,9.92,12.64,10.2,6.56,13.36,13.78,17.85,27.18,11.96,6.16,4.24,2.61,0.92,1.39,1.98,1.45,1.87,1.16,1.6,1.83,1.0,0.51,0.45,0.11,0.0
TELE2 B,SE0005190238,48.29,94.88,53.47,33.6,31.77,70.19,45.78,42.37,64.13,79.34,39.31,63.03,107.0,115.77,105.24,108.48,117.58,94.57,110.71,166.33,174.74,229.55,220.6,262.52,179.05,177.77
AXFOOD,SE0006993770,12.57,11.38,7.74,16.78,25.88,37.25,40.22,40.42,66.55,59.93,40.5,59.56,79.3,82.54,92.04,132.67,153.8,199.52,172.42,219.04,226.03,263.45,329.43,378.03,337.72,402.41
ASSA ABLOY B,SE0007100581,175.64,277.05,308.89,242.47,177.88,255.72,301.8,319.27,464.76,344.25,241.15,388.08,632.43,636.15,879.05,1247.69,1355.88,1469.49,1418.81,1684.13,1602.43,1901.92,2102.55,2471.09,2072.29,2331.63
SVENSKA HANDELSBANKEN A,SE0007100599,344.57,311.18,435.13,399.07,363.86,579.28,724.2,775.23,1011.53,908.71,494.95,947.22,1339.4,1340.22,1738.33,2229.83,2167.07,1876.2,2393.53,2299.69,1856.64,2134.3,1876.3,2248.9,2277.47,2679.22
AUTOLIV,US0528001094,117.55,81.66,57.1,63.56,66.49,136.43,161.19,161.45,203.04,178.08,74.97,163.24,283.13,248.56,255.6,377.29,459.59,419.7,443.14,629.68,469.37,484.36,613.86,672.67,628.8,764.61
PARTNER COMMS.ADR 1:1 DEAD - DELIST.22/09/23,US70211M1099,,119.67,37.06,35.08,17.17,47.25,52.32,45.5,88.47,137.59,113.38,153.14,154.31,79.54,61.31,100.25,46.12,64.28,90.36,94.11,84.44,89.93,78.9,147.06,120.85,
TEVA PHARMACEUTICAL INDUSTRIES ADR 1:1,US8816242098,956.85,1714.95,2372.35,2762.86,3325.37,6091.8,5565.11,7556.13,6615.39,8901.3,8108.72,11054.65,10827.8,8996.44,7808.88,9435.67,12522.6,13113.45,7385.36,5036.71,4575.21,3031.86,3051.8,2109.34,2715.21,3026.87
