NAME,ISIN,1999,2000,2001,2002,2003,2004,2005,2006,2007,2008,2009,2010,2011,2012,2013,2014,2015,2016,2017,2018,2019,2020,2021,2022,2023,2024
RAIFFEISEN BANK INTL.,AT0000606306,,,,,1401165.0,2187083.0,3063455.0,3625903.0,6233959.0,9266907.0,10910965.0,10284420.0,12976076.0,12973198.0,13051256.0,11542265.0,8685177.0,7787607.0,6886678.0,8719097.0,8551016.0,8547916.0,8686445.0,8710116.0,13677850.0,16046061.0
ERSTE GROUP BANK,AT0000652011,3798881.0,3234567.0,3968691.0,4630331.0,7729897.0,8544454.0,9123401.0,9316336.0,14587097.0,20437563.0,18707585.0,18138330.0,16106386.0,15793654.0,16425993.0,13896123.0,10404581.0,10405710.0,9414287.0,10521777.0,11062628.0,11061612.0,11212186.0,11127545.0,15186926.0,24866232.0
TELEKOM AUSTRIA,AT0000720008,3821392.0,3641376.0,2624838.0,2312566.0,3374304.0,5046696.0,5204697.0,5217405.0,6195569.0,7134305.0,6645289.0,6564762.0,6298624.0,5898836.0,5797264.0,5698080.0,4558340.0,4487217.0,4408514.0,5261344.0,4932388.0,4900212.0,5368088.0,5340506.0,5256454.0,5550113.0
ANDRITZ,AT0000730007,751625.0,641429.0,1036539.0,1146606.0,1201338.0,1557315.0,1900753.0,2084806.0,3527226.0,4760814.0,4639606.0,4371306.0,4812884.0,6086034.0,6931593.0,7777447.0,6647282.0,7106765.0,6454299.0,7239784.0,6849266.0,7317316.0,8056650.0,7397304.0,8065248.0,9316096.0
OMV,AT0000743059,5327857.0,5066432.0,6952384.0,6726760.0,7661181.0,9718275.0,12677565.0,18621074.0,24693925.0,29068317.0,32829300.0,24494588.0,31586869.0,45093389.0,57105264.0,57764169.0,40742941.0,25104056.0,20584588.0,24860203.0,26039102.0,25722839.0,19902363.0,40694899.0,66612153.0,42452784.0
WIENERBERGER,AT0000831706,1290512.0,1308431.0,1557810.0,1343245.0,1789574.0,2322515.0,2256819.0,2336131.0,2896358.0,3593052.0,3125006.0,2483851.0,2362913.0,2679800.0,3153967.0,3626636.0,3215680.0,3312390.0,3178351.0,3835256.0,3753218.0,3800462.0,4034106.0,4545407.0,5321372.0,4544383.0
VIENNA INSURANCE GROUP A,AT0000908504,1895913.0,2697174.0,2820326.0,2753477.0,3685380.0,4644692.0,5325953.0,5999727.0,7770598.0,10461512.0,11152727.0,11944371.0,12652794.0,12711734.0,14080461.0,13515821.0,11018579.0,10609916.0,10149835.0,12257598.0,11514901.0,11842276.0,12557975.0,12266681.0,13115012.0,12042713.0
VOESTALPINE,AT0000937503,2842280.0,2525733.0,2529033.0,2752913.0,4386938.0,5875258.0,6971088.0,7727060.0,9090755.0,13574569.0,15720345.0,11716406.0,13897121.0,15750485.0,15844486.0,15329439.0,12551241.0,12609405.0,11531538.0,15556006.0,15201021.0,14458667.0,13364166.0,16242707.0,18832384.0,18317532.0
JAMES HARDIE INDUSTRIES CDI,AU000000JHX1,,,469564.0,517664.0,659952.0,1064862.0,1190999.0,1379821.0,1616835.0,1594463.0,1104155.0,1046363.0,1184426.0,1152538.0,1353450.0,1478417.0,1395389.0,1721465.0,1804070.0,2185021.0,2326263.0,2509854.0,2908932.0,3351740.0,3890871.0,3827343.0
SOLVAY,BE0003470755,8410407.0,7697726.0,8266046.0,7586359.0,8568694.0,9607124.0,10107173.0,10233424.0,12234776.0,13882917.0,12197274.0,7784233.0,9203804.0,10737974.0,17180090.0,14118717.0,12058495.0,12310760.0,12187230.0,13389006.0,12831043.0,12309378.0,11681665.0,13086921.0,17183921.0,6480388.0
KBC GROUP,BE0003565737,13921328.0,12916029.0,15187379.0,14917955.0,17090854.0,19786369.0,23146543.0,22007479.0,27906067.0,36304148.0,26172085.0,21734061.0,23134105.0,23267596.0,20212816.0,19923094.0,15060356.0,14194094.0,13580912.0,15953459.0,14600294.0,14439699.0,14252738.0,14269253.0,19232605.0,29003611.0
COFINIMMO,BE0003593044,62502.0,61236.0,88600.0,101471.0,127764.0,168368.0,175267.0,220402.0,252584.0,302941.0,488109.0,397435.0,371876.0,362044.0,376438.0,300460.0,242448.0,261373.0,231645.0,267728.0,282222.0,278929.0,316896.0,351810.0,349657.0,369562.0
SOFINA,BE0003717312,560276.0,593480.0,305602.0,127953.0,120618.0,123000.0,188825.0,211531.0,319920.0,454609.0,153174.0,276508.0,239056.0,246298.0,258422.0,241700.0,329218.0,366979.0,311819.0,624453.0,157926.0,207815.0,98624.0,102080.0,70500.0,500812.0
ORANGE BELGIUM,BE0003735496,283360.0,372946.0,569191.0,752788.0,1079487.0,1474308.0,1728858.0,1734357.0,2013525.0,2189482.0,1969983.0,2142480.0,2254390.0,2194975.0,2209906.0,1990038.0,1417196.0,1376699.0,1327037.0,1538199.0,1453333.0,1470094.0,1581207.0,1560578.0,1487556.0,1882024.0
UCB,BE0003739530,1857705.0,1801959.0,2055801.0,2152294.0,2720608.0,3770705.0,3936712.0,2441823.0,2848142.0,4623772.0,3890532.0,3667913.0,3773072.0,3808412.0,4635451.0,4645408.0,3793735.0,4319409.0,4465338.0,5569020.0,5260058.0,5386655.0,6430087.0,6612134.0,5899054.0,5649900.0
AGFA-GEVAERT,BE0003755692,4923660.0,4628027.0,4905721.0,4270098.0,5067845.0,5358479.0,4827115.0,3953769.0,4427117.0,4761556.0,3896958.0,3766344.0,3992468.0,4003070.0,4138700.0,3901816.0,2972364.0,2948698.0,2711480.0,3003337.0,2551673.0,2454859.0,2055174.0,2014429.0,1985598.0,1237126.0
GBL NEW,BE0003797140,1138027.0,1580142.0,471546.0,638384.0,326493.0,322780.0,427409.0,336333.0,500768.0,1048906.0,676955.0,731259.0,602662.0,4677885.0,6866279.0,6030723.0,5323708.0,6236174.0,6130915.0,6576976.0,6412115.0,6124318.0,7624710.0,8342941.0,9154600.0,7160270.0
PROXIMUS,BE0003810273,4736648.0,4504502.0,4794356.0,4673549.0,5649475.0,6835716.0,6948120.0,6435033.0,7838900.0,8683350.0,7597269.0,8095931.0,8873356.0,8423264.0,8645612.0,8496834.0,6762695.0,6623985.0,6229884.0,7055321.0,6545547.0,6181551.0,6545532.0,6337439.0,6258322.0,6447040.0
ELIA GROUP,BE0003822393,,,,,723863.0,881127.0,863348.0,829837.0,905860.0,1023524.0,931054.0,1003037.0,1272362.0,1573420.0,1644233.0,1801781.0,891142.0,869342.0,855126.0,1018528.0,2069955.0,2458477.0,2657176.0,2920121.0,3866409.0,4133722.0
COLRUYT GROUP,BE0974256852,2134930.0,1998481.0,2104045.0,2333494.0,3314210.0,4344771.0,5494988.0,5422209.0,6501783.0,7796450.0,7780550.0,8927261.0,9467621.0,10004365.0,10826764.0,11572119.0,10002232.0,10081963.0,9925170.0,11427678.0,10410758.0,10482432.0,11844491.0,11356229.0,11050167.0,11239773.0
BEKAERT (D),BE0974258874,1994011.0,1726290.0,1637995.0,1561537.0,2016605.0,2284488.0,2788444.0,2287950.0,2615900.0,3152516.0,3421890.0,3332057.0,4418389.0,4422786.0,4633609.0,4338476.0,3648196.0,4091047.0,3970727.0,5038238.0,4889025.0,4739171.0,4536505.0,5539289.0,6043178.0,4655780.0
AGEAS (EX-FORTIS),BE0974264930,39763694.0,38972369.0,47160389.0,41982344.0,54119452.0,62914776.0,77000823.0,106084583.0,123747098.0,172489303.0,15278081.0,20686867.0,18004163.0,18287131.0,19072565.0,18508090.0,15656530.0,14598398.0,13729792.0,14929030.0,12731452.0,15395219.0,14085582.0,14877016.0,10106554.0,8456563.0
ANHEUSER-BUSCH INBEV,BE0974293251,3064762.0,3173197.0,5275608.0,6349934.0,7566596.0,8954953.0,10993812.0,13931417.0,17323162.0,20928803.0,20695522.0,36026909.0,37239321.0,36993812.0,41244141.0,44231911.0,40436280.0,44056634.0,44075507.0,60914910.0,52641107.0,51329612.0,49141187.0,52681977.0,58685338.0,59047581.0
STOLT-NIELSEN,BMG850801025,1833402.0,1645860.0,2283416.0,2598167.0,3294011.0,3422021.0,2021847.0,1562987.0,1635538.0,1865452.0,1740562.0,1616260.0,1829400.0,1917727.0,2152491.0,2157267.0,1817963.0,1985805.0,1816130.0,2178234.0,2040971.0,1994653.0,2064372.0,2103378.0,2800430.0,2811590.0
OC OERLIKON CORPORATION,CH0000816824,2562517.0,1760950.0,1993338.0,1255926.0,1099363.0,1306529.0,1521253.0,1233018.0,1848271.0,5104096.0,4061524.0,2679598.0,3761371.0,4580835.0,3166872.0,3209651.0,3475423.0,2689382.0,2336922.0,3013494.0,2606589.0,2656127.0,2507458.0,2869547.0,3150182.0,3089051.0
SWISS PRIME SITE,CH0008038389,,,26268.0,48828.0,73161.0,89595.0,107781.0,148903.0,156533.0,185795.0,179252.0,273400.0,621280.0,710770.0,645885.0,863838.0,919255.0,1018790.0,1057939.0,1214998.0,1222722.0,1301141.0,897689.0,836286.0,884452.0,765080.0
SWISSCOM 'R',CH0008742519,7382674.0,6797717.0,8551634.0,8369294.0,10717679.0,11832611.0,8269859.0,7476471.0,7787585.0,10054951.0,10429993.0,11177566.0,12521887.0,12560601.0,12405943.0,12729500.0,12650973.0,11758371.0,11672579.0,12344001.0,11703177.0,11731824.0,12326299.0,12114059.0,12033283.0,12700324.0
CHOCOLADEFABRIKEN LINDT & SPRUENGLI,CH0010570759,948505.0,877186.0,932591.0,939317.0,1239919.0,1461122.0,1658248.0,1726149.0,2085940.0,2671467.0,2511561.0,2351564.0,2694169.0,2725936.0,2909141.0,3209094.0,3659626.0,3678443.0,3910810.0,4327492.0,4309215.0,4618772.0,4460565.0,4967273.0,5382273.0,5966124.0
GIVAUDAN 'N',CH0010645932,1487685.0,1358934.0,1429621.0,1416533.0,1972950.0,2203247.0,2203761.0,2134159.0,2346844.0,3746691.0,3494621.0,3687358.0,4427784.0,4288371.0,4639151.0,4864018.0,4760735.0,4426254.0,4674846.0,5346386.0,5521893.0,6354013.0,7020438.0,7240487.0,7707062.0,7931967.0
ZURICH INSURANCE GROUP,CH0011075394,40454211.0,36773693.0,38463800.0,39109037.0,48354045.0,56654132.0,60863160.0,64168748.0,65719875.0,51802969.0,29835167.0,58210697.0,62423732.0,54448622.0,61162375.0,74098004.0,72249165.0,58752187.0,66734959.0,66463332.0,46070477.0,73336328.0,61079260.0,69432824.0,43412983.0,69071070.0
BASILEA PHARMACEUTICA 'R',CH0011432447,,,,,151.0,308.0,236.0,23427.0,5796.0,7163.0,10090.0,24682.0,121375.0,73061.0,63098.0,46064.0,46087.0,53189.0,66152.0,107458.0,132433.0,137653.0,141729.0,160454.0,160016.0,180817.0
NOVARTIS 'R',CH0012005267,22373151.0,19774900.0,21726477.0,18917415.0,23914458.0,26937578.0,28701727.0,30779092.0,36426121.0,41393003.0,38324143.0,44669052.0,55024356.0,56484382.0,57609614.0,60515016.0,52943013.0,48888802.0,48950996.0,52030529.0,51890410.0,49468067.0,51721361.0,52399159.0,53395007.0,48009894.0
ROCHE HOLDING,CH0012032048,17404790.0,16791458.0,17398172.0,17219820.0,21931916.0,25335307.0,25715752.0,27280821.0,33916694.0,41831099.0,39005164.0,45685425.0,49587215.0,46587157.0,49583449.0,52080287.0,51306546.0,48476345.0,50704489.0,56415959.0,56793478.0,62962395.0,64766370.0,68029599.0,68527552.0,67351176.0
CREDIT SUISSE GROUP DEAD - DELIST.14/06/23,CH0012138530,51385838.0,45928447.0,62240091.0,65409097.0,61967161.0,65598319.0,60641250.0,68661843.0,66282809.0,84861828.0,43990150.0,48497280.0,51817297.0,45996753.0,40456625.0,41243401.0,38929066.0,33799023.0,29997015.0,32994958.0,33319187.0,36281279.0,33996153.0,28687885.0,23460136.0,43889071.0
ADECCO GROUP,CH0012138605,10803362.0,11250953.0,16157873.0,16088483.0,18509135.0,20097940.0,21885157.0,21763225.0,25963816.0,31473414.0,26969123.0,20785317.0,26628971.0,27639411.0,26944045.0,26680611.0,26215394.0,23567181.0,24842832.0,27971004.0,27446728.0,26639919.0,23261489.0,24492255.0,25684956.0,26667139.0
CLARIANT,CH0012142631,6729165.0,5637963.0,6421765.0,5828510.0,6510588.0,6324089.0,7014209.0,6284937.0,6534698.0,7737298.0,6901170.0,6160188.0,7437090.0,8072873.0,6580032.0,6764425.0,6611412.0,5846965.0,5861854.0,6749931.0,6616881.0,4506094.0,4286443.0,4735998.0,5628960.0,5020712.0
HOLCIM,CH0012214059,7952201.0,7427541.0,8502483.0,8056346.0,9599133.0,10225012.0,10866679.0,14187779.0,19337058.0,24529402.0,21510685.0,19682053.0,22617319.0,22722344.0,23478007.0,21953210.0,20657960.0,23746311.0,26972350.0,27657040.0,27440623.0,27372549.0,25698667.0,29068108.0,31609025.0,30981128.0
ABB LTD N,CH0012221716,30384032.0,24414791.0,23547182.0,23675962.0,21057738.0,20438094.0,21128179.0,21378527.0,24516832.0,31567468.0,32092148.0,32019811.0,34157932.0,36577254.0,39813282.0,43039712.0,39920692.0,34531557.0,33739176.0,35458803.0,27059805.0,28453498.0,27026790.0,28687392.0,30447599.0,32999857.0
THE SWATCH GROUP,CH0012255151,2247760.0,2142865.0,2506691.0,2390215.0,2901875.0,3120252.0,3273572.0,3297268.0,3888548.0,5119511.0,4854162.0,4789188.0,6380020.0,7409079.0,8495848.0,9414085.0,9414452.0,8509162.0,7572189.0,8425506.0,8467170.0,8443677.0,6213121.0,7921856.0,8120733.0,9048063.0
BALOISE HOLDING,CH0012410517,6557601.0,5471370.0,5962054.0,5354718.0,6365015.0,7679308.0,7502901.0,6989102.0,7523292.0,8719943.0,6970430.0,8803742.0,9841505.0,8421091.0,10245038.0,10540302.0,10879967.0,8651334.0,8679795.0,9596397.0,6916204.0,10871067.0,9296250.0,10954757.0,6475686.0,6628555.0
SONOVA N,CH0012549785,154273.0,157558.0,190706.0,319638.0,408068.0,474655.0,544127.0,564328.0,790584.0,1056249.0,1033352.0,1265186.0,1694874.0,1695826.0,1884519.0,2082555.0,2155235.0,2062169.0,2144103.0,2729545.0,2693725.0,2956449.0,2843044.0,3397201.0,3905727.0,4180829.0
LONZA GROUP,CH0013841017,1519443.0,1329697.0,1033381.0,1102994.0,1871130.0,1819403.0,1794256.0,1936722.0,1843430.0,2602373.0,2511304.0,2505429.0,2799354.0,2948735.0,4277348.0,3990076.0,3934849.0,3829173.0,4142497.0,5403544.0,5536880.0,6064123.0,5006032.0,5859335.0,6738941.0,7704848.0
VALIANT 'R',CH0014786500,312867.0,256094.0,272595.0,271944.0,448055.0,534562.0,507850.0,467710.0,493255.0,607348.0,625606.0,681054.0,738189.0,752103.0,677995.0,636871.0,581664.0,513975.0,480158.0,498843.0,464229.0,470967.0,502341.0,490711.0,549866.0,895513.0
SWISS LIFE HOLDING,CH0014852781,17003016.0,16145736.0,15422431.0,13456176.0,16048481.0,17634899.0,18847089.0,16604649.0,16771584.0,17490301.0,15958796.0,16451075.0,18244895.0,18998088.0,20239210.0,21929831.0,19431022.0,20211147.0,19108422.0,19127803.0,19654824.0,24545357.0,25316663.0,22220843.0,22858039.0,15988965.0
PSP SWISS PROPERTY AG,CH0018294154,58319.0,55263.0,66869.0,94152.0,132103.0,152747.0,200230.0,185282.0,218938.0,235755.0,262975.0,277417.0,284327.0,323892.0,372673.0,405175.0,401174.0,303808.0,371583.0,340912.0,315014.0,362723.0,387884.0,419577.0,447894.0,425246.0
EFG INTERNATIONAL N,CH0022268228,,,,,105154.0,207021.0,257763.0,352985.0,860424.0,1425955.0,1495068.0,1027692.0,1164343.0,1181904.0,1268056.0,1057749.0,1110298.0,999834.0,1057279.0,1682137.0,1523891.0,1663229.0,1628737.0,1771016.0,1901263.0,2810084.0
PARTNERS GROUP HOLDING,CH0024608827,,,,,,72736.0,88194.0,117582.0,221225.0,383960.0,365812.0,389737.0,521601.0,474332.0,597589.0,524510.0,599372.0,607458.0,950743.0,1284890.0,1324675.0,1649503.0,1568327.0,2847557.0,2027097.0,2230471.0
SCHINDLER 'R',CH0024638212,4622411.0,4576277.0,5096514.0,4756811.0,5815555.0,6162598.0,6763408.0,6651386.0,8641936.0,12106926.0,11920359.0,11945028.0,8476402.0,8388339.0,8836946.0,9353967.0,9610113.0,9188807.0,9644440.0,10616561.0,10868949.0,11545394.0,11815479.0,12171471.0,12286683.0,13184386.0
KUEHNE UND NAGEL INTERNATIONAL,CH0025238863,3584122.0,3077981.0,3841190.0,3933399.0,5125482.0,6112528.0,7500023.0,8522501.0,12009887.0,15523470.0,15384197.0,13352353.0,17608773.0,17764702.0,18656864.0,19124309.0,18918627.0,16846147.0,16566982.0,19681389.0,20754806.0,21607535.0,22633749.0,35531900.0,42664441.0,27356397.0
LOGITECH 'R',CH0025751329,402662.0,392809.0,584731.0,916185.0,1228055.0,1354946.0,1471520.0,1631702.0,2048226.0,2467668.0,2262657.0,1839256.0,2527063.0,2244287.0,2199308.0,2204750.0,2123934.0,1972892.0,2122126.0,2576849.0,2695781.0,2940777.0,4571619.0,5734516.0,4962913.0,4367021.0
GEBERIT 'R',CH0030170408,643487.0,637743.0,644604.0,598439.0,815816.0,981601.0,1359589.0,1260060.0,1491444.0,1907711.0,1863171.0,1798507.0,1984617.0,2045712.0,2091923.0,2226494.0,2258323.0,2611550.0,2816136.0,3078379.0,3077654.0,3157953.0,3315996.0,3748610.0,3673118.0,3537439.0
SULZER 'R',CH0038388911,4146888.0,3361703.0,3480605.0,2185322.0,1435812.0,1481815.0,1699692.0,1919207.0,2260279.0,3207175.0,3175257.0,3120516.0,3325486.0,3919122.0,4382619.0,3633708.0,3472288.0,2991447.0,2884008.0,3227307.0,3361791.0,3819271.0,3685674.0,3418000.0,3443542.0,3764329.0
NESTLE 'N',CH0038863350,50634233.0,45476484.0,49406876.0,50011462.0,65784680.0,71395738.0,71350048.0,69967075.0,79431267.0,97522779.0,93977675.0,93677893.0,109271951.0,91618890.0,100461545.0,102599724.0,99032811.0,89396039.0,89696298.0,95042033.0,91354517.0,94821576.0,93660991.0,94338652.0,102252580.0,106674922.0
CHUBB,CH0044328745,1406942.0,3016990.0,5266657.0,6644687.0,7123004.0,10831742.0,12371625.0,13176000.0,13542000.0,14295000.0,14732000.0,15472000.0,16065000.0,16884000.0,17973000.0,19283000.0,19239000.0,19099000.0,31572000.0,32288000.0,32766000.0,34244000.0,35994000.0,40963000.0,43166000.0,49871000.0
TRANSOCEAN,CH0048265513,1049612.0,648236.0,1229513.0,2820100.0,2673900.0,2434300.0,2613900.0,2891700.0,3882000.0,6377000.0,12674000.0,11556000.0,9576000.0,9142000.0,9196000.0,9484000.0,9174000.0,7386000.0,4161000.0,2973000.0,3018000.0,3088000.0,3152000.0,2556000.0,2575000.0,2832000.0
GARMIN,CH0114405324,,232586.0,345741.0,369119.0,465144.0,572989.0,762549.0,1027773.0,1774000.0,3180319.0,3494077.0,2946440.0,2689911.0,2758569.0,2715675.0,2631851.0,2870658.0,2820270.0,3018665.0,3087004.0,3347444.0,3757505.0,4186573.0,4982795.0,4860286.0,5228252.0
SWISS RE,CH0126881561,16270677.0,16782321.0,19420030.0,20227664.0,28053669.0,30142685.0,29694033.0,26891326.0,31790901.0,40028480.0,28357132.0,29635778.0,29289813.0,27706541.0,34424675.0,37614746.0,36868120.0,34586893.0,43270476.0,43911753.0,36426548.0,49649157.0,44362951.0,45585296.0,47756448.0,50861060.0
RICHEMONT N,CH0210483332,7925901.0,6681679.0,2842543.0,3349779.0,4125719.0,4071265.0,4631177.0,4680018.0,5793337.0,7499333.0,7713359.0,6986644.0,8996845.0,10726894.0,12831255.0,14119117.0,14169665.0,11845803.0,11332984.0,12951772.0,14133574.0,16718772.0,14702216.0,19505099.0,22033805.0,23061555.0
UBS GROUP,CH0244767585,27958322.0,25365353.0,49770349.0,50325001.0,49863843.0,52348002.0,58212179.0,79159017.0,106589793.0,127591516.0,57955807.0,41744730.0,48403757.0,44680119.0,22037331.0,41102012.0,39367953.0,38497135.0,37509051.0,40829831.0,41727245.0,42248887.0,39488095.0,39888249.0,43047674.0,73623059.0
FLUGHAFEN ZURICH,CH0319416936,131493.0,128950.0,317261.0,318052.0,390180.0,455743.0,524062.0,539477.0,594665.0,728030.0,731160.0,763923.0,901434.0,991747.0,1033996.0,1085575.0,1041523.0,995779.0,1015377.0,1097777.0,1151832.0,1239544.0,692909.0,736614.0,1108357.0,1418119.0
UNITED INTERNET,DE0005089031,99806.0,118742.0,181254.0,200615.0,346271.0,527614.0,653987.0,957970.0,1649997.0,2157319.0,2120155.0,2267841.0,2582828.0,2772971.0,3208984.0,3616779.0,3477169.0,4140748.0,4220523.0,5171077.0,5826495.0,5694846.0,6454437.0,6462399.0,6324683.0,6683940.0
DEUTSCHE BANK,DE0005140008,47834010.0,54104187.0,68286511.0,65225295.0,60633412.0,55824803.0,56961752.0,72825596.0,99110927.0,132727479.0,75069143.0,62007283.0,63516540.0,71321651.0,71387554.0,57625666.0,51530807.0,52643072.0,46847573.0,50603089.0,44786574.0,40849986.0,39745801.0,38614085.0,42746487.0,66482073.0
BMW,DE0005190003,36436331.0,33653219.0,32974650.0,33443452.0,45756696.0,52790238.0,56887331.0,55763914.0,63782507.0,81246685.0,68372852.0,69285692.0,81903834.0,91133074.0,102895767.0,103582656.0,91214135.0,102719684.0,100638970.0,121311201.0,110697412.0,114256725.0,119041385.0,127319923.0,152485781.0,167278792.0
BEIERSDORF,DE0005200000,3778450.0,3559162.0,3838773.0,3949254.0,5131693.0,5940729.0,5833085.0,5708343.0,6664757.0,7987174.0,7674386.0,7858056.0,8388517.0,7459244.0,8087269.0,8363369.0,7130270.0,7450869.0,7216362.0,8674394.0,8213730.0,8390814.0,8447982.0,8729574.0,9408333.0,10162721.0
CONTINENTAL,DE0005439004,7611496.0,8933432.0,9433719.0,9767317.0,12345824.0,14663545.0,16164034.0,16538418.0,19378563.0,24104237.0,31153431.0,27472711.0,35275245.0,40394724.0,43832194.0,45393167.0,39146374.0,43720083.0,43338253.0,54103704.0,50425238.0,48766494.0,45363318.0,38646362.0,42137977.0,44558587.0
LANXESS,DE0005470405,,,,,7318777.0,8028184.0,8690603.0,8545782.0,9039077.0,9584028.0,8451978.0,6913394.0,9642596.0,11619894.0,12176428.0,11303690.0,9082727.0,8805977.0,8228491.0,11880576.0,8172849.0,7457770.0,7340424.0,8649454.0,8648096.0,7222664.0
DEUTSCHE POST,DE0005552004,16557194.0,21876255.0,30505002.0,29022930.0,42480940.0,50873136.0,55389925.0,53299382.0,78812055.0,92115739.0,70014150.0,63161110.0,69720576.0,69956396.0,74327892.0,75019730.0,64246172.0,66005825.0,61277091.0,74307690.0,69895627.0,69447608.0,80338202.0,93564504.0,100975721.0,87952125.0
DEUTSCHE TELEKOM,DE0005557508,40318663.0,34697973.0,38181615.0,42004516.0,58101113.0,70986184.0,74267254.0,71239547.0,79856027.0,90671173.0,79257859.0,88367590.0,84536588.0,77668563.0,77885487.0,81893191.0,71084878.0,77147581.0,78122039.0,92137159.0,85914274.0,88294869.0,121457327.0,124521469.0,122105173.0,120453037.0
FRAPORT,DE0005773303,1420517.0,1311009.0,1432710.0,1374326.0,1951818.0,2331924.0,2563811.0,2497759.0,2790737.0,3377906.0,2701137.0,2696730.0,2972141.0,3139954.0,3269720.0,3488346.0,2716650.0,2896210.0,2764063.0,3607938.0,3949926.0,4063070.0,2016693.0,2453140.0,3415613.0,4303585.0
FRESENIUS,DE0005785604,4873260.0,4844217.0,5688211.0,6364716.0,8123918.0,8980379.0,9329599.0,9429045.0,14027231.0,16521136.0,15877020.0,19364887.0,21630835.0,21878506.0,26120272.0,27980037.0,26614002.0,31197587.0,31497840.0,41658235.0,38076367.0,38822727.0,43625258.0,42943963.0,43668181.0,23988410.0
FRESENIUS MED.CARE,DE0005785802,3552875.0,3549811.0,4252655.0,4735400.0,5788663.0,6155491.0,6396079.0,6537746.0,8809751.0,10218814.0,9281863.0,11023773.0,12366416.0,12122575.0,14316132.0,14960439.0,13602438.0,17222871.0,17709281.0,21862487.0,18790480.0,19161443.0,21476589.0,20165676.0,20741335.0,20927456.0
DEUTSCHE BOERSE,DE0005810055,,,654999.0,661078.0,1267123.0,1924476.0,1958946.0,2086485.0,2609799.0,3504088.0,3459836.0,2951693.0,2933002.0,2957346.0,2957745.0,3019039.0,2726974.0,3116973.0,2857795.0,3445293.0,3561441.0,3642707.0,4520903.0,5142975.0,5706268.0,6582263.0
BILFINGER BERGER,DE0005909006,4528374.0,3574251.0,3386573.0,3166968.0,4282399.0,5797455.0,6977504.0,7417380.0,9774153.0,12527404.0,12540571.0,13097718.0,10843452.0,10869732.0,11392873.0,11459763.0,8732397.0,7222751.0,4540793.0,4971795.0,4715655.0,4744050.0,4162059.0,4277686.0,4610607.0,4825437.0
HEIDELBERG MATERIALS,DE0006047004,4416321.0,6249849.0,6350172.0,5815890.0,7109917.0,8100393.0,8891284.0,9325778.0,12019733.0,15754327.0,18234346.0,15197984.0,15928973.0,17084753.0,18772372.0,18979168.0,14310798.0,15005042.0,16208706.0,21226325.0,20525353.0,20668725.0,21172146.0,21426085.0,22555941.0,22782051.0
HENKEL PREFERENCE,DE0006048432,12313580.0,11113721.0,11918290.0,11355627.0,10449521.0,11995874.0,13590856.0,14311495.0,16583790.0,18962104.0,18162242.0,18555567.0,20439054.0,20664210.0,22106094.0,22273717.0,18637403.0,20158355.0,20001037.0,24622936.0,22597126.0,22053160.0,23149274.0,22966779.0,23947998.0,23143937.0
HOCHTIEF,DE0006070006,3542655.0,4974470.0,8940096.0,10582631.0,12993912.0,13392232.0,15325204.0,16318493.0,20186956.0,23861086.0,24552617.0,24834741.0,27301665.0,30830442.0,34180389.0,34991382.0,25071157.0,23510040.0,21277504.0,27821680.0,27120514.0,28344192.0,27603257.0,24468300.0,28035028.0,29858891.0
SALZGITTER,DE0006202005,3604094.0,2636839.0,3799247.0,3993631.0,5130958.0,6155018.0,7623713.0,8547669.0,10995825.0,14782521.0,16064928.0,10687941.0,11246897.0,13029510.0,13921350.0,12589587.0,10256017.0,9474059.0,8435727.0,11052230.0,10536241.0,9371332.0,8527110.0,11179394.0,13422619.0,11608007.0
INFINEON TECHNOLOGIES,DE0006231004,3584158.0,4145066.0,6792090.0,4388109.0,6164092.0,7948093.0,9479725.0,7908732.0,10916143.0,10375929.0,4560161.0,4289941.0,4436678.0,5324626.0,5100067.0,5414876.0,5064364.0,6934902.0,7013295.0,8842817.0,8850796.0,8743857.0,11162159.0,13263184.0,16049447.0,17276733.0
MERCK KGAA,DE0006599905,4683327.0,5230521.0,6286410.0,6545919.0,8087233.0,9155944.0,6851244.0,7016266.0,8146885.0,10235388.0,9714120.0,10590877.0,12582234.0,13608054.0,14959974.0,15110310.0,13047543.0,14314115.0,16057261.0,18842465.0,16847628.0,17709189.0,21085682.0,22532990.0,23771572.0,22583465.0
GEA GROUP,DE0006602006,12333996.0,7244792.0,8204889.0,7666948.0,8799445.0,8140306.0,5207813.0,5375643.0,5657495.0,7539844.0,6656406.0,6030484.0,5983853.0,7172559.0,7658943.0,5883358.0,5123004.0,5125419.0,4800820.0,5660625.0,5482872.0,5350147.0,5573929.0,5382766.0,5522372.0,5780596.0
PUMA,DE0006969603,341464.0,364597.0,431290.0,520024.0,984543.0,1619655.0,1963566.0,2124493.0,3084012.0,3442447.0,3244295.0,3364008.0,3665270.0,3984531.0,4379310.0,4065651.0,3371704.0,3774914.0,3876123.0,5084527.0,5278568.0,6032659.0,6294678.0,7789202.0,9051310.0,9253379.0
RHEINMETALL,DE0007030009,4660066.0,4415764.0,4187601.0,4002293.0,4946641.0,5400432.0,4379304.0,4128270.0,4723907.0,5808722.0,4972735.0,4675462.0,5402292.0,5898007.0,6298429.0,6282400.0,5318489.0,5775928.0,5987272.0,7248331.0,6981614.0,6858035.0,7065038.0,6475931.0,6853894.0,7719666.0
RWE,DE0007037129,35426358.0,33144537.0,39568460.0,52204582.0,47060722.0,54374263.0,52602978.0,48427689.0,55805626.0,59541936.0,61050632.0,63147439.0,68692664.0,65088621.0,67979921.0,69991631.0,52355582.0,51660172.0,46587860.0,52166841.0,15203293.0,14390361.0,16460637.0,28071526.0,41022856.0,30730209.0
MERCEDES-BENZ GROUP N,DE0007100000,148750531.0,146720483.0,151446869.0,132922569.0,161875595.0,173450733.0,182279404.0,179014402.0,197360122.0,144165077.0,123223311.0,107896528.0,132397452.0,141080741.0,153038173.0,160678547.0,147338493.0,166565804.0,163801378.0,202021419.0,190054783.0,189399079.0,185565785.0,153248829.0,160405718.0,164826056.0
SAP,DE0007164600,4885549.0,4998986.0,5842653.0,6382805.0,8022018.0,8930298.0,9642031.0,10174176.0,12238841.0,14854664.0,14864222.0,14589627.0,16879961.0,18847402.0,21721815.0,22900186.0,19921645.0,23171688.0,23579293.0,28842114.0,28058183.0,30209342.0,32875577.0,31866893.0,33008825.0,33571295.0
SIEMENS,DE0007236101,67925529.0,67088904.0,73115755.0,76068788.0,88603413.0,93715544.0,96448630.0,94582081.0,87968286.0,107499787.0,100972604.0,101669415.0,105790929.0,97427017.0,103992369.0,99206903.0,81758160.0,85933499.0,85365120.0,102618718.0,94636748.0,95442356.0,66922447.0,74042855.0,78643357.0,84028822.0
CECONOMY,DE0007257503,52924756.0,42851001.0,43769100.0,43059215.0,55760360.0,68134685.0,72379778.0,66599726.0,77949021.0,93312292.0,87342247.0,89584303.0,91087324.0,88327084.0,89360304.0,84111954.0,67532790.0,64632886.0,62323421.0,26612047.0,24258495.0,23460948.0,25822564.0,23750804.0,23502121.0,23838879.0
SUEDZUCKER,DE0007297004,4725957.0,4405578.0,4212391.0,4055333.0,4912985.0,5609432.0,6046597.0,6248460.0,7416755.0,8355132.0,7702790.0,7845889.0,8055225.0,8921430.0,10436728.0,10705820.0,7822536.0,7236347.0,6779447.0,8449297.0,7804803.0,7225441.0,8095271.0,8274038.0,9693716.0,10941465.0
HEIDELB.DRUCKMASCHINEN,DE0007314007,3968092.0,3862457.0,4291797.0,4634167.0,4704840.0,4679717.0,4606110.0,4078812.0,4866155.0,5483951.0,4258564.0,3253460.0,3519618.0,3385883.0,3601267.0,3424810.0,2611597.0,2878837.0,2553963.0,3074764.0,2789186.0,2727307.0,2343127.0,2505639.0,2509992.0,2573222.0
THYSSENKRUPP,DE0007500001,,29145613.0,34702844.0,33047831.0,40103393.0,45995203.0,50029030.0,52327673.0,63152479.0,74927434.0,67705794.0,52485473.0,60455829.0,56412433.0,54598437.0,52404179.0,47839177.0,47118998.0,42539344.0,41911484.0,47412060.0,37249381.0,31923150.0,40880318.0,43983610.0,39479379.0
VOLKSWAGEN PREF.,DE0007664039,77475248.0,73530507.0,79792554.0,79767627.0,97401529.0,114359991.0,114150618.0,113865666.0,136516877.0,157940667.0,146274744.0,143800518.0,171826462.0,210994763.0,257983875.0,268301932.0,229686588.0,237692290.0,232209330.0,283592193.0,267828005.0,276987861.0,268031316.0,286369391.0,298568892.0,346700783.0
DEUTSCHE LUFTHANSA,DE0008232125,13074089.0,12516286.0,14176600.0,14511900.0,18366094.0,20285944.0,21768210.0,21591545.0,25837649.0,32517239.0,31964826.0,30462956.0,37004818.0,38049690.0,40349312.0,40894843.0,34047181.0,35723159.0,33837386.0,43739549.0,40704124.0,39935582.0,16341584.0,19241230.0,35039331.0,38127146.0
HANNOVER RUECK,DE0008402215,4655937.0,4896889.0,5738459.0,6569857.0,9648724.0,12118086.0,11260305.0,10661650.0,10868697.0,12571940.0,10353579.0,14545493.0,15688239.0,16329518.0,18680956.0,18651854.0,15850693.0,18188391.0,17223533.0,21662434.0,21620827.0,23867818.0,28098935.0,30319730.0,34237513.0,2816452.0
ALLIANZ,DE0008404005,65449943.0,67552953.0,70617941.0,74252410.0,99811542.0,113545096.0,117647132.0,111386792.0,125767353.0,148791749.0,113059344.0,120647414.0,126756804.0,124730789.0,134254018.0,138265918.0,113112062.0,120157792.0,115195672.0,137495780.0,119670852.0,124636424.0,147912438.0,132547137.0,125220968.0,106915652.0
MUENCHENER RUCK.,DE0008430026,52891664.0,33280512.0,37028864.0,35939777.0,47232789.0,60448477.0,58596453.0,56587416.0,60154640.0,67315906.0,57910702.0,79858797.0,85770353.0,82872686.0,89271933.0,87498731.0,72490511.0,70388754.0,66464920.0,76463995.0,64586739.0,70963941.0,78062960.0,80352825.0,77488567.0,63969094.0
NORDEX,DE000A0D6554,93096.0,218873.0,254305.0,301296.0,468368.0,249429.0,303988.0,369285.0,668622.0,1084086.0,1459674.0,1616971.0,1316437.0,1219310.0,1439736.0,1946517.0,1967808.0,2708105.0,3628523.0,3783722.0,2792559.0,3601234.0,5592792.0,6230938.0,6087842.0,6980691.0
MTU AERO ENGINES HLDG.,DE000A0D9PT0,,,,,2485615.0,2466276.0,2461033.0,2568037.0,3145193.0,3736002.0,3501479.0,3569209.0,3666624.0,3882700.0,4523783.0,5095785.0,4440281.0,4942692.0,5058187.0,6191447.0,5186358.0,5074617.0,4782580.0,4793425.0,5699104.0,5769310.0
AIXTRON,DE000A0WMPJ6,62276.0,82812.0,147308.0,208724.0,163135.0,116048.0,179643.0,166615.0,223484.0,311561.0,352685.0,414034.0,1061464.0,809036.0,305056.0,249039.0,219861.0,220379.0,209990.0,283223.0,305259.0,284657.0,323786.0,490964.0,495241.0,677600.0
ADIDAS,DE000A1EWWW0,5717664.0,5237417.0,5441810.0,5314666.0,7059508.0,7966908.0,8312174.0,7931000.0,13126448.0,14937335.0,13879701.0,14191803.0,16238024.0,17670184.0,19927619.0,19736515.0,16488678.0,18850051.0,20617720.0,26084650.0,24886477.0,25919096.0,23863595.0,24303628.0,24069893.0,23050346.0
BASF,DE000BASF111,31202309.0,28831208.0,33524631.0,28258295.0,34862940.0,42411696.0,48164137.0,51089311.0,68482593.0,84050681.0,80077865.0,69302097.0,86503027.0,97325054.0,105414335.0,100743115.0,84322108.0,78508262.0,61507946.0,79263257.0,71173167.0,65034564.0,71130204.0,89960277.0,93374418.0,74122132.0
BAYER,DE000BAY0017,31675033.0,24645637.0,27966338.0,25161495.0,31337742.0,36316887.0,38183223.0,32728550.0,37692326.0,46970151.0,42308731.0,42609586.0,47519581.0,48370540.0,53236723.0,54689431.0,47919726.0,51623397.0,49985493.0,43046188.0,44953506.0,47743106.0,49785972.0,50453434.0,54252690.0,51246060.0
COMMERZBANK,DE000CBK1001,21001648.0,23603817.0,21622476.0,23432936.0,23105606.0,19783785.0,19195545.0,19811871.0,30707348.0,39267249.0,30872341.0,35372190.0,33143716.0,32481411.0,26404129.0,24300210.0,19279524.0,18230445.0,15217205.0,15598173.0,14457209.0,14274142.0,14602682.0,13587094.0,15873020.0,24729610.0
E ON N,DE000ENAG999,44072297.0,47897290.0,69060608.0,60724780.0,39094802.0,54081867.0,57413412.0,61976637.0,83565902.0,99685207.0,111501589.0,111851531.0,125764104.0,149574188.0,176866159.0,166763474.0,126559173.0,129513168.0,40798311.0,46672812.0,33573748.0,44956036.0,73288798.0,88541021.0,123669486.0,100783810.0
K S N,DE000KSAG888,1285999.0,1165957.0,1947308.0,1894976.0,2444119.0,2908441.0,3312432.0,3365365.0,3850052.0,4850125.0,6162126.0,4885699.0,6763090.0,6820845.0,5269177.0,5380012.0,4335681.0,4653171.0,3694324.0,4458904.0,4586766.0,4463150.0,2924745.0,3677592.0,6069706.0,4165995.0
PROSIEBENSAT 1 MEDIA,DE000PSM7770,,1993830.0,2010056.0,1751850.0,2050830.0,2297373.0,2354020.0,2377995.0,2739522.0,3919666.0,3925544.0,3774328.0,4062892.0,3649772.0,3154838.0,3548133.0,3262340.0,3633719.0,4060273.0,5013347.0,4552584.0,4533649.0,4866759.0,5143661.0,4451289.0,4143834.0
CARLSBERG B,DK0010181759,3352663.0,3174390.0,3490813.0,4033772.0,5175710.0,5909181.0,6204245.0,6089154.0,7175679.0,8708676.0,10340107.0,10904348.0,10909982.0,11322825.0,12060799.0,12145649.0,9830577.0,9757976.0,9001753.0,10208735.0,9510278.0,9669248.0,9467585.0,10245589.0,10096222.0,10616118.0
ROCKWOOL B,DK0010219153,1021299.0,947862.0,952293.0,927253.0,1153162.0,1402104.0,1576310.0,1604318.0,2015069.0,2706637.0,2363197.0,2050786.0,2131347.0,2449084.0,2663925.0,2719777.0,2476754.0,2459076.0,2356050.0,2916607.0,3029409.0,3019921.0,3136325.0,3531354.0,4175650.0,3891375.0
FLSMIDTH AND B,DK0010234467,3262789.0,2758962.0,2399947.0,2215882.0,2394480.0,2544672.0,2537936.0,1680771.0,2150276.0,3885724.0,4361564.0,4248109.0,3667181.0,3918747.0,4459737.0,4913411.0,3220015.0,2938710.0,2615388.0,2973033.0,2852947.0,3029214.0,2658933.0,2703240.0,3139434.0,3477776.0
A P MOLLER MAERSK B,DK0010244508,,,,17632593.0,22072051.0,26812316.0,28612247.0,33401282.0,46242200.0,54270523.0,53787910.0,47748710.0,57297841.0,57454061.0,61390348.0,48587708.0,40922438.0,40703134.0,34382014.0,33375586.0,37559427.0,38111140.0,41752619.0,59889819.0,82760291.0,50741499.0
GN STORE NORD,DK0010272632,614847.0,711655.0,875128.0,856738.0,802625.0,809257.0,956488.0,1063325.0,596125.0,1163946.0,970118.0,868389.0,934690.0,991177.0,1121889.0,1239348.0,1118600.0,1254797.0,1243718.0,1583140.0,1613931.0,1844878.0,2175049.0,2425551.0,2685094.0,2614175.0
DANSKE BANK,DK0010274414,5647181.0,5338268.0,6536028.0,10606151.0,11613895.0,12834968.0,13119995.0,21259304.0,24867643.0,33667450.0,29611890.0,29028864.0,21942045.0,20484799.0,22900101.0,21361648.0,17727988.0,16167686.0,17034669.0,20896128.0,14847951.0,22316651.0,22114536.0,23963369.0,15008189.0,21356309.0
NKT,DK0010287663,975512.0,796081.0,813345.0,752147.0,857464.0,993840.0,1331740.0,1400392.0,1888980.0,2632005.0,2385190.0,2146145.0,2625324.0,2779660.0,2737527.0,2885157.0,2417533.0,2476563.0,1119386.0,1817489.0,1703093.0,1470418.0,1772108.0,2180451.0,2221955.0,2759651.0
JYSKE BANK,DK0010307958,719213.0,728237.0,898168.0,949183.0,1134653.0,1193882.0,1024586.0,1056923.0,1615065.0,2149206.0,2345353.0,1877239.0,1567058.0,1668291.0,1698537.0,1714575.0,2153534.0,2479434.0,2190991.0,2427812.0,2050774.0,1976047.0,2055049.0,1997024.0,2231040.0,4280351.0
SYDBANK,DK0010311471,491430.0,425829.0,525352.0,503461.0,587699.0,723075.0,701333.0,725475.0,1060030.0,1441845.0,1544185.0,1357580.0,1082387.0,1011307.0,1069842.0,918698.0,787287.0,724450.0,669086.0,716996.0,634495.0,661274.0,702860.0,774485.0,834970.0,1255006.0
DSV,DK0060079531,408435.0,478244.0,546253.0,2982502.0,2611299.0,3016539.0,3119104.0,3683388.0,5584325.0,6791600.0,6457392.0,6626307.0,7732218.0,7786547.0,8060514.0,8342013.0,7403794.0,7595227.0,9739703.0,12371286.0,12028479.0,13894684.0,18749186.0,28031222.0,33862182.0,21753773.0
NOVOZYMES B,DK0060336014,,591535.0,628947.0,617006.0,821555.0,990325.0,1038552.0,1005230.0,1188058.0,1447489.0,1405153.0,1551311.0,1766554.0,1872263.0,2016205.0,2143629.0,1898725.0,2090632.0,2033136.0,2400063.0,2189541.0,2108976.0,2266101.0,2298854.0,2522152.0,2582291.0
COLOPLAST B,DK0060448595,413523.0,402811.0,450248.0,476303.0,820099.0,989130.0,1054068.0,1034518.0,1259844.0,1601813.0,1474152.0,1637984.0,1777091.0,1832181.0,2016205.0,2159506.0,1930272.0,2129751.0,2124859.0,2597770.0,2558522.0,2689407.0,3003247.0,3053196.0,3378818.0,3606898.0
TOPDANMARK DEAD - DELIST.21/10/24,DK0060477503,1024745.0,1062686.0,1381735.0,944530.0,1250389.0,1671589.0,1817983.0,1854258.0,2190973.0,2677018.0,2752865.0,2393440.0,2324280.0,2365001.0,2319875.0,2485266.0,2268747.0,2496008.0,2532435.0,3080227.0,3142654.0,3294927.0,3599691.0,3466962.0,1378541.0,1413847.0
TRYG,DK0060636678,,,,1311386.0,2012679.0,2601842.0,2684650.0,2515075.0,2809279.0,3215691.0,2997982.0,3337301.0,3502407.0,3633009.0,3631287.0,3642308.0,2901351.0,2697277.0,2543217.0,2938348.0,2805626.0,3223621.0,3660500.0,3763564.0,4945590.0,5527855.0
DEMANT,DK0060738599,244891.0,247636.0,369856.0,410423.0,571342.0,660392.0,741803.0,754779.0,888171.0,1068062.0,926942.0,1046914.0,1252139.0,1432432.0,1535396.0,1680630.0,1424311.0,1592386.0,1725477.0,2178407.0,2120614.0,2192901.0,2340009.0,2831937.0,2831368.0,3237855.0
ATRESMEDIA CORP,ES0109427734,,,,508104.0,689010.0,804319.0,987812.0,1113990.0,1216330.0,1359882.0,986388.0,889608.0,1047309.0,1031129.0,992382.0,1130083.0,1002011.0,1081196.0,1091340.0,1293387.0,1183654.0,1139614.0,1041777.0,1102508.0,1016637.0,1045026.0
EBRO FOODS,ES0112501012,1398093.0,1522705.0,1810764.0,2011381.0,2339202.0,2546372.0,2722448.0,2820545.0,3187621.0,3894298.0,3043409.0,3004505.0,2305045.0,2389012.0,2733157.0,2664739.0,2405938.0,2743554.0,2628378.0,3081978.0,3005368.0,3084524.0,3484524.0,2777930.0,3173184.0,3318141.0
BBV.ARGENTARIA,ES0113211835,14686431.0,13445999.0,22972102.0,23894955.0,24832188.0,22315000.0,23035525.0,31225104.0,39526990.0,55469304.0,53146182.0,47011629.0,43877876.0,47790538.0,51801367.0,45495309.0,39876191.0,42227903.0,44298546.0,52426236.0,48662346.0,47812180.0,40252078.0,40483155.0,48539685.0,68580884.0
BANKINTER 'R',ES0113679I37,1008516.0,843751.0,1046824.0,1179074.0,1306983.0,1444089.0,1423523.0,2005647.0,2803340.0,3890795.0,3904753.0,3434721.0,3109900.0,3618258.0,3801548.0,3681260.0,2942207.0,2780964.0,2687639.0,3276560.0,3173062.0,3234283.0,2491147.0,2634909.0,2805937.0,4900207.0
BANCO DE SABADELL,ES0113860A34,1335342.0,1048034.0,1212974.0,1534318.0,1824180.0,2062646.0,2731756.0,4402562.0,6019420.0,8788756.0,7011416.0,4854921.0,4719674.0,5933935.0,8663179.0,10675341.0,8841744.0,8635447.0,8122041.0,8854044.0,7847892.0,7453516.0,7942569.0,6574746.0,7440611.0,11293288.0
BANCO SANTANDER,ES0113900J37,18662511.0,23637695.0,32875809.0,30436027.0,31184372.0,30280029.0,32810132.0,63033136.0,71300118.0,95464010.0,102419211.0,104497683.0,102504701.0,111819795.0,109830198.0,99900105.0,85632444.0,84348824.0,78997364.0,94084472.0,85968782.0,85715020.0,77402755.0,75680723.0,100131011.0,135912809.0
NATURGY ENERGY,ES0116870314,3028661.0,3101269.0,4562107.0,4808873.0,5700799.0,7154864.0,8039864.0,10191591.0,13470099.0,14638559.0,17407784.0,20340992.0,26584855.0,27908933.0,33345255.0,34005040.0,28069553.0,28991078.0,24778457.0,28651562.0,27639150.0,25255769.0,18453279.0,25340601.0,36317085.0,24330502.0
CORPORACION FINCA.ALBA,ES0117160111,15719.0,73679.0,119533.0,92142.0,126088.0,126124.0,216830.0,585186.0,772296.0,117773.0,21623.0,147576.0,76032.0,291059.0,44117.0,17687.0,14713.0,17557.0,19986.0,87039.0,110720.0,109202.0,223556.0,270002.0,178458.0,57123.0
INDRA SISTEMAS,ES0118594417,575588.0,565319.0,631293.0,673243.0,945387.0,1247650.0,1384807.0,1436927.0,1831220.0,3143837.0,3058399.0,3435845.0,3462995.0,3560117.0,3972670.0,4126323.0,3370732.0,3234581.0,2938520.0,3726644.0,3551879.0,3535964.0,3681650.0,3905017.0,4142983.0,4707506.0
FOMENTO CONSTR.Y CNTR.,ES0122060314,3728329.0,3745260.0,4166893.0,4498106.0,5948912.0,7691893.0,8065570.0,8473814.0,12341422.0,20132019.0,18014814.0,17361587.0,16406184.0,15565712.0,14932296.0,9160739.0,7185935.0,7216872.0,6360906.0,7132810.0,6801969.0,6881313.0,7405390.0,7621962.0,8239308.0,9709842.0
MAPFRE,ES0124244E34,3091596.0,2716898.0,3975353.0,5030654.0,6047942.0,6653652.0,7847045.0,8615116.0,10121736.0,18040425.0,18332335.0,21774062.0,23023256.0,26072778.0,27510880.0,28460771.0,25540843.0,23939587.0,23851499.0,27375089.0,24738351.0,24395253.0,23237783.0,23670799.0,24050326.0,26975370.0
ACCIONA,ES0125220311,2777138.0,2501833.0,2679499.0,2631003.0,3695354.0,4913441.0,5191140.0,5800057.0,8164885.0,11534123.0,16278413.0,8902933.0,8482000.0,8800656.0,9394032.0,8998022.0,7372485.0,7292093.0,6388510.0,8917776.0,8527754.0,7883823.0,7783483.0,9275878.0,11970257.0,18310540.0
ENDESA,ES0130670112,7462614.0,12845804.0,14236124.0,13543281.0,18114596.0,20644447.0,22636885.0,20925810.0,25561687.0,24878153.0,27926487.0,33402208.0,40030318.0,40821250.0,43226720.0,42495065.0,24405150.0,21936935.0,19937980.0,24463118.0,22599397.0,21498377.0,20490415.0,23920199.0,35174057.0,27387817.0
ENAGAS,ES0130960018,,,46081.0,153779.0,469936.0,676797.0,732100.0,798458.0,987190.0,1153583.0,1075683.0,1206130.0,1329561.0,1481047.0,1580042.0,1741317.0,1368413.0,1333229.0,1269697.0,1672144.0,1470204.0,1264272.0,1267022.0,1116733.0,1023379.0,976329.0
ACERINOX 'R',ES0132105018,1434143.0,1398209.0,1824825.0,1583485.0,2705276.0,3703473.0,5185162.0,5036106.0,7338037.0,10008816.0,6491380.0,4092272.0,6094970.0,6187006.0,6098508.0,5401636.0,4969394.0,4704351.0,4241048.0,5688090.0,5690193.0,5212192.0,5614136.0,7675133.0,9290175.0,7108610.0
FAES FARMA,ES0134950F36,84712.0,117723.0,124734.0,129644.0,164335.0,220369.0,209161.0,198942.0,241060.0,269681.0,249575.0,267021.0,274255.0,251895.0,235801.0,245677.0,217529.0,228144.0,244359.0,337554.0,368286.0,391854.0,457261.0,456173.0,469138.0,485349.0
OBRASCON HUARTE LAIN,ES0142090317,825305.0,1546440.0,1666383.0,1617107.0,1917585.0,2684713.0,2862030.0,2919502.0,4267289.0,5459791.0,5152387.0,6000923.0,6649296.0,6448579.0,6281181.0,5017436.0,4232237.0,4868658.0,4128278.0,3954067.0,3301050.0,3245265.0,3404118.0,3180284.0,3485405.0,3368763.0
IBERDROLA,ES0144580Y14,4682790.0,6114068.0,6573519.0,7054532.0,10364855.0,12016150.0,13178645.0,14029697.0,14341474.0,25335073.0,32384047.0,33574381.0,41212665.0,41908468.0,45793749.0,44680792.0,34071312.0,35012945.0,31224642.0,38433935.0,39831846.0,39950830.0,39858841.0,44768395.0,57684983.0,53072703.0
INDITEX,ES0148396007,1822623.0,1990775.0,2438588.0,2825696.0,4300550.0,5846537.0,7275844.0,8056731.0,10669163.0,13683738.0,13375821.0,15152206.0,16964733.0,18264238.0,21351117.0,22776852.0,20553028.0,23291418.0,24913691.0,31147171.0,29690027.0,31013010.0,24534623.0,31722678.0,34824413.0,38670406.0
MEDIASET ESPANA COMUNICACION,ES0152503035,,,504518.0,437033.0,534036.0,696723.0,967017.0,1085155.0,1274386.0,1530970.0,1206607.0,866129.0,1134632.0,1304212.0,1187285.0,1126038.0,1057443.0,1083118.0,1052783.0,1211722.0,1106607.0,1029529.0,993270.0,991097.0,917248.0,922834.0
MINOR HOTELS EUROPE & AMERICAS,ES0161560018,206134.0,260158.0,500202.0,627627.0,958989.0,1171573.0,1218978.0,1167178.0,1424749.0,2122796.0,1876642.0,1653842.0,1736128.0,1762498.0,1721936.0,1716652.0,1414657.0,1534119.0,1547481.0,1900703.0,1832149.0,1872751.0,644752.0,854397.0,1841631.0,2322564.0
ACS ACTIV.CONSTR.Y SERV.,ES0167050915,2776493.0,2640902.0,3180738.0,3409629.0,4783434.0,11219267.0,14063888.0,14478689.0,18311383.0,30909763.0,20577263.0,21334773.0,20828636.0,37702594.0,51410631.0,52259166.0,39571989.0,38919992.0,34174277.0,42902614.0,41629081.0,42813515.0,42014256.0,31860779.0,35943098.0,38445312.0
PROMOTORA DE INFIC. A PRRDE.INFORMACIONES,ES0171743901,,549992.0,1012721.0,1007144.0,1257941.0,1590102.0,1764557.0,1704335.0,3550743.0,5249620.0,4682625.0,4313325.0,3640044.0,3497596.0,3563450.0,3650247.0,1597606.0,1502216.0,1421428.0,1407414.0,1415079.0,1168058.0,832650.0,831830.0,888344.0,1000256.0
GRIFOLS ORD CL A,ES0171996087,,,,,422214.0,541303.0,584303.0,625966.0,844051.0,1020030.0,1046615.0,1248411.0,1341743.0,2377759.0,3509318.0,3733938.0,3806650.0,4384671.0,4328353.0,5308484.0,5095083.0,5590248.0,6421714.0,5646259.0,6483899.0,7091396.0
REDEIA CORPORACION,ES0173093024,605449.0,531301.0,524271.0,514279.0,752663.0,1153460.0,1233329.0,1028079.0,1235664.0,1495198.0,1447072.0,1640670.0,1892295.0,2168168.0,2350203.0,2394566.0,2095079.0,2160751.0,2065238.0,2386399.0,2212745.0,2200755.0,2387984.0,2235281.0,2154578.0,2220449.0
REPSOL YPF,ES0173516115,15347667.0,25075082.0,41076550.0,37258803.0,38476878.0,45854090.0,52075614.0,59005335.0,66849337.0,75561245.0,74211863.0,64632104.0,75210897.0,81441221.0,78896395.0,67613770.0,45112997.0,37368011.0,30395934.0,43467859.0,49486785.0,46573238.0,33971109.0,50966198.0,74089421.0,69685691.0
TELEFONICA,ES0178430E18,19714438.0,22457330.0,26566900.0,27000133.0,30746115.0,36104378.0,38906777.0,45277296.0,68861781.0,81860191.0,74476630.0,77556610.0,82255951.0,83209034.0,83491678.0,77710825.0,57152206.0,52620784.0,55614726.0,63936773.0,55295333.0,53090290.0,51801462.0,44954958.0,42762526.0,43731865.0
SACYR,ES0182870214,354443.0,323744.0,444042.0,632661.0,901642.0,4238154.0,4751825.0,4992358.0,6098076.0,8353841.0,6914131.0,8007882.0,6528313.0,5229853.0,4838614.0,4174229.0,3290844.0,3286265.0,3057201.0,3801939.0,4310382.0,4571439.0,5469095.0,5351246.0,6256957.0,4958646.0
ZARDOYA OTIS DEAD - DELIST.09/05/22,ES0184933812,478237.0,431013.0,453478.0,472441.0,655383.0,809017.0,853961.0,837534.0,1023027.0,1254556.0,1203850.0,1210076.0,1168454.0,1084636.0,1083370.0,1033989.0,838336.0,815994.0,797349.0,956792.0,890796.0,879766.0,945681.0,923055.0,862318.0,867570.0
KESKO B,FI0009000202,6763994.0,5977697.0,5882761.0,5403139.0,6997803.0,8988261.0,9644735.0,9946214.0,11388925.0,13827513.0,12339168.0,11547570.0,11886396.0,12527504.0,12968953.0,12686281.0,10290506.0,9671753.0,10880547.0,13124569.0,11790614.0,11753828.0,12830350.0,12933779.0,12626776.0,12676561.0
TIETOEVRY,FI0009000277,534051.0,1202306.0,1044500.0,987060.0,1375577.0,1747070.0,1957196.0,2009872.0,2143266.0,2570631.0,2397940.0,2314627.0,2320859.0,2420778.0,2443989.0,2276127.0,1727261.0,1627133.0,1595252.0,1897155.0,1816378.0,1901172.0,3350812.0,3231556.0,3130872.0,3067427.0
HUHTAMAKI,FI0009000459,1384002.0,1381365.0,3084915.0,2071489.0,2422674.0,2680257.0,2684682.0,2681702.0,2962172.0,3351799.0,2904725.0,2785727.0,2643317.0,2706144.0,3126452.0,3189820.0,2536379.0,3038296.0,3062038.0,3674201.0,3524420.0,3726692.0,3970612.0,4091694.0,4789172.0,4484743.0
NOKIA,FI0009000681,15041543.0,19341650.0,28330070.0,27120472.0,32482688.0,37445791.0,37553209.0,40865569.0,53527633.0,74052863.0,65176370.0,56028981.0,57484501.0,51192419.0,40404209.0,17308264.0,14444327.0,13928867.0,25238030.0,28456093.0,25622340.0,25562763.0,26278335.0,25411564.0,26636094.0,23944304.0
UPONOR DEAD - DELIST.30/04/24,FI0009002158,1315620.0,1317584.0,1264296.0,1036788.0,1230654.0,1297985.0,1376536.0,1232744.0,1506079.0,1768433.0,1219984.0,1003584.0,1014639.0,1067838.0,1086559.0,1233873.0,1161604.0,1171010.0,1175010.0,1438848.0,1358508.0,1209448.0,1366108.0,1503039.0,1482195.0,1313505.0
OUTOKUMPU 'A',FI0009002422,3260763.0,2845684.0,3444264.0,4629200.0,6014751.0,7527297.0,9156377.0,6635829.0,8010726.0,10026390.0,7035603.0,3569482.0,5727323.0,6632940.0,6076163.0,9185950.0,7764450.0,7114320.0,6081324.0,7822444.0,7803781.0,7020303.0,6781234.0,8823428.0,10151462.0,7488377.0
WARTSILA,FI0009003727,2937762.0,2641233.0,2524488.0,2050882.0,2726009.0,2997062.0,3179839.0,3153931.0,4151935.0,5457733.0,5927695.0,7190914.0,6166115.0,5573576.0,6326547.0,6338238.0,5421728.0,5604310.0,5131184.0,6052160.0,5875548.0,5668432.0,5536585.0,5468717.0,6246560.0,6470707.0
NOKIAN RENKAAT,FI0009005318,283630.0,315601.0,371649.0,368181.0,518586.0,672107.0,772743.0,820515.0,1088100.0,1486627.0,1389255.0,1091625.0,1432982.0,1929101.0,2158926.0,2071435.0,1575920.0,1515693.0,1486878.0,1933175.0,1811949.0,1749649.0,1579923.0,1961894.0,1899095.0,1262514.0
KONECRANES,FI0009005870,673916.0,578664.0,655650.0,657634.0,772243.0,844771.0,934115.0,1160314.0,1929786.0,2537708.0,2702294.0,2284824.0,2094150.0,2511221.0,2905766.0,2859402.0,2281894.0,2369434.0,2264091.0,3855778.0,3584039.0,3647641.0,3822817.0,3646231.0,3597813.0,4266794.0
STORA ENSO R,FI0009005961,11840315.0,10404207.0,12074694.0,11745857.0,13833062.0,15474500.0,15905356.0,15761887.0,18997031.0,19396634.0,14175057.0,12228793.0,13945063.0,14519769.0,14480496.0,14359772.0,11586547.0,11188561.0,10476123.0,12348963.0,11907807.0,11024387.0,10285493.0,11633327.0,12488843.0,10107857.0
UPM-KYMMENE,FI0009005987,9441899.0,8081194.0,8937551.0,8623668.0,11335826.0,12646774.0,12600284.0,11172862.0,13045742.0,14554438.0,12160001.0,10552599.0,12085749.0,13332090.0,13975979.0,13692446.0,11195148.0,11297772.0,10486811.0,12305936.0,11904401.0,11225030.0,10317962.0,11232731.0,12531613.0,11252467.0
FORTUM,FI0009007132,9587320.0,8052825.0,10283360.0,9051461.0,12064132.0,14482514.0,14967649.0,4633845.0,5845981.0,6496196.0,7243818.0,7430156.0,8526655.0,8158424.0,8246604.0,8247608.0,5389962.0,3854704.0,3881787.0,5556726.0,5952768.0,5972137.0,58943464.0,128648759.0,9413679.0,7219437.0
SANOMA,FI0009007694,1413010.0,1291818.0,1350328.0,1504229.0,2551562.0,3094442.0,3198830.0,3134210.0,3569420.0,4244210.0,3894516.0,3783980.0,3739486.0,3636530.0,3181751.0,3021626.0,2157346.0,1912977.0,1751828.0,1762171.0,1493756.0,1001350.0,1276758.0,1432534.0,1388208.0,1498428.0
ELISA,FI0009007884,996944.0,1126743.0,1160380.0,1251100.0,1691525.0,1955478.0,1739943.0,1598360.0,1976517.0,2274756.0,1908636.0,1955491.0,1981608.0,2026033.0,2079928.0,2107389.0,1741669.0,1749048.0,1748194.0,2197366.0,2079835.0,2021229.0,2278370.0,2286720.0,2276969.0,2345698.0
NESTE,FI0009013296,,,,,7898825.0,9289302.0,10148233.0,11921066.0,16575980.0,17553798.0,19334414.0,13173318.0,16105303.0,20419232.0,23904306.0,23781329.0,17035503.0,12495751.0,12496106.0,16217773.0,16950967.0,17460305.0,14120456.0,17330957.0,27754530.0,24546730.0
KONE B,FI0009013403,,,,,3214180.0,3630799.0,3714004.0,3875123.0,4687199.0,5915904.0,5915871.0,6485084.0,6753339.0,6919233.0,8404333.0,9441441.0,8320917.0,9636538.0,9388432.0,10993466.0,10300605.0,10944130.0,11951640.0,12034038.0,11661992.0,11782065.0
YIT,FI0009800643,1317402.0,1195479.0,1152172.0,1411317.0,1907933.0,3037955.0,3892270.0,3614041.0,4275334.0,5375845.0,5063586.0,4719699.0,5129571.0,5802796.0,6300973.0,2373775.0,2017804.0,1930361.0,1793723.0,2451106.0,4189649.0,3718469.0,3690656.0,3268869.0,2569408.0,2326873.0
ICADE REIT,FR0000035081,38708.0,37620.0,39643.0,44777.0,63632.0,77343.0,90967.0,78278.0,84541.0,2356847.0,2467602.0,2076889.0,1952626.0,1990677.0,2016595.0,2249707.0,2054221.0,1750386.0,1618338.0,2117703.0,2114357.0,1891414.0,1745876.0,1952050.0,1945822.0,1780601.0
NEXANS,FR0000044448,4789338.0,4058694.0,4067271.0,3884042.0,4432606.0,4988534.0,5336515.0,5095198.0,9748509.0,10750124.0,8738595.0,6896989.0,8368203.0,9163495.0,9610996.0,9139646.0,7264140.0,6952732.0,6213852.0,7831050.0,7369986.0,7384311.0,7190104.0,8440000.0,8948556.0,8380184.0
CREDIT AGRICOLE,FR0000045072,33631917.0,30193334.0,35246538.0,27789984.0,47861535.0,64013169.0,76696209.0,78392904.0,100242114.0,107047272.0,77585714.0,87621156.0,89781781.0,66965018.0,66823067.0,67256955.0,61295363.0,84599564.0,78107076.0,91990864.0,85547478.0,102515287.0,88550482.0,104148268.0,88502917.0,103539912.0
MAUREL ET PROM,FR0000051070,34984.0,22052.0,24308.0,21369.0,28837.0,57572.0,169904.0,487315.0,759814.0,419951.0,495105.0,250519.0,468323.0,494690.0,632124.0,790308.0,624421.0,307158.0,339044.0,436128.0,424239.0,494010.0,345647.0,484741.0,687008.0,678331.0
ATOS,FR0000051732,1105261.0,1059819.0,1427844.0,2641183.0,3292963.0,3857851.0,6803127.0,6524555.0,7025201.0,8492482.0,7227752.0,7009091.0,6799385.0,9021143.0,11842091.0,11732141.0,10268496.0,11907905.0,12523360.0,15601984.0,13920075.0,12705181.0,13445820.0,12405907.0,12126367.0,11503120.0
HERMES INTL.,FR0000052292,866244.0,907163.0,1080860.0,1066785.0,1344391.0,1563684.0,1708609.0,1706049.0,1971961.0,2356992.0,2267999.0,2617028.0,3251397.0,3762330.0,4665042.0,5113626.0,4672511.0,5394803.0,5559976.0,6821988.0,6775050.0,7547018.0,7683635.0,10280455.0,12405442.0,14444252.0
M6-METROPOLE TV,FR0000053225,593553.0,615319.0,692511.0,735013.0,1026447.0,1496179.0,1530511.0,1290712.0,1670615.0,1967278.0,1741421.0,1881942.0,1979983.0,1882092.0,1856591.0,1722791.0,1427075.0,1392775.0,1366641.0,1705497.0,1614129.0,1596480.0,1531580.0,1591399.0,1450866.0,1415272.0
UBISOFT ENTERTAINMENT CAT A,FR0000054470,108787.0,129696.0,173964.0,267192.0,367024.0,633351.0,653925.0,665887.0,737149.0,1116248.0,1299905.0,1202243.0,1307630.0,1359614.0,1462222.0,1729990.0,1358986.0,1322683.0,1569013.0,2021972.0,2308318.0,1947173.0,1989470.0,2538753.0,2250879.0,2064494.0
TF1 (TV.FSE.1),FR0000054900,1876325.0,1814233.0,2070755.0,1984191.0,2840287.0,3487016.0,3638172.0,3434926.0,3454349.0,4008236.0,3334907.0,3232767.0,3551509.0,3469018.0,3508857.0,2839678.0,2373126.0,2233589.0,2204560.0,2612276.0,2598573.0,2562635.0,2503369.0,2777966.0,2681359.0,2470702.0
COVIVIO,FR0000064578,12188.0,13787.0,16218.0,41126.0,76404.0,128296.0,258036.0,420438.0,757157.0,1357329.0,1522380.0,1358488.0,1139850.0,1127748.0,1103150.0,1156233.0,1017233.0,996698.0,966248.0,1160499.0,1107026.0,1339563.0,1179946.0,1147397.0,1253417.0,1369634.0
SAFRAN,FR0000073272,3230845.0,3336868.0,3982311.0,2641075.0,2990383.0,4043255.0,4580987.0,10388802.0,14111842.0,14969243.0,13213927.0,14435146.0,14935190.0,15437575.0,18229829.0,19733791.0,17067268.0,20170613.0,17615534.0,20825430.0,23875801.0,27517659.0,19999770.0,17320655.0,20874973.0,25442840.0
JCDECAUX,FR0000077919,1214548.0,1181707.0,1321560.0,1341807.0,1707354.0,1962615.0,2093290.0,2085888.0,2533649.0,3055344.0,2787251.0,2623180.0,3182599.0,3261516.0,3511803.0,3644691.0,2816031.0,3128228.0,3179068.0,3737021.0,3612769.0,3823834.0,2525135.0,2887157.0,3286875.0,3545603.0
L AIR LQE.SC.ANYME. POUR L ETUDE ET L EPXTN.,FR0000120073,6871446.0,6395477.0,7553970.0,7241429.0,8549648.0,10670684.0,12030833.0,12471821.0,14252037.0,17116077.0,16841106.0,16372455.0,18266761.0,19143891.0,20521177.0,20735053.0,17423839.0,18253625.0,19382003.0,25016701.0,23860016.0,24033383.0,24634676.0,26708123.0,32006938.0,29699199.0
CARREFOUR,FR0000120172,30937853.0,36551081.0,60437358.0,60417935.0,74376870.0,89608267.0,93242102.0,89039633.0,101404671.0,119145512.0,111776381.0,117519502.0,122020827.0,107619419.0,105054157.0,104422943.0,86582012.0,87878124.0,84191606.0,99547766.0,88481845.0,81289916.0,86764682.0,85024926.0,88842936.0,91340774.0
CNP ASSURANCES DEAD - DELIST.20/06/22,FR0000120222,23786264.0,23065177.0,22498017.0,20855226.0,27147653.0,32580698.0,36057086.0,41562259.0,53511882.0,60723405.0,49600490.0,59095373.0,58311976.0,54381766.0,48001288.0,53209192.0,47291218.0,47325051.0,44644295.0,50390286.0,45817804.0,45670565.0,39862329.0,43318120.0,45882491.0,4707856.0
TOTALENERGIES,FR0000120271,27466166.0,41259970.0,106841185.0,91573653.0,110966644.0,133042841.0,157439394.0,146554775.0,172722650.0,198445079.0,206069661.0,153323695.0,190246259.0,220546249.0,244089572.0,233851554.0,182138107.0,144909791.0,123873699.0,160909081.0,177439052.0,172882966.0,125475069.0,179119108.0,267407950.0,217719311.0
L'OREAL,FR0000120321,12978366.0,10516709.0,11817750.0,11947232.0,15462175.0,17835028.0,18648805.0,17369450.0,20554137.0,24747040.0,22546063.0,23886687.0,26403108.0,26938423.0,30076472.0,31291610.0,25562330.0,28146809.0,27614022.0,31992605.0,30589869.0,32753668.0,33662171.0,36955157.0,40910157.0,44302556.0
ACCOR,FR0000120404,6269342.0,5912449.0,6478163.0,6276027.0,7652088.0,8611706.0,9074257.0,9038210.0,9805784.0,11639199.0,9780954.0,9530012.0,8055360.0,8077647.0,7563739.0,7539425.0,6187509.0,6219458.0,1713245.0,2381278.0,4099484.0,4439358.0,1949349.0,2522614.0,4516513.0,5439051.0
BOUYGUES,FR0000120503,16692664.0,15511698.0,17776611.0,17801206.0,24075238.0,27742049.0,30027683.0,28772391.0,34375568.0,42949732.0,42045249.0,42862499.0,42287931.0,43309430.0,44917816.0,45412234.0,37594732.0,36137715.0,33952814.0,40451000.0,40375939.0,41585676.0,41721606.0,43022938.0,47391311.0,60260943.0
QUADIENT,FR0000120560,449796.0,428271.0,479753.0,499961.0,823105.0,954610.0,969657.0,988801.0,1195621.0,1315628.0,1180012.0,1248294.0,1307709.0,1327647.0,1432678.0,1491951.0,1263141.0,1326580.0,1238388.0,1366684.0,1239952.0,1252866.0,1237915.0,1172375.0,1156073.0,1142889.0
SANOFI,FR0000120578,5870692.0,5233554.0,5561371.0,5641295.0,8060070.0,10231327.0,19302044.0,32642495.0,36933429.0,40685708.0,35432502.0,40064057.0,41148967.0,44213862.0,46792348.0,45359120.0,38696321.0,38849047.0,37095009.0,44507902.0,40514481.0,41258947.0,44938453.0,44838213.0,48532201.0,49962676.0
AXA,FR0000120628,78781748.0,79122531.0,92365579.0,71813471.0,86869762.0,103746007.0,108941132.0,102537426.0,121374080.0,162520927.0,140624669.0,133748275.0,141471244.0,137396804.0,137412605.0,171197788.0,138495143.0,130653197.0,133353075.0,160743057.0,120147801.0,145314688.0,135701647.0,135369627.0,109305178.0,91557002.0
DANONE,FR0000120644,14600538.0,13003670.0,13324721.0,12581617.0,14668938.0,16693284.0,17578808.0,15566470.0,18318970.0,18529895.0,19561908.0,20481802.0,23036596.0,25580981.0,27942585.0,29005541.0,23987658.0,24975900.0,23453178.0,30337020.0,27993454.0,27724881.0,28404460.0,27791108.0,29576532.0,29711462.0
PERNOD-RICARD,FR0000120693,3541723.0,3512155.0,4086857.0,3960731.0,5233093.0,4492351.0,5128906.0,5878422.0,8207414.0,9643493.0,9110040.0,9268897.0,10257447.0,10560530.0,11391802.0,11219253.0,9071382.0,9912575.0,9389180.0,11102388.0,10322522.0,10384084.0,9571173.0,11214418.0,12679170.0,12490669.0
IMERYS,FR0000120859,2110013.0,2557940.0,2615794.0,2519888.0,3097846.0,3469599.0,3686032.0,3639666.0,4280154.0,4934005.0,4433176.0,3791909.0,4532427.0,4866186.0,5201560.0,5035726.0,4184226.0,4554212.0,4451658.0,5653108.0,5212363.0,4774311.0,4567923.0,5016500.0,4578102.0,4081870.0
BIC,FR0000120966,1405765.0,1303341.0,1425311.0,1333201.0,1614202.0,1729126.0,1778951.0,1650292.0,1885008.0,2111863.0,1826261.0,2136352.0,2480414.0,2415464.0,2542277.0,2570985.0,2245292.0,2498153.0,2165091.0,2483624.0,2214134.0,2137373.0,1957659.0,2096717.0,2388642.0,2434817.0
LVMH,FR0000121014,7829064.0,8360969.0,10800979.0,10633075.0,13736099.0,15207148.0,16196882.0,16625430.0,19923979.0,23903506.0,22097758.0,23313054.0,27519320.0,31329353.0,37628562.0,39697742.0,34758506.0,39743909.0,40185904.0,52415172.0,53175185.0,58844242.0,53695493.0,73498043.0,84667513.0,92680098.0
EURAZEO,FR0000121121,251058.0,272601.0,359020.0,1125104.0,226491.0,81796.0,592786.0,1518846.0,2882912.0,5892905.0,5640172.0,5483797.0,5816111.0,5624121.0,5948992.0,7262523.0,4635585.0,2212162.0,2330951.0,4275864.0,4958448.0,5131882.0,4401756.0,5142731.0,4960838.0,369739.0
WENDEL,FR0000121204,449687.0,433305.0,453750.0,438693.0,598114.0,753103.0,1115419.0,3325257.0,5562855.0,7936846.0,6956559.0,6651596.0,7436446.0,7883121.0,8973655.0,8759406.0,6709601.0,8767085.0,8853297.0,10239497.0,9526700.0,9387668.0,8970133.0,8588678.0,9302905.0,7667599.0
SODEXO,FR0000121220,7067685.0,8835413.0,9797451.0,10384399.0,13648443.0,14857544.0,14748235.0,13950540.0,16659290.0,19413169.0,17493898.0,20070307.0,20661159.0,21249509.0,24417125.0,25054697.0,20438973.0,22081807.0,21637330.0,25445380.0,23174006.0,24070551.0,23234656.0,19947425.0,22587912.0,24352018.0
THALES,FR0000121329,6969875.0,6739546.0,8001734.0,8927992.0,12017707.0,13436752.0,13201300.0,12266722.0,13361146.0,17833138.0,16277769.0,17610222.0,17774880.0,17252265.0,18957013.0,19330808.0,14718420.0,15672009.0,15908488.0,19418299.0,18004455.0,20175012.0,20430166.0,18532747.0,18785444.0,19824567.0
KERING,FR0000121485,18641111.0,18499983.0,23093471.0,24170704.0,29625085.0,30969595.0,31067912.0,21233817.0,23340839.0,28660567.0,25964127.0,22590682.0,19779647.0,16191313.0,13036436.0,13276252.0,11387444.0,12909415.0,13236660.0,19027730.0,15518078.0,17414804.0,15753773.0,20196024.0,21760312.0,21048353.0
ESSILORLUXOTTICA,FR0000121667,1764051.0,1625640.0,1845166.0,1800188.0,2313990.0,2690578.0,2900344.0,2897585.0,3501546.0,4217837.0,3951478.0,4467633.0,5270328.0,5547809.0,6679823.0,6897975.0,6432559.0,7484300.0,7604327.0,9207938.0,12263247.0,19066543.0,17351734.0,22685217.0,26190216.0,27318968.0
KLEPIERRE REIT,FR0000121964,142733.0,154094.0,231539.0,336505.0,477535.0,613442.0,569218.0,606844.0,779200.0,1033388.0,1203078.0,1373220.0,1393828.0,1410472.0,1468240.0,1610521.0,1905867.0,1362352.0,1322608.0,1527854.0,1409836.0,1695705.0,1572708.0,1441232.0,1448086.0,1518653.0
SCHNEIDER ELECTRIC,FR0000121972,8607375.0,8195941.0,9042474.0,8545587.0,9805084.0,11162291.0,13299972.0,13958668.0,17872093.0,25103830.0,23534697.0,21590516.0,26517140.0,29644965.0,32062540.0,32073880.0,28293048.0,29687577.0,26391237.0,30418158.0,29207401.0,29776261.0,30255199.0,33083562.0,36542697.0,38621996.0
VEOLIA ENVIRON,FR0000124141,15351165.0,19186600.0,24615992.0,25325569.0,32550540.0,36362653.0,31658919.0,30173063.0,37255472.0,47322880.0,46534077.0,46695283.0,46585929.0,38750989.0,39416732.0,30390311.0,27091169.0,27820736.0,26067613.0,30887284.0,29424412.0,29809921.0,31278457.0,32629286.0,45855120.0,48786869.0
SAINT GOBAIN,FR0000125007,20116169.0,22452435.0,26874209.0,26424005.0,32761890.0,37617415.0,41092067.0,41963971.0,54145945.0,62976406.0,56295109.0,51657014.0,54333051.0,55770194.0,57840039.0,57233442.0,46575355.0,44155813.0,41781584.0,50170353.0,47438179.0,46677397.0,45851196.0,50543854.0,54742406.0,51576319.0
CAPGEMINI,FR0000125338,4463893.0,4216190.0,6464173.0,7317684.0,7626116.0,7314992.0,8072137.0,8311520.0,10023170.0,12622548.0,11194758.0,11443944.0,11778323.0,12835514.0,13743001.0,13744197.0,11994963.0,13278058.0,13401358.0,15726027.0,14986395.0,15486769.0,19058166.0,20785244.0,23518160.0,24228305.0
VINCI,FR0000125486,9043078.0,8859673.0,13175311.0,14931345.0,18996355.0,23024044.0,25046850.0,25748500.0,33368435.0,44131491.0,43609816.0,44375325.0,46049898.0,49851133.0,52464416.0,55483413.0,44293895.0,43640961.0,41198033.0,50251491.0,50138614.0,53453201.0,52828448.0,57207494.0,66576868.0,74893454.0
VIVENDI,FR0000127771,36286090.0,40527566.0,38813390.0,49874331.0,62928714.0,32394963.0,27494795.0,23287553.0,26091483.0,31410608.0,32635740.0,37091995.0,39109396.0,38154302.0,38821568.0,30145443.0,11445870.0,11993157.0,11563066.0,15298208.0,15821054.0,17430702.0,19349186.0,10955747.0,10259456.0,11306255.0
LAGARDERE GROUPE,FR0000130213,12069271.0,12017414.0,11371106.0,11560480.0,14302620.0,15833130.0,17180269.0,15553322.0,18222644.0,12447054.0,10557261.0,10789106.0,10788332.0,10139433.0,10339386.0,10301339.0,8500734.0,8308955.0,8184672.0,8947313.0,8336374.0,7998300.0,5387467.0,5918530.0,7408835.0,8693230.0
REMY COINTREAU,FR0000130395,1338600.0,1169037.0,738062.0,805154.0,1100251.0,1191197.0,1150193.0,907407.0,1017677.0,1168851.0,1039275.0,971730.0,1183520.0,1264086.0,1535778.0,1573664.0,1072547.0,1107712.0,1136534.0,1384141.0,1260052.0,1231047.0,1120425.0,1401745.0,1640978.0,1417961.0
EIFFAGE,FR0000130452,5811948.0,5597457.0,5767486.0,5539563.0,7410762.0,9031231.0,10021203.0,10155735.0,13933508.0,18241272.0,17085180.0,18645795.0,18354790.0,18276670.0,18782816.0,19436899.0,15823867.0,15668443.0,15290950.0,18763786.0,19180132.0,20491874.0,20033442.0,21972155.0,22312045.0,24063713.0
PUBLICIS GROUPE,FR0000130577,6177737.0,1019636.0,1650784.0,2116355.0,3166456.0,4910986.0,4907952.0,4932649.0,5709302.0,6774666.0,6045940.0,6184733.0,7337582.0,7701573.0,8850471.0,9469224.0,8230725.0,10699340.0,10402378.0,11912539.0,11300266.0,12061589.0,12973214.0,13434868.0,15179077.0,15923425.0
SOCIETE GENERALE,FR0000130809,30210190.0,25049648.0,33986571.0,30461947.0,36597132.0,43892493.0,46977759.0,61986199.0,75480979.0,95287693.0,76078085.0,70194809.0,71374173.0,77430206.0,95743087.0,136169969.0,101153402.0,108374142.0,67315664.0,76432031.0,56140213.0,55605451.0,54952168.0,57170868.0,64471514.0,106165846.0
BNP PARIBAS,FR0000131104,26583230.0,30704821.0,50442186.0,47708414.0,49173136.0,50799401.0,57590483.0,78744297.0,107175023.0,141886549.0,112621065.0,117598794.0,118408916.0,108697321.0,116000088.0,117960133.0,100049544.0,105281686.0,97628234.0,117066206.0,69447069.0,71504470.0,73798684.0,68138060.0,77050175.0,118405863.0
ERAMET,FR0000131757,1243785.0,1469983.0,2132963.0,1937239.0,2268247.0,2529863.0,3234757.0,3241421.0,3978027.0,5499793.0,5585812.0,3676116.0,4842967.0,4771109.0,4615367.0,4306297.0,3488557.0,3359912.0,3096238.0,4337197.0,4230077.0,4024915.0,4272695.0,4198253.0,5361221.0,3497301.0
RENAULT,FR0000131906,41975840.0,36774032.0,37469073.0,31607074.0,39322059.0,47705086.0,52242420.0,49407765.0,54057429.0,59003850.0,48571883.0,46087473.0,52778318.0,56448187.0,55258540.0,55744896.0,46576489.0,50512342.0,54767188.0,72249734.0,65204500.0,60891236.0,52280080.0,52893640.0,49603589.0,56344095.0
ORANGE,FR0000133308,27821336.0,26640440.0,31405938.0,37410965.0,50462011.0,58633078.0,60508309.0,58610914.0,67301030.0,76810011.0,68746868.0,62809767.0,61624587.0,59956004.0,58264487.0,55811628.0,44749960.0,44838939.0,43732096.0,50521951.0,46991892.0,46310100.0,50832198.0,48669062.0,46481379.0,47464758.0
GECINA,FR0010040865,115706.0,177883.0,245163.0,232422.0,317794.0,626951.0,749622.0,717837.0,860789.0,1005290.0,944217.0,1020000.0,973799.0,973566.0,907058.0,802058.0,647781.0,555169.0,535102.0,687111.0,751439.0,738417.0,791255.0,701996.0,669198.0,717356.0
ALSTOM,FR0010220475,12637974.0,13762682.0,15135547.0,22468403.0,24110734.0,24708755.0,18266562.0,16185591.0,17030277.0,22631534.0,22955038.0,26611852.0,27626309.0,26325184.0,27171349.0,27579642.0,22994979.0,7143295.0,7639597.0,9210397.0,9317524.0,8992742.0,9114200.0,14547382.0,17189267.0,18182524.0
EUTELSAT COMMUNICATIONS,FR0010221234,,,,,713195.0,909566.0,975488.0,896891.0,1056239.0,1222898.0,1171973.0,1346753.0,1510093.0,1582011.0,1678242.0,1767597.0,1614720.0,1702801.0,1613528.0,1744960.0,1555078.0,1424892.0,1527491.0,1347836.0,1233059.0,1215718.0
EDF DEAD - DELIST.08/06/23,FR0010242511,31836276.0,31359538.0,32105475.0,35402428.0,52333099.0,57104990.0,60214473.0,61032418.0,76712397.0,86495565.0,82616286.0,90687548.0,88252779.0,86479819.0,97380625.0,102950739.0,82674828.0,83586576.0,76099918.0,85603088.0,78328526.0,78192562.0,83013897.0,96670845.0,153411756.0,150300046.0
LEGRAND,FR0010307819,,,,,,3511043.0,3754808.0,3881936.0,4864231.0,5988277.0,5401246.0,4890779.0,5268893.0,5628001.0,5980696.0,6074576.0,5104184.0,5360145.0,5364070.0,6787074.0,6810366.0,7260746.0,7335013.0,8005295.0,8916906.0,9054579.0
ARKEMA,FR0010313833,,,,,,6416191.0,6823657.0,6824673.0,7372888.0,8230835.0,7239962.0,6075366.0,7997125.0,7812806.0,8562597.0,8304807.0,6752485.0,8561924.0,8053212.0,10235686.0,10011370.0,9580417.0,9480981.0,10895085.0,12349841.0,10234797.0
ADP,FR0010340141,1365616.0,1291921.0,1300103.0,1178986.0,1529651.0,2176249.0,2336386.0,2288333.0,2694879.0,3318294.0,3247933.0,3600152.0,3709427.0,3312516.0,3535435.0,3751268.0,3166362.0,3249586.0,3149677.0,4446610.0,5085177.0,5153120.0,2569870.0,3178448.0,5012645.0,5911311.0
SCOR SE,FR0010411983,2783527.0,2929812.0,3244677.0,3990990.0,4949887.0,5402974.0,3564520.0,3126680.0,4030095.0,7293898.0,7818337.0,8964035.0,9259330.0,9850757.0,12159021.0,14395181.0,13263323.0,15558118.0,15326220.0,18605198.0,17912813.0,18253008.0,20569784.0,20342299.0,21220341.0,17224021.0
GETLINK,FR0010533075,1038148.0,947724.0,880513.0,776442.0,970630.0,1033239.0,1012242.0,948096.0,1080200.0,582703.0,904682.0,780793.0,997551.0,1118740.0,1329777.0,1487165.0,1369004.0,1361808.0,1093869.0,1269906.0,1225813.0,1189907.0,981196.0,886294.0,1717393.0,1967568.0
VALEO,FR0013176526,6794019.0,7549035.0,8505736.0,8898429.0,10608602.0,11739074.0,12111414.0,11872063.0,12978053.0,13858261.0,11135635.0,10251838.0,13044591.0,14391454.0,15744734.0,16492492.0,14436386.0,16207812.0,17655078.0,22804706.0,21717043.0,21354747.0,19765271.0,19757428.0,21424568.0,23714091.0
SPEEDY HIRE,GB0000163088,435103.0,510493.0,496901.0,453847.0,234365.0,294841.0,349665.0,396213.0,568765.0,758486.0,754650.0,643145.0,553643.0,537618.0,528546.0,559216.0,568543.0,529825.0,443769.0,516568.0,503093.0,525044.0,452392.0,483210.0,496013.0,548586.0
ANTOFAGASTA,GB0000456144,182529.0,142768.0,738692.0,754605.0,933282.0,1208291.0,1936171.0,2347619.0,4103516.0,3701171.0,2637704.0,2949425.0,4775954.0,5993724.0,6644938.0,6249043.0,4907251.0,3224249.0,3348507.0,5064024.0,4615010.0,5021557.0,5447230.0,7355106.0,5710216.0,6407730.0
ASHTEAD GROUP,GB0000536739,331796.0,407001.0,441988.0,827285.0,922570.0,954551.0,933334.0,1047847.0,1623321.0,1931170.0,1522854.0,1344331.0,1475628.0,1729521.0,2044622.0,2618856.0,2877980.0,3502809.0,3756745.0,5061280.0,5558409.0,6513370.0,6705319.0,7538849.0,9163904.0,10784480.0
BARRATT REDROW,GB0000811801,1459084.0,1603840.0,1826999.0,2305529.0,3259267.0,4424522.0,4696893.0,4367045.0,4834108.0,6805212.0,4661236.0,2965883.0,3287696.0,3350154.0,3645648.0,4787191.0,5295203.0,5878619.0,5190851.0,6694139.0,6510886.0,6336371.0,5006651.0,6175912.0,6971445.0,5543081.0
BELLWAY,GB0000904986,728924.0,801930.0,927094.0,996159.0,1383061.0,1900045.0,2145327.0,2074565.0,2579175.0,2639016.0,1308689.0,1133307.0,1313920.0,1486974.0,1645821.0,2146491.0,2466561.0,2924471.0,2864298.0,3796114.0,4049214.0,4226546.0,3300296.0,4305723.0,4282886.0,3625746.0
BALFOUR BEATTY,GB0000961622,5734747.0,3497669.0,3368987.0,3859724.0,5059200.0,5839630.0,6527556.0,6679830.0,8839614.0,12556000.0,12171341.0,14008079.0,14881962.0,15069820.0,17109439.0,14336983.0,11089942.0,10073619.0,8605633.0,9601133.0,8606284.0,9461925.0,10044321.0,9745386.0,9162429.0,10096358.0
BOOT (HENRY),GB0001110096,282018.0,325617.0,328737.0,326757.0,286537.0,195678.0,157167.0,176158.0,280307.0,242308.0,285357.0,182296.0,212601.0,181878.0,161967.0,252137.0,224730.0,255188.0,381375.0,567080.0,515095.0,491266.0,305270.0,312034.0,410044.0,453975.0
BRITISH LAND,GB0001367019,586583.0,602712.0,727292.0,617923.0,730973.0,877515.0,980533.0,1055681.0,1182030.0,1281621.0,783822.0,730598.0,473722.0,568253.0,548017.0,608236.0,705335.0,822691.0,785607.0,849609.0,1035245.0,945804.0,754903.0,562910.0,550058.0,733890.0
TULLOW OIL,GB0001500809,5537.0,8709.0,11129.0,108187.0,183802.0,244529.0,420226.0,775104.0,1140357.0,1241236.0,1019076.0,910979.0,1138218.0,2272999.0,2311004.0,2769876.0,2052634.0,1525976.0,921794.0,1892158.0,2081147.0,1799143.0,1250379.0,1404245.0,2048060.0,1796535.0
WETHERSPOON (JD),GB0001638955,308882.0,428781.0,540248.0,765807.0,1088092.0,1421151.0,1495243.0,1415083.0,1732785.0,1728761.0,1379132.0,1524607.0,1665373.0,1771466.0,1969330.0,2100018.0,2244967.0,2259222.0,1996813.0,2345735.0,2274207.0,2409418.0,1043274.0,1554604.0,2220695.0,2526353.0
BREWIN DOLPHIN DEAD - DELIST.28/09/22,GB0001765816,99584.0,136120.0,212819.0,199333.0,172168.0,186671.0,226485.0,251838.0,342076.0,406388.0,304239.0,332151.0,404257.0,419068.0,423231.0,466527.0,443479.0,424965.0,350971.0,422675.0,426636.0,438757.0,496104.0,549725.0,499086.0,524913.0
DIPLOMA,GB0001826634,432400.0,152785.0,129936.0,122681.0,123379.0,143543.0,187488.0,193762.0,252560.0,273218.0,253858.0,250312.0,295673.0,366031.0,408579.0,468063.0,466865.0,483476.0,475591.0,627350.0,629320.0,704760.0,738981.0,1065470.0,1216373.0,1516159.0
VISTRY GROUP,GB0001859296,383876.0,441667.0,445782.0,506173.0,752815.0,883840.0,1043708.0,907346.0,1176691.0,1079090.0,415965.0,440400.0,481190.0,578150.0,667320.0,911534.0,1235657.0,1370916.0,1311174.0,1427430.0,1376948.0,1463044.0,2486686.0,3192138.0,3278048.0,4502119.0
GENUS,GB0002074580,,,195466.0,229937.0,267899.0,340394.0,338196.0,319018.0,452694.0,461966.0,392942.0,430693.0,489191.0,513650.0,537182.0,589874.0,593886.0,562414.0,524691.0,660251.0,610379.0,673320.0,777412.0,771025.0,795542.0,850226.0
RATHBONES GROUP,GB0002148343,100843.0,114302.0,129289.0,133834.0,156621.0,169911.0,205130.0,235112.0,321745.0,385723.0,262741.0,198863.0,219767.0,245435.0,259993.0,306351.0,331993.0,344519.0,337535.0,438956.0,441747.0,496527.0,545085.0,634388.0,614172.0,856289.0
CRANSWICK,GB0002318888,242765.0,215520.0,229980.0,271920.0,399541.0,461017.0,523559.0,681844.0,928949.0,1126632.0,875780.0,1038345.0,1239152.0,1219133.0,1327627.0,1541159.0,1515896.0,1522187.0,1362442.0,1914227.0,1905863.0,1925119.0,2510119.0,2652039.0,2560172.0,3107854.0
DIAGEO,GB0002374006,16178542.0,15787205.0,14748999.0,14963137.0,10865856.0,11873238.0,12323817.0,12121880.0,14424705.0,15041568.0,13070084.0,14784046.0,15940586.0,16465056.0,17341836.0,18460197.0,15612025.0,15235715.0,14046461.0,16879724.0,16269432.0,17025771.0,15682756.0,18695120.0,20314915.0,20596161.0
ELEMENTIS,GB0002418548,875286.0,850728.0,838666.0,554677.0,595517.0,680213.0,726072.0,695315.0,779943.0,582167.0,590077.0,568990.0,728384.0,750202.0,746312.0,812890.0,733157.0,644736.0,609753.0,834550.0,801686.0,883640.0,797868.0,866552.0,717332.0,722788.0
BAE SYSTEMS,GB0002634946,11538312.0,11197310.0,14098587.0,12763630.0,13180032.0,15494141.0,16967169.0,19182967.0,24296625.0,27785927.0,24562211.0,31874090.0,33993586.0,28206309.0,26097548.0,27647670.0,23556967.0,24314283.0,22113853.0,25435505.0,21821873.0,23683923.0,26458646.0,26414841.0,25530858.0,29150976.0
DERWENT LONDON,GB0002652740,47025.0,50398.0,56272.0,66211.0,75888.0,88490.0,93091.0,86175.0,123916.0,220788.0,177391.0,196025.0,195128.0,202381.0,199893.0,350842.0,318622.0,355003.0,250102.0,351088.0,302530.0,315829.0,371000.0,339099.0,329554.0,337387.0
DEVRO DEAD - DELIST.14/04/23,GB0002670437,432351.0,384144.0,335449.0,180166.0,225270.0,269977.0,277987.0,265518.0,302403.0,303418.0,269807.0,344812.0,381941.0,361465.0,378538.0,397894.0,354652.0,333422.0,299699.0,356641.0,328736.0,323462.0,339843.0,341535.0,315022.0,331324.0
BIG YELLOW GROUP,GB0002869419,,288.0,1963.0,5893.0,19456.0,35910.0,53073.0,66285.0,90742.0,107646.0,85918.0,90064.0,96610.0,100643.0,108671.0,115411.0,118408.0,136974.0,137628.0,156875.0,156648.0,165065.0,179606.0,204636.0,220884.0,245780.0
BRITISH AMERICAN TOBACCO,GB0002875804,11666115.0,14423114.0,15953357.0,16053007.0,17299200.0,19527015.0,20080770.0,16233884.0,19231627.0,19453450.0,17859944.0,22227696.0,23980971.0,24442823.0,23852091.0,25017994.0,21329513.0,18979828.0,18336225.0,28170357.0,31773457.0,33480955.0,35378849.0,34754305.0,33213655.0,34462521.0
RS GROUP,GB0003096442,1085342.0,1076487.0,1112862.0,1115565.0,1213555.0,1380377.0,1436473.0,1377399.0,1682620.0,1745529.0,1427823.0,1460726.0,1754222.0,1976823.0,1958729.0,2073083.0,1914633.0,1848592.0,1704097.0,2261736.0,2326447.0,2524689.0,2585884.0,3115899.0,3366163.0,3752819.0
SPECTRIS,GB0003308607,428561.0,437646.0,678160.0,766721.0,799843.0,1049323.0,1145820.0,1141856.0,1348499.0,1297932.0,1159673.0,1231691.0,1453231.0,1755871.0,1932663.0,1970618.0,1791887.0,1723595.0,1672896.0,2117913.0,2081128.0,2111563.0,1834001.0,1748270.0,1594207.0,1830557.0
FIRST GROUP,GB0003452173,1302607.0,2337715.0,2623717.0,2864299.0,3650131.0,4341020.0,4773194.0,4983498.0,6639265.0,7305239.0,8408701.0,9889510.0,10279285.0,10342208.0,10614730.0,11396794.0,9706447.0,8039342.0,6640247.0,8135003.0,8990804.0,9516913.0,5781867.0,5960355.0,5601944.0,5999457.0
GAMES WORKSHOP,GB0003718474,106248.0,115367.0,113995.0,143219.0,187838.0,264149.0,281269.0,213721.0,222411.0,216083.0,172293.0,198716.0,199812.0,199577.0,213160.0,209228.0,182476.0,170749.0,166252.0,272140.0,307404.0,361889.0,422951.0,511491.0,516190.0,621343.0
GO-AHEAD GROUP DEAD - DELIST.11/10/22,GB0003753778,678809.0,774839.0,775639.0,806085.0,1685721.0,2179730.0,2303953.0,2339072.0,3354798.0,3766412.0,3528820.0,3340882.0,3594970.0,3752852.0,3958442.0,4336671.0,4413840.0,4810859.0,4241161.0,4990618.0,4609175.0,4992838.0,5435435.0,5122349.0,3949008.0,4153364.0
HALMA,GB0004052071,350273.0,346202.0,341262.0,378804.0,425413.0,536387.0,540765.0,489203.0,665719.0,728100.0,631915.0,713818.0,783330.0,871975.0,938953.0,1072524.0,1044786.0,1107863.0,1081788.0,1424163.0,1498876.0,1654963.0,1788570.0,1944477.0,1997984.0,2435101.0
STANDARD CHARTERED,GB0004082847,8102379.0,7338745.0,8206880.0,7925563.0,7496751.0,7563891.0,7825022.0,11156783.0,17679048.0,20866297.0,18666946.0,20694559.0,22111590.0,24105110.0,26324014.0,26832290.0,22948244.0,19653613.0,17966203.0,22477510.0,23127216.0,25102224.0,22223059.0,18551947.0,24173441.0,38391671.0
HAYS,GB0004161021,2489044.0,2982240.0,3199295.0,3630315.0,3956621.0,3439674.0,2752991.0,3008970.0,3822291.0,4509363.0,3837192.0,3844321.0,4799739.0,5624119.0,5532146.0,6060552.0,5711839.0,5756954.0,5807528.0,7531808.0,7731645.0,7943980.0,7658829.0,8065045.0,8841402.0,9198132.0
HILL AND SMITH,GB0004270301,91446.0,89834.0,86027.0,273144.0,347192.0,446452.0,501183.0,482744.0,602918.0,780818.0,618512.0,609666.0,602948.0,644761.0,692009.0,728735.0,694190.0,677127.0,671371.0,812265.0,827547.0,898838.0,906569.0,953971.0,879252.0,1048162.0
HUNTING,GB0004478896,1608679.0,1671886.0,1777159.0,1461585.0,1552522.0,2208382.0,2341451.0,2649474.0,3566578.0,3785636.0,648274.0,563045.0,743776.0,966348.0,1296712.0,1395978.0,1286085.0,769827.0,421418.0,770788.0,888661.0,971033.0,664801.0,513571.0,707007.0,941327.0
IMPERIAL BRANDS,GB0004544929,1553297.0,1910999.0,1900079.0,2080919.0,3621408.0,5911679.0,5656345.0,5482091.0,6229298.0,6369267.0,14904404.0,23072498.0,24198496.0,24104728.0,23038702.0,23916284.0,20911197.0,18400468.0,17525757.0,21212451.0,19977113.0,20960369.0,22784330.0,22410870.0,20305307.0,22833963.0
MITIE GROUP,GB0004657408,387166.0,420444.0,506465.0,646082.0,904688.0,1117873.0,1472911.0,1491080.0,2110711.0,2574699.0,2189103.0,2444139.0,2961085.0,3086345.0,3230631.0,3410382.0,3348051.0,3323063.0,2737692.0,3003339.0,2685929.0,2835731.0,2838571.0,4639816.0,4689785.0,5386198.0
SPIRENT COMMUNICATIONS,GB0004726096,962782.0,972193.0,999295.0,1131941.0,912125.0,861258.0,886136.0,451415.0,535066.0,460218.0,379977.0,425687.0,503623.0,521048.0,465730.0,432711.0,424088.0,453158.0,423360.0,484928.0,465001.0,509388.0,554780.0,567133.0,591770.0,480542.0
KELLER,GB0004866223,437240.0,500642.0,457413.0,596109.0,833905.0,1048409.0,1111599.0,1272665.0,1812840.0,1854661.0,1763010.0,1623742.0,1722318.0,1832220.0,2068804.0,2357856.0,2442260.0,2262979.0,2212628.0,2874509.0,2885842.0,2976502.0,2830884.0,3009947.0,3536465.0,3746503.0
KIER GROUP,GB0004915632,1216094.0,1517511.0,1500332.0,1884686.0,2283331.0,2624601.0,2861006.0,2895463.0,3707043.0,4388969.0,3305460.0,3153773.0,3408543.0,3340154.0,3015036.0,3995993.0,4679333.0,5426574.0,4978787.0,5720976.0,5575793.0,5018197.0,4420160.0,4230082.0,3828188.0,4695129.0
HSBC HOLDINGS,GB0005405286,42842309.0,38660471.0,48499994.0,47249379.0,44929687.0,65141299.0,74234244.0,88826081.0,121731266.0,137470541.0,106626672.0,109754766.0,106642453.0,104287451.0,101334898.0,103040767.0,86979781.0,83714018.0,75198804.0,84044626.0,82416120.0,101334410.0,70942596.0,60693087.0,78145792.0,145176707.0
HOWDEN JOINERY GP.,GB0005576813,1466129.0,1181060.0,1316316.0,1521866.0,2101037.0,2736923.0,2825561.0,2702224.0,1444047.0,1896216.0,1187078.0,1203844.0,1301769.0,1355236.0,1392968.0,1568133.0,1665323.0,1767337.0,1625039.0,1948825.0,1960609.0,2048941.0,2124021.0,2833090.0,2785119.0,2919013.0
LEGAL & GENERAL,GB0005603997,32902704.0,37768464.0,33958799.0,29629806.0,36581279.0,36608073.0,51054482.0,53948722.0,41304065.0,25457650.0,22558455.0,22897280.0,24127599.0,24398378.0,53834436.0,29915028.0,33624020.0,23765340.0,22358734.0,21642808.0,31670970.0,27656043.0,29765119.0,27582610.0,15659839.0,24589741.0
MEARS GROUP,GB0005630420,32172.0,75448.0,103306.0,96817.0,128657.0,207409.0,324018.0,354348.0,475598.0,591526.0,619361.0,735520.0,844216.0,934873.0,1067024.0,1419065.0,1280504.0,1276241.0,1168591.0,1249680.0,1128447.0,1171043.0,1106024.0,1188634.0,1152495.0,1375983.0
MEGGITT DEAD - DELIST.14/09/22,GB0005758098,481557.0,503545.0,564211.0,614230.0,659067.0,736689.0,893939.0,1072946.0,1320524.0,1705332.0,1712916.0,1799899.0,1872330.0,2309997.0,2521507.0,2684270.0,2372032.0,2385804.0,2476652.0,2814398.0,2699161.0,2945061.0,2311511.0,2015111.0,1957870.0,2059187.0
MORGAN ADVANCED MRA.,GB0006027295,1467440.0,1313852.0,1492001.0,1446338.0,1435181.0,1528354.0,1484791.0,1061600.0,1335300.0,1346090.0,1230247.0,1474650.0,1638853.0,1747617.0,1582026.0,1570264.0,1407159.0,1320651.0,1229625.0,1418097.0,1341278.0,1357896.0,1249981.0,1286169.0,1335632.0,1408033.0
MOBICO GROUP,GB0006215205,2151350.0,2347731.0,2877304.0,3469234.0,3937037.0,4740612.0,4660328.0,3857832.0,4975361.0,5078714.0,4076758.0,4241379.0,3425462.0,3552376.0,2875441.0,3100690.0,2850958.0,2780637.0,2615003.0,3222405.0,3179292.0,3550842.0,2684571.0,2936741.0,3371808.0,3980059.0
OXFORD INSTRUMENTS,GB0006650450,282166.0,255659.0,234004.0,261364.0,334371.0,331241.0,330016.0,284289.0,301024.0,325842.0,281410.0,323059.0,373660.0,489206.0,548017.0,567741.0,568390.0,535763.0,457815.0,416336.0,404498.0,431240.0,411902.0,471302.0,477638.0,573344.0
ASSOCIATED BRIT.FOODS,GB0006731235,6873504.0,6834763.0,6439807.0,6237111.0,7417440.0,9068885.0,9635561.0,9787335.0,11812419.0,13204578.0,12133034.0,14478978.0,16382082.0,17563467.0,19238698.0,21829265.0,19760066.0,18539514.0,16655622.0,21319346.0,20204141.0,20473882.0,19129229.0,18787135.0,20413397.0,24947213.0
PEARSON,GB0006776081,3688262.0,5297378.0,5662236.0,5964643.0,7050240.0,7478274.0,7311087.0,7130723.0,8150096.0,8081978.0,7088285.0,8798463.0,9124789.0,9304749.0,7943893.0,8310368.0,7441131.0,6471449.0,5658362.0,6265170.0,5356549.0,5005905.0,4662552.0,4638598.0,4613041.0,4640813.0
PERSIMMON,GB0006825383,937888.0,1106303.0,1084746.0,2085814.0,2792515.0,3478654.0,3976045.0,3979173.0,6189700.0,5854483.0,2585876.0,2222457.0,2528935.0,2436504.0,2703028.0,3419727.0,3929571.0,4202821.0,3899198.0,4751006.0,4848786.0,4721776.0,4568258.0,4885548.0,4582776.0,3502968.0
EUROMONEY INSTL.INVESTOR DEAD - DELIST.25/11/22,GB0006886666,288823.0,267472.0,280805.0,289102.0,293326.0,293629.0,325826.0,341679.0,434349.0,592561.0,489246.0,496860.0,531739.0,576415.0,618904.0,663492.0,620693.0,584302.0,501088.0,537146.0,506309.0,331292.0,460156.0,454741.0,438564.0,461259.0
UNITE GROUP,GB0006928617,9020.0,17579.0,43778.0,34586.0,53649.0,88777.0,139213.0,198113.0,217958.0,140085.0,196831.0,415130.0,311625.0,150635.0,336976.0,164929.0,164120.0,301557.0,150533.0,166451.0,157622.0,192654.0,293314.0,344918.0,292684.0,363661.0
PORVAIR,GB0006963689,101530.0,97889.0,94349.0,100882.0,111518.0,85289.0,83263.0,78119.0,91024.0,88387.0,80797.0,86397.0,102419.0,108079.0,120053.0,138151.0,158783.0,138797.0,135944.0,161624.0,167122.0,187520.0,185309.0,197979.0,207263.0,222331.0
PRUDENTIAL,GB0007099541,32380022.0,40997448.0,41038787.0,35837270.0,39068447.0,40123674.0,47373754.0,71594475.0,70813442.0,63820833.0,-15126880.0,75248447.0,76771977.0,57945950.0,87111164.0,85866148.0,91794308.0,59826143.0,89303171.0,120169644.0,33105783.0,94813315.0,59442381.0,26092061.0,-8006186.0,10824601.0
RIO TINTO,GB0007188757,7029162.0,7063701.0,7597393.0,7993328.0,9186528.0,10360633.0,11507266.0,18272701.0,23820537.0,28725736.0,42983433.0,41676954.0,58813354.0,60056463.0,50247406.0,53548424.0,44212009.0,33081175.0,31232827.0,42681785.0,39510985.0,43661098.0,47376129.0,62517562.0,54115545.0,54752179.0
RENISHAW,GB0007323586,151314.0,153133.0,154336.0,164260.0,171030.0,217435.0,264121.0,285457.0,357229.0,360025.0,312626.0,222821.0,382026.0,486607.0,563669.0,551921.0,634069.0,679867.0,594842.0,802664.0,815637.0,694369.0,694438.0,860093.0,832988.0,848057.0
LIONTRUST ASSET MAN.,GB0007388407,,,18330.0,20943.0,29283.0,47524.0,50610.0,47257.0,52742.0,59850.0,62774.0,43562.0,17658.0,19189.0,25857.0,42352.0,46728.0,57480.0,60200.0,88766.0,126540.0,135016.0,186362.0,290241.0,297143.0,291930.0
RPS GROUP DEAD - DELIST.24/01/23,GB0007594764,43050.0,51478.0,83896.0,105555.0,171070.0,230092.0,317002.0,379220.0,584796.0,704258.0,693159.0,694473.0,744146.0,839221.0,751890.0,806807.0,770920.0,733049.0,664156.0,780640.0,744854.0,720027.0,627667.0,644235.0,612510.0,644207.0
CLOSE BROTHERS GROUP,GB0007668071,389763.0,407542.0,729876.0,429838.0,808578.0,914310.0,1087589.0,1164409.0,1504113.0,1589186.0,1128733.0,967455.0,1062652.0,1087141.0,1131208.0,1306313.0,1243954.0,1246493.0,1131051.0,1333414.0,1287959.0,1350521.0,1557158.0,1547598.0,1454171.0,1881588.0
ST.JAMES'S PLACE ORD,GB0007669376,1461050.0,1691282.0,2562768.0,1991979.0,1706746.0,1915569.0,2907645.0,1628263.0,3158384.0,2754125.0,1176617.0,1162542.0,3655555.0,1256824.0,3132334.0,5400345.0,4635211.0,4747419.0,4845905.0,4773912.0,491547.0,7604474.0,4587748.0,8696154.0,-2524502.0,7600247.0
SSE,GB0007908733,1695355.0,4466205.0,4454809.0,5061970.0,6565699.0,7771456.0,10943311.0,14973125.0,21004869.0,25468912.0,27694257.0,37982639.0,38929319.0,46783109.0,49207381.0,49961392.0,44922815.0,47901470.0,32583563.0,41590841.0,25771241.0,9103528.0,9010516.0,10221019.0,12843614.0,14717971.0
SENIOR,GB0007958233,834979.0,739598.0,738692.0,639240.0,650678.0,655642.0,607982.0,589468.0,764182.0,914029.0,828612.0,844959.0,913446.0,1016983.0,1118018.0,1270737.0,1253115.0,1230415.0,1139877.0,1420734.0,1403808.0,1437079.0,1006903.0,891320.0,1018928.0,1217045.0
SERCO GROUP,GB0007973794,940972.0,1062913.0,1128418.0,1289906.0,1790758.0,2446458.0,2577101.0,3934954.0,5020081.0,5457957.0,4602007.0,6210864.0,6971610.0,7375228.0,7714636.0,7030122.0,6038095.0,4601565.0,3742822.0,4100333.0,3680179.0,4202942.0,5332082.0,5987147.0,5445334.0,6156340.0
BP,GB0007980591,67428246.0,82301311.0,143090686.0,170845800.0,193253559.0,261116462.0,289161659.0,239499776.0,281950751.0,275036834.0,288860956.0,239956065.0,310306939.0,370432096.0,370277255.0,396750800.0,327961386.0,211708503.0,169203318.0,256120567.0,291302103.0,281596637.0,191545646.0,155310776.0,235141656.0,212895307.0
SIG,GB0008025412,1303885.0,1337547.0,1362104.0,1464349.0,1884908.0,2343473.0,2608480.0,2853912.0,3663962.0,4767629.0,4499020.0,4292067.0,4298947.0,4457771.0,4096153.0,4233713.0,3973845.0,3717173.0,3405707.0,3857251.0,3480914.0,2697289.0,2570374.0,3100608.0,3296145.0,3487810.0
MORGAN SINDALL GROUP,GB0008085614,691710.0,824698.0,957108.0,1283518.0,1694648.0,2101486.0,2274658.0,2257438.0,2948857.0,4106235.0,3754242.0,3462909.0,3386790.0,3534281.0,3214458.0,3434482.0,3388967.0,3453998.0,3184196.0,3876964.0,3854925.0,3973801.0,4164317.0,4347400.0,4338252.0,5201273.0
SMITH (DS) DEAD - DELIST.04/02/25,GB0008220112,1822830.0,1809249.0,1779790.0,1975179.0,2398061.0,2738955.0,2880221.0,2866216.0,3348297.0,3573586.0,3134699.0,3163004.0,3588042.0,3129519.0,4093170.0,6686001.0,5992294.0,5506815.0,5556432.0,7252215.0,7690391.0,8133141.0,7883927.0,8726464.0,9821778.0,9391520.0
ME GROUP INTERNATIONAL,GB0008481250,276477.0,314005.0,292428.0,296991.0,285902.0,386210.0,411117.0,401060.0,451872.0,405837.0,298106.0,332176.0,359607.0,344547.0,313459.0,310728.0,277284.0,251448.0,250897.0,314123.0,294937.0,300455.0,283885.0,290121.0,311996.0,375992.0
LLOYDS BANKING GROUP,GB0008706128,23578004.0,22275381.0,22366855.0,22147531.0,24551808.0,28616222.0,29376801.0,53073050.0,58110561.0,58288503.0,32119021.0,101800281.0,97156527.0,67539587.0,86004139.0,85256273.0,63632817.0,44090731.0,60151171.0,56211606.0,33971082.0,63688470.0,46828661.0,56855304.0,28557378.0,67924628.0
TT ELECTRONICS,GB0008711763,1015706.0,973624.0,1090353.0,928790.0,849130.0,986327.0,1114479.0,984130.0,1182621.0,1058114.0,860878.0,781599.0,920535.0,938570.0,748852.0,872515.0,800448.0,738539.0,708414.0,499770.0,557190.0,618719.0,592667.0,644370.0,741017.0,775448.0
TAYLOR WIMPEY,GB0008782301,2294718.0,2391134.0,2129696.0,3018886.0,3604435.0,4931449.0,6265633.0,6052932.0,7037215.0,9154462.0,5109134.0,4060685.0,4194696.0,2869837.0,3170334.0,3763355.0,4100866.0,4547685.0,4569699.0,5504687.0,5295576.0,5616991.0,3829689.0,5798112.0,5308300.0,4439341.0
TELECOM PLUS,GB0008794710,,,28058.0,39679.0,53329.0,107216.0,163049.0,194260.0,301309.0,346882.0,301047.0,491537.0,630426.0,688142.0,816247.0,1044824.0,1039989.0,1094870.0,922354.0,1038262.0,1044022.0,1095679.0,1196777.0,1194979.0,1391465.0,3532222.0
ULTRA ELECTRONICS DEAD - DELIST.02/08/22,GB0009123323,259954.0,306811.0,331684.0,338171.0,424894.0,525308.0,596358.0,596101.0,742788.0,801770.0,759174.0,1018513.0,1144092.0,1161479.0,1194687.0,1221642.0,1089668.0,1051952.0,976744.0,1076449.0,994698.0,1067944.0,1180118.0,1151125.0,1021691.0,1074562.0
SMITH & NEPHEW,GB0009223206,1720752.0,1710201.0,1469492.0,1527090.0,1811357.0,2177900.0,2329138.0,2449445.0,2946685.0,3258485.0,3040238.0,3782784.0,4138025.0,4212180.0,4078590.0,4553149.0,4282621.0,4401452.0,4316807.0,5080657.0,4781646.0,5197051.0,4842643.0,5131767.0,5079968.0,5622025.0
VP,GB0009286963,80696.0,83483.0,80391.0,84454.0,117638.0,146619.0,164506.0,159867.0,223151.0,264775.0,228170.0,224420.0,216148.0,242239.0,258835.0,285700.0,294865.0,303283.0,280135.0,365108.0,468141.0,486752.0,437062.0,462792.0,433920.0,474884.0
VICTREX,GB0009292243,77494.0,73777.0,85848.0,101759.0,96430.0,132089.0,161512.0,176901.0,241363.0,254431.0,207915.0,162424.0,305298.0,342539.0,345141.0,363794.0,385644.0,381653.0,313621.0,402870.0,422920.0,380392.0,365098.0,414470.0,409541.0,387787.0
WEIR GROUP,GB0009465807,1023108.0,1013564.0,1090260.0,1029085.0,1144375.0,1276032.0,1379294.0,1374238.0,1853620.0,2059526.0,1994326.0,2174897.0,2634475.0,3638090.0,3985764.0,3983533.0,3722398.0,2777596.0,2293302.0,3270577.0,3178254.0,3444099.0,2696649.0,2616451.0,2968992.0,3329663.0
DECHRA PHARMACEUTICALS DEAD - DELIST.17/01/24,GB0009633180,,,212644.0,220798.0,277770.0,331302.0,368808.0,386640.0,477325.0,522295.0,495791.0,565595.0,607142.0,645301.0,736059.0,316607.0,303129.0,308975.0,384587.0,528711.0,576473.0,645502.0,777412.0,866828.0,872887.0,961889.0
BABCOCK INTERNATIONAL,GB0009697037,877934.0,786960.0,687957.0,622658.0,639096.0,862834.0,1056087.0,1384189.0,1847119.0,2278372.0,2687242.0,2947892.0,3471545.0,4575073.0,4394971.0,5185086.0,5616421.0,5930617.0,5335293.0,6511861.0,5964593.0,5712089.0,5961396.0,5603529.0,4831383.0,5648302.0
ASTRAZENECA,GB0009895292,9028131.0,17409425.0,15273367.0,16161010.0,19291727.0,21162502.0,21734370.0,22993284.0,28072500.0,28589361.0,25276124.0,32658119.0,33817013.0,33136142.0,27578054.0,26905543.0,24205110.0,23468078.0,21266910.0,23953193.0,21538859.0,24664247.0,28266804.0,36841005.0,43202623.0,46413872.0
PAGEGROUP,GB0030232317,417986.0,520536.0,623936.0,648765.0,625823.0,688371.0,809146.0,911900.0,1278681.0,1614920.0,1433248.0,1121275.0,1341078.0,1617596.0,1554362.0,1648469.0,1598281.0,1542466.0,1486843.0,1904031.0,2010738.0,2139961.0,1790891.0,2224227.0,2390335.0,2539314.0
BT GROUP,GB0030913577,25626128.0,26952718.0,27353832.0,29994037.0,30492287.0,34195369.0,34587280.0,33722956.0,39192172.0,39951616.0,31439807.0,32897240.0,32833450.0,30931702.0,28803088.0,30090449.0,27419515.0,25914765.0,29328513.0,33188878.0,30577347.0,30079424.0,30220806.0,28512224.0,25106905.0,26166152.0
MARKS & SPENCER GROUP,GB0031274896,13506641.0,13074922.0,11978537.0,11376021.0,12359299.0,15129280.0,14900141.0,13078853.0,16126040.0,17171777.0,13344569.0,14358985.0,15743202.0,15631883.0,15630264.0,16739595.0,15775229.0,15003392.0,13173343.0,14929373.0,13672887.0,13289521.0,12933676.0,13761671.0,13592918.0,15823606.0
BARCLAYS,GB0031348658,21610167.0,21222901.0,24193854.0,27026539.0,28878239.0,34854890.0,40060801.0,47824239.0,69371366.0,77415722.0,60321878.0,64154937.0,65964991.0,67809428.0,53826585.0,59430031.0,48926125.0,46048967.0,33814679.0,37125954.0,37083303.0,38743043.0,37848066.0,36839509.0,43653948.0,64675806.0
INTERTEK GROUP,GB0031638363,,576320.0,583324.0,637264.0,752515.0,870310.0,932028.0,1009896.0,1309098.0,1505710.0,1478506.0,1935693.0,2214248.0,2776821.0,3225764.0,3581213.0,3195839.0,3137668.0,3190908.0,3844201.0,3633995.0,3864730.0,3763120.0,3770282.0,3834673.0,4204647.0
BURBERRY GROUP,GB0031743007,,,329883.0,603947.0,814694.0,1184553.0,1309615.0,1258496.0,1536639.0,1762034.0,1599174.0,1931782.0,2224399.0,2631584.0,2999334.0,3521045.0,3661482.0,3661120.0,3193022.0,3985525.0,3488957.0,3598714.0,3060237.0,3624818.0,3553038.0,3972607.0
NEXT,GB0032089863,2030264.0,2266171.0,2296173.0,2642372.0,3594643.0,4648058.0,5332672.0,5407581.0,6469250.0,6464612.0,4820063.0,5329297.0,5564945.0,5462056.0,5570931.0,6131540.0,6106491.0,6049820.0,5093147.0,5630045.0,5406365.0,5519823.0,4851141.0,6259537.0,6045834.0,6935957.0
BLOOMSBURY PBL.,GB0033147751,24956.0,33169.0,74068.0,86314.0,111002.0,153545.0,157544.0,189946.0,147307.0,291687.0,147258.0,136447.0,140533.0,140677.0,150653.0,170813.0,163209.0,169786.0,166219.0,211021.0,213692.0,205329.0,232946.0,280785.0,303089.0,350997.0
KINGFISHER,GB0033195214,12219600.0,17305512.0,17735339.0,13707385.0,17504505.0,13025092.0,14281898.0,13944776.0,17091956.0,18183481.0,14771803.0,16431411.0,16838080.0,17192039.0,16602249.0,18238871.0,16741782.0,15122740.0,13953232.0,16180047.0,15158943.0,14896094.0,16941385.0,17838576.0,15683859.0,16395687.0
CHESNARA,GB00B00FPT80,,,,,,335488.0,380496.0,300566.0,411845.0,382995.0,270460.0,265654.0,318050.0,383798.0,372127.0,1205723.0,913702.0,437043.0,833996.0,1167768.0,571743.0,551071.0,596444.0,2036585.0,-1274576.0,479365.0
MARSHALLS,GB00B012BV22,413406.0,442848.0,435818.0,463105.0,558235.0,645631.0,675905.0,625522.0,744876.0,782422.0,557019.0,487615.0,520617.0,530360.0,486295.0,503950.0,547346.0,559378.0,493394.0,597217.0,636958.0,701049.0,644349.0,797363.0,863967.0,847826.0
SAINSBURY J,GB00B019KW72,23758239.0,26125996.0,23781683.0,22421411.0,28235231.0,32340579.0,29973777.0,27213735.0,32998335.0,33759057.0,27292327.0,30361268.0,33113816.0,34563443.0,35740450.0,39063154.0,36536962.0,34076496.0,29496324.0,39184727.0,37542547.0,37491890.0,39570617.0,40375290.0,36725379.0,40504168.0
ADMIRAL GROUP,GB00B02J6398,,,,177703.0,212176.0,260533.0,393094.0,458051.0,612619.0,707094.0,622941.0,793958.0,1032521.0,1381427.0,1545597.0,1515507.0,1350518.0,1310512.0,1263933.0,1567195.0,1636673.0,1754461.0,1794335.0,2099818.0,1792973.0,4659381.0
CENTRICA,GB00B033F229,12257613.0,11341986.0,14518066.0,17803577.0,23362080.0,32939137.0,34145145.0,23411611.0,32407320.0,31733708.0,31448647.0,34360000.0,36130169.0,36228520.0,37594915.0,43561803.0,44897166.0,40513184.0,33689131.0,38902913.0,38511630.0,34707525.0,20518250.0,24762645.0,40398037.0,42156368.0
GRAINGER,GB00B04V1276,50861.0,56780.0,65029.0,70092.0,91487.0,112876.0,230209.0,214479.0,219661.0,236323.0,209216.0,203535.0,218009.0,267777.0,271339.0,284117.0,499078.0,362534.0,291619.0,377881.0,361428.0,296162.0,304020.0,348571.0,344567.0,347366.0
IG GROUP HOLDINGS,GB00B06QFB75,,,,,54791.0,75736.0,92977.0,108455.0,209743.0,295346.0,331047.0,429265.0,501909.0,562074.0,530947.0,728222.0,653032.0,642510.0,652725.0,754375.0,747893.0,637350.0,1144158.0,1243815.0,1253724.0,1254687.0
ESSENTRA,GB00B0744359,,,,,721997.0,836133.0,890800.0,894300.0,1072101.0,959662.0,775571.0,694615.0,788892.0,858888.0,1041704.0,1308444.0,1321663.0,1590488.0,1241185.0,1426149.0,1330510.0,1260339.0,1230491.0,1298618.0,405818.0,399534.0
BUNZL,GB00B0744B38,3052033.0,3285424.0,3643329.0,4060898.0,4363315.0,5040076.0,5439941.0,5091085.0,6566570.0,6955511.0,6154623.0,7272656.0,7781932.0,8110306.0,8415281.0,9996869.0,9399123.0,9399679.0,9234740.0,11912429.0,11778700.0,12067350.0,13877990.0,13917283.0,14459440.0,14901507.0
RENTOKIL INITIAL,GB00B082RF11,4716256.0,4710883.0,2891920.0,3026650.0,3644582.0,4371502.0,4331992.0,4006157.0,4185765.0,4278672.0,3550625.0,3959308.0,4022609.0,4038566.0,3998326.0,3815162.0,2657678.0,2547735.0,2695056.0,3348874.0,3207313.0,3512026.0,3875395.0,4000723.0,4460514.0,6789431.0
HELICAL REIT,GB00B0FYMT95,351320.0,192760.0,219126.0,93951.0,215502.0,184300.0,101482.0,213983.0,237164.0,201904.0,127434.0,63216.0,176497.0,130627.0,103401.0,183641.0,189277.0,309157.0,187178.0,136512.0,242581.0,78905.0,55485.0,58118.0,65043.0,57560.0
STHREE,GB00B0KM9T71,,,,,370457.0,351876.0,452233.0,548535.0,774746.0,1015001.0,930450.0,812531.0,764483.0,861031.0,906752.0,1039898.0,1140328.0,1229461.0,1193155.0,1547246.0,1632200.0,1740255.0,1650659.0,1800672.0,1968975.0,2100829.0
HIKMA PHARMACEUTICALS,GB00B0LCW083,,,,,148842.0,210693.0,217230.0,251740.0,336151.0,434074.0,464439.0,634052.0,761655.0,905594.0,1093067.0,1428418.0,1381161.0,1367736.0,1802907.0,2064250.0,2024204.0,2228319.0,2486102.0,2513699.0,2451828.0,2912835.0
BRITVIC DEAD - DELIST.20/01/25,GB00B0N8QD54,,,,,982462.0,1224578.0,1323305.0,1215525.0,1335497.0,1390947.0,1365058.0,1531283.0,1834626.0,2048251.0,1972862.0,2167188.0,2052494.0,1883064.0,1779177.0,2139015.0,1950619.0,1998998.0,1938590.0,1901311.0,1943578.0,2208744.0
LONDON STOCK EXCHANGE GROUP,GB00B0SWJX34,,,,264280.0,355613.0,416404.0,451463.0,456464.0,627067.0,756156.0,1014843.0,1001091.0,1019469.0,1179363.0,1337853.0,1398286.0,2125160.0,2054700.0,2059858.0,2714028.0,2769734.0,2993969.0,3354512.0,9120231.0,9299343.0,10558671.0
QINETIQ GROUP,GB00B0WMWD03,,,,,,1431550.0,1483858.0,1518760.0,2071901.0,2425564.0,2143134.0,2653619.0,2713428.0,2503647.0,2222688.0,2036032.0,1176780.0,1113964.0,928061.0,1129757.0,1116715.0,1264480.0,1632785.0,1725402.0,1673834.0,2261544.0
RESTAURANT GROUP DEAD - DELIST.22/12/23,GB00B0YG1K06,304543.0,326382.0,318056.0,321750.0,353142.0,420169.0,476547.0,459385.0,618631.0,712096.0,613694.0,681698.0,750389.0,773196.0,836222.0,950207.0,969797.0,992706.0,883450.0,943013.0,890008.0,1388368.0,631061.0,861415.0,1060483.0,1170940.0
UNILEVER (UK),GB00B10RZP78,44393499.0,42916397.0,42353405.0,45234876.0,49471729.0,54499886.0,50814943.0,47219705.0,53261961.0,53221312.0,47047181.0,55299671.0,61022966.0,64066101.0,65308924.0,69304713.0,59323398.0,55807663.0,53791991.0,65242624.0,58571302.0,58768170.0,61799978.0,60920979.0,61611227.0,65328838.0
IP GROUP,GB00B128J450,,,,,,1286.0,6945.0,7655.0,3743.0,3884.0,3536.0,1095.0,4512.0,6984.0,22141.0,3607.0,10992.0,16657.0,1119.0,13327.0,15438.0,31958.0,121745.0,128685.0,-841.0,-6189.0
SAVILLS,GB00B135BJ46,118173.0,162737.0,298168.0,332377.0,460769.0,557346.0,611853.0,650863.0,1019698.0,1263173.0,837599.0,877187.0,1090850.0,1145236.0,1266249.0,1483374.0,1646087.0,1859021.0,1797325.0,2221199.0,2285063.0,2497130.0,2388923.0,2905213.0,2760258.0,2826930.0
PZ CUSSONS,GB00B19Z1432,583217.0,568048.0,597902.0,591015.0,753534.0,881513.0,921883.0,880562.0,1105978.0,1160449.0,1112674.0,1227310.0,1251174.0,1364919.0,1349944.0,1475832.0,1246244.0,1186384.0,1011221.0,1133367.0,909407.0,767900.0,832863.0,776843.0,775846.0,753469.0
SEVERN TRENT,GB00B1FH8J72,2050254.0,2169032.0,2289742.0,2373999.0,2943475.0,3606124.0,3820645.0,3742237.0,2218670.0,2928309.0,2346604.0,2628275.0,2770952.0,2745075.0,2830061.0,3010520.0,2873095.0,2534410.0,2214990.0,2316155.0,2240306.0,2323625.0,2499551.0,2568008.0,2458327.0,2865582.0
MITCHELLS & BUTLERS,GB00B1FP6H53,,,,,2416992.0,2795116.0,2910257.0,2893374.0,3388486.0,3677863.0,2811151.0,3063192.0,3190373.0,2850790.0,2966201.0,3106756.0,3007597.0,3043087.0,2593002.0,3026384.0,2791788.0,2894342.0,2024511.0,1441105.0,2651808.0,3161664.0
HOCHSCHILD MINING,GB00B1FW5029,,,,,,105280.0,161341.0,145274.0,223993.0,295015.0,346959.0,537341.0,785746.0,974288.0,806403.0,651064.0,457250.0,445603.0,634944.0,770422.0,681699.0,747915.0,650597.0,787313.0,706519.0,691471.0
LSL PROPERTY SERVICES,GB00B1G5HX72,,,,,,249369.0,248573.0,234797.0,388988.0,426271.0,238348.0,246718.0,332906.0,346636.0,382898.0,423966.0,438923.0,435380.0,382549.0,432495.0,421155.0,402482.0,366117.0,442253.0,386407.0,182422.0
MARSTON'S,GB00B1JQDM80,468119.0,660582.0,875206.0,798203.0,825139.0,906150.0,958333.0,1039839.0,1173165.0,1267639.0,981398.0,1009226.0,1048473.0,1082856.0,1130109.0,1283525.0,1202428.0,1224622.0,1125954.0,1377421.0,1479440.0,1518333.0,707550.0,543560.0,960320.0,1101846.0
WHITBREAD,GB00B1KJJ408,5240248.0,4716129.0,4313764.0,3190696.0,3031277.0,3285416.0,3411530.0,2691430.0,2907597.0,2244196.0,1905188.0,2120924.0,2476728.0,2668091.0,2991011.0,3535636.0,3729420.0,3989906.0,3776260.0,4472245.0,2639485.0,2647476.0,1694550.0,1353150.0,2873032.0,3598462.0
RANK GROUP,GB00B1L5QH97,3370393.0,2874448.0,2052232.0,1929721.0,2390227.0,3557907.0,3643977.0,1410651.0,1082739.0,1037724.0,769383.0,814296.0,877353.0,896348.0,894942.0,1053510.0,1045484.0,1028509.0,883933.0,980243.0,888650.0,963013.0,574138.0,657225.0,779689.0,891279.0
DRAX GROUP,GB00B1VNSX38,,,,,873120.0,909105.0,1164289.0,1616599.0,2732459.0,2422263.0,2582487.0,2308814.0,2656066.0,2914123.0,2794730.0,3380708.0,4282391.0,4439345.0,3666748.0,5115977.0,5497047.0,6084847.0,5812749.0,7001063.0,9799199.0,9906128.0
SMITHS GROUP,GB00B1WY2338,1963741.0,2104802.0,2139343.0,3635538.0,4794816.0,5392929.0,5147236.0,5670631.0,4323077.0,4325470.0,3720208.0,4148920.0,4612023.0,4567771.0,4864476.0,5041634.0,4466816.0,4132284.0,3969057.0,4460445.0,3060329.0,2801185.0,3373728.0,3312511.0,3448071.0,3848818.0
ANGLO AMERICAN,GB00B1XZS820,9747762.0,11412512.0,14326271.0,14499799.0,16376504.0,21002293.0,25288800.0,28258218.0,35067562.0,24634495.0,20933262.0,20884022.0,29283757.0,30165914.0,28354929.0,30705240.0,25112280.0,19428506.0,19765412.0,27981466.0,26921137.0,30213298.0,32817402.0,40907428.0,34217459.0,31059432.0
3I GROUP,GB00B1YW4409,515963.0,536733.0,476189.0,526583.0,496128.0,508035.0,520488.0,1229075.0,1975960.0,2738008.0,1191940.0,76658.0,990949.0,588888.0,471075.0,1277131.0,893119.0,945805.0,1771346.0,1429897.0,1759138.0,1606962.0,466667.0,1657609.0,2994093.0,2541458.0
CAPITA,GB00B23K0M20,389638.0,520197.0,662613.0,975806.0,1464727.0,1996300.0,2397417.0,2499061.0,3424932.0,4026037.0,3597036.0,4203362.0,4421406.0,4651105.0,5263162.0,6313355.0,6675186.0,6770254.0,6088333.0,5786085.0,5083338.0,4759556.0,4563454.0,4306400.0,3620535.0,3555262.0
RECKITT BENCKISER GROUP,GB00B24CGK77,3608631.0,4856036.0,4618654.0,4842302.0,5762592.0,6859395.0,7221541.0,7275217.0,9696585.0,10231606.0,9669593.0,12129176.0,13620315.0,15055534.0,15022578.0,16464988.0,13489913.0,12853098.0,12295004.0,15981527.0,16342080.0,16620796.0,19206092.0,17907587.0,17358053.0,18450832.0
SEVERFIELD,GB00B27YGJ97,212685.0,176720.0,188023.0,205813.0,256906.0,314339.0,381089.0,412109.0,581330.0,583829.0,580979.0,546645.0,429721.0,425044.0,402917.0,417412.0,323017.0,320360.0,298894.0,390345.0,371268.0,333266.0,523828.0,504878.0,531493.0,596384.0
RELX,GB00B2B0DG97,5182573.0,5389590.0,5507306.0,6437579.0,8192640.0,9098444.0,8977022.0,8993485.0,10634329.0,8901439.0,7858847.0,9588510.0,9756419.0,9526971.0,9603646.0,9894075.0,8813634.0,8648394.0,8570827.0,10210574.0,9719367.0,10187774.0,9758831.0,9802219.0,10272153.0,11571717.0
PARAGON BANKING GROUP,GB00B2NGPM57,279528.0,286650.0,292905.0,345879.0,408979.0,559762.0,843601.0,905790.0,1141053.0,1502215.0,1243949.0,814609.0,461637.0,427777.0,480810.0,474129.0,489918.0,514327.0,537370.0,593615.0,651633.0,688069.0,699589.0,679146.0,874328.0,1287655.0
WH SMITH,GB00B2PDGW16,,,,,,2702746.0,2710643.0,2477299.0,2639867.0,2522463.0,1991969.0,2096362.0,2114025.0,2020632.0,1951820.0,1944387.0,1772498.0,1706215.0,1506576.0,1713100.0,1637192.0,1807508.0,1401374.0,1198891.0,1681400.0,2264828.0
UNITED UTILITIES GROUP,GB00B39J2M42,3523101.0,3619928.0,3443967.0,2039837.0,2961590.0,3670783.0,4056077.0,3891432.0,4344354.0,4227213.0,3563001.0,3806305.0,2495742.0,2450155.0,2504705.0,2731978.0,2599205.0,2488061.0,2145504.0,2397507.0,2304263.0,2377579.0,2495570.0,2497780.0,2221490.0,2383690.0
DE LA RUE ORD,GB00B3DGH821,1294742.0,1088411.0,758424.0,740886.0,1056394.0,1114352.0,1325846.0,1046280.0,1277577.0,1367451.0,733433.0,797713.0,834814.0,782221.0,841026.0,774312.0,754495.0,669161.0,545947.0,717586.0,657471.0,698032.0,568510.0,537065.0,432600.0,438187.0
BODYCOTE,GB00B3FLWH99,524267.0,538784.0,525299.0,676793.0,718243.0,828374.0,852929.0,819789.0,1100470.0,1243755.0,812994.0,681161.0,805327.0,905872.0,922993.0,1015803.0,929912.0,821532.0,746576.0,958170.0,945212.0,931184.0,820785.0,833270.0,893064.0,1013678.0
ZIGUP,GB00B41H7391,307333.0,364901.0,381176.0,345485.0,491354.0,673737.0,730706.0,608079.0,901773.0,1055017.0,897351.0,1180136.0,1194858.0,1148152.0,1013654.0,957630.0,897165.0,901564.0,772999.0,972317.0,941794.0,943585.0,1341765.0,1578332.0,1593687.0,2153304.0
CHEMRING GROUP,GB00B45C9X44,89815.0,98701.0,98174.0,134462.0,157206.0,222717.0,234276.0,230596.0,369843.0,494589.0,521860.0,788326.0,962107.0,1183014.0,1162456.0,1024492.0,615412.0,546481.0,593059.0,760067.0,385817.0,433699.0,552451.0,532194.0,531803.0,596965.0
WOOD GROUP (JOHN),GB00B5N0P849,,,,1255126.0,1548983.0,1914269.0,2031321.0,2651572.0,3678107.0,4287292.0,4193704.0,4905189.0,5277276.0,5607426.0,6724991.0,6676103.0,6097981.0,4749655.0,3809774.0,5751752.0,9764543.0,10004071.0,8033159.0,6327079.0,5301286.0,5978353.0
SEGRO,GB00B5ZN1N88,357848.0,431962.0,411148.0,397408.0,476870.0,602068.0,628690.0,705412.0,756696.0,545271.0,508748.0,586199.0,698659.0,635078.0,582563.0,480195.0,366102.0,338346.0,373163.0,487692.0,552001.0,568906.0,599530.0,810537.0,814278.0,1004204.0
INCHCAPE,GB00B61TVQ02,5301201.0,4529004.0,4135595.0,4394777.0,5571321.0,7007557.0,7691099.0,7813329.0,9539178.0,11761395.0,9222874.0,8735416.0,9483142.0,9248082.0,9555597.0,10697242.0,10233006.0,9901694.0,9743520.0,12423722.0,12035046.0,12135924.0,9385222.0,10338201.0,9767373.0,14459278.0
ROLLS-ROYCE HOLDINGS,GB00B63H8491,7088148.0,7542246.0,8570819.0,8933553.0,9446016.0,10428571.0,11079496.0,11495157.0,14097677.0,14437653.0,13380961.0,16292175.0,17861255.0,17657118.0,19095805.0,25432774.0,20970738.0,19879284.0,18589807.0,22638183.0,20405222.0,21461089.0,16229031.0,15179637.0,16237520.0,20824291.0
GREGGS,GB00B63QSB39,477491.0,490752.0,495494.0,533015.0,689683.0,844221.0,940584.0,928657.0,1085200.0,1138512.0,925555.0,1029699.0,1067206.0,1112837.0,1153351.0,1249882.0,1227407.0,1210498.0,1111529.0,1332726.0,1335371.0,1511087.0,1113550.0,1663969.0,1816873.0,2285796.0
WORKSPACE GROUP,GB00B67G5X01,34762.0,36155.0,42850.0,54591.0,101651.0,91393.0,102406.0,103394.0,122058.0,126609.0,102398.0,105444.0,110213.0,107460.0,107248.0,116237.0,121525.0,134846.0,140713.0,193383.0,196541.0,203781.0,213706.0,168602.0,200327.0,226356.0
BARR (AG),GB00B6XZKY75,175142.0,174875.0,163521.0,164131.0,195848.0,231359.0,237339.0,224158.0,279503.0,288126.0,250024.0,315096.0,358298.0,376187.0,373083.0,416559.0,398308.0,374556.0,319588.0,385517.0,361947.0,330837.0,311569.0,363456.0,381438.0,505260.0
EASYJET,GB00B7KR2P84,,,385415.0,503796.0,900609.0,1721490.0,2035314.0,2335242.0,3190890.0,3489892.0,3481230.0,4172073.0,4790555.0,5479357.0,6051742.0,6980774.0,6911367.0,6787200.0,5803799.0,7006495.0,7651472.0,8261232.0,4130003.0,1972893.0,6928569.0,10321199.0
VESUVIUS,GB00B82YXW83,2601773.0,2889710.0,3627543.0,2846652.0,2821728.0,3030659.0,3083753.0,2845674.0,3131591.0,3144826.0,3245052.0,3067259.0,4101563.0,4486343.0,2429961.0,2476388.0,2205164.0,1914784.0,1742010.0,2337673.0,2332544.0,2213001.0,2001590.0,2223090.0,2458927.0,2437627.0
THE SAGE GROUP,GB00B8C3BL03,308813.0,488149.0,602403.0,683480.0,900425.0,1035181.0,1282724.0,1352019.0,1843179.0,2247885.0,1907988.0,2251712.0,2312215.0,2117616.0,2104448.0,2256046.0,1995090.0,2079178.0,1950469.0,2380848.0,2394815.0,2504893.0,2611963.0,2497915.0,2338347.0,2758720.0
COCA COLA EUROPACIFIC PARTNERS,GB00BDCPN049,13414000.0,14406000.0,14750000.0,15700000.0,16889000.0,17330000.0,18158000.0,18706000.0,19804000.0,20936000.0,21807000.0,21645000.0,6714000.0,8284000.0,8062000.0,8212000.0,8264000.0,7011000.0,10080366.0,12601167.0,13571199.0,13432002.0,12167734.0,16237587.0,18235535.0,19799470.0
IMI,GB00BGLP8L22,2328307.0,2337079.0,2343236.0,2317670.0,2630621.0,2891181.0,3005959.0,2747139.0,2964728.0,3105406.0,2794649.0,2792386.0,3079677.0,3381741.0,3438847.0,2859199.0,2574015.0,2255158.0,2049789.0,2430825.0,2473950.0,2423381.0,2504904.0,2524978.0,2460849.0,2773877.0
VODAFONE GROUP,GB00BH4HKS39,4048404.0,5341894.0,11507172.0,23845867.0,47061983.0,59811413.0,62413810.0,49070723.0,52586541.0,63117883.0,56555997.0,67077329.0,73014426.0,74287197.0,70154039.0,63125349.0,61124451.0,60457645.0,53409816.0,52921853.0,51897499.0,50085179.0,53462272.0,52882818.0,46899063.0,49076167.0
INFORMA,GB00BMJ6DW54,332443.0,362125.0,434083.0,455788.0,462577.0,495098.0,940656.0,1269603.0,2047162.0,2192539.0,1882930.0,1911288.0,1976259.0,2024283.0,1935333.0,1856512.0,1735857.0,1755750.0,1672772.0,2439987.0,3073951.0,3739614.0,2279531.0,2433911.0,2717142.0,4028943.0
DIGNITY DEAD - DELIST.25/05/23,GB00BRB37M78,,,,,,238315.0,253155.0,249297.0,295113.0,309725.0,259015.0,288954.0,320810.0,333492.0,360529.0,420847.0,410529.0,442196.0,389820.0,449793.0,409428.0,438486.0,490687.0,478609.0,388043.0,416461.0
COMPUTACENTER,GB00BV9FP302,2599050.0,2799133.0,2906313.0,2866986.0,3144435.0,4583944.0,4581326.0,3978318.0,4471822.0,4619934.0,3771974.0,3916126.0,4312635.0,4527459.0,4576043.0,5036511.0,4744613.0,4428648.0,4034190.0,5266145.0,5646586.0,6537538.0,7468399.0,9101016.0,7771071.0,8744535.0
ROTORK,GB00BVFNZH21,166209.0,186863.0,157677.0,174618.0,217807.0,251180.0,274017.0,304377.0,407227.0,457671.0,471777.0,553066.0,613196.0,710845.0,803571.0,948323.0,907987.0,791491.0,733496.0,891574.0,902548.0,866031.0,829767.0,770159.0,770816.0,908394.0
SPIRAX GROUP,GB00BWFGQN14,408035.0,411679.0,406541.0,412149.0,483664.0,580244.0,607857.0,607748.0,756990.0,810367.0,740087.0,811488.0,950257.0,1031730.0,1039070.0,1130217.0,1035525.0,966392.0,941486.0,1386445.0,1496175.0,1607479.0,1638001.0,1819310.0,1934331.0,2125376.0
BEAZLEY,GB00BYQ0JC66,,,,,7178.0,276133.0,590819.0,709939.0,1098697.0,1330750.0,1039448.0,1405971.0,1529670.0,1423144.0,1540867.0,1747798.0,1640419.0,1697513.0,1751132.0,2178552.0,2169974.0,2535206.0,3052564.0,3274603.0,3636731.0,4986267.0
PRIMARY HEALTH PROPS.,GB00BYRJ5J14,2223.0,3801.0,5395.0,6531.0,9944.0,13198.0,16044.0,18238.0,21929.0,28751.0,29012.0,33373.0,43368.0,48692.0,52055.0,68827.0,91579.0,91416.0,83830.0,100648.0,103265.0,156944.0,190784.0,197019.0,185074.0,214483.0
INTERMEDIATE CAPITAL GP.,GB00BYT1DJ19,103175.0,117808.0,184162.0,138775.0,193718.0,251616.0,357999.0,334079.0,579868.0,900630.0,578437.0,573840.0,748287.0,602380.0,534984.0,771361.0,504727.0,687845.0,645764.0,848637.0,743871.0,626353.0,607216.0,1288063.0,932697.0,1122056.0
JOHNSON MATTHEY,GB00BZ4BQC70,5133582.0,5379574.0,5508768.0,8045280.0,7229270.0,7836670.0,8956688.0,7744390.0,10805920.0,12916408.0,12293481.0,11059718.0,14225036.0,17972514.0,17296613.0,20078497.0,14571732.0,15953976.0,13156064.0,17886761.0,19137371.0,13527201.0,20228642.0,23382432.0,17735167.0,17855888.0
CRH PUBLIC LIMITED,IE0001827041,5682527.0,6209343.0,8115703.0,8874779.0,11381494.0,13697239.0,15756899.0,17270009.0,24390668.0,30446114.0,26845570.0,23750524.0,23257346.0,23942940.0,24983501.0,24556245.0,21455476.0,26338809.0,28968052.0,31004565.0,30422483.0,27551648.0,28917001.0,30055619.0,33232276.0,34753350.0
DCC,IE0002424939,721946.0,774474.0,1138051.0,1578515.0,2071009.0,2645886.0,2895561.0,3658610.0,4832127.0,6528842.0,8292033.0,8244383.0,10674500.0,12063300.0,16534643.0,18006190.0,15529943.0,15281472.0,15209753.0,18576273.0,18757406.0,18764936.0,18397477.0,19700950.0,26486835.0,25972258.0
GREENCORE GROUP,IE0003864109,848547.0,843628.0,844915.0,1563854.0,1924213.0,1873000.0,1856028.0,1691180.0,1531832.0,1837842.0,1681266.0,1508998.0,1159213.0,1224679.0,1895564.0,1936067.0,1773950.0,2016473.0,2022248.0,3273645.0,1926458.0,1794725.0,1735108.0,1741034.0,2193652.0,2370041.0
KERRY GROUP 'A',IE0004906560,2483278.0,2402888.0,2445318.0,2610908.0,4063375.0,4695388.0,5297683.0,5294532.0,6047642.0,6944020.0,6157464.0,6180285.0,6717318.0,7021197.0,7830592.0,7948945.0,6530805.0,6803292.0,6552226.0,7877643.0,7503531.0,7939423.0,8361879.0,8413217.0,9379356.0,8627932.0
KINGSPAN GROUP,IE0004927939,416281.0,496710.0,617928.0,720767.0,800390.0,996555.0,1229340.0,1486141.0,1902020.0,2702381.0,2149900.0,1538696.0,1615968.0,2048403.0,2180775.0,2438180.0,2145548.0,3091676.0,3322284.0,4509431.0,4965372.0,5108277.0,5502913.0,7436219.0,8918510.0,8703558.0
ACCENTURE CLASS A,IE00B4BNMY34,9639713.0,11079399.0,11079399.0,13347872.0,13023961.0,13644281.0,15610466.0,17192523.0,18812979.0,22800616.0,25682477.0,22448047.0,23824584.0,28463829.0,29856913.0,28253523.0,30539360.0,31165379.0,33385077.0,35857887.0,41713767.0,43968425.0,44730266.0,53736357.0,62376954.0,64588246.0
EATON,IE00B8KQN827,6625000.0,8402000.0,8309000.0,7299000.0,7209000.0,8061000.0,9817000.0,11115000.0,12370000.0,13033000.0,15376000.0,11873000.0,13715000.0,16049000.0,16311000.0,22046000.0,22552000.0,20855000.0,19747000.0,20404000.0,21609000.0,21390000.0,17858000.0,19628000.0,20752000.0,23196000.0
WILLIS TOWERS WATSON,IE00BDB6Q211,1185000.0,1244000.0,1305000.0,1424000.0,1735000.0,2076000.0,2275000.0,2267000.0,2428000.0,2578000.0,2834000.0,3263000.0,3339000.0,3461000.0,3480000.0,3655000.0,3802000.0,3829000.0,7887000.0,8202000.0,8513000.0,9039000.0,9352000.0,8998000.0,8866000.0,9483000.0
PERRIGO,IE00BGH1M568,902637.0,877587.0,738555.0,815083.0,821248.0,840150.0,922772.0,1224062.0,1398234.0,1554807.0,2045621.0,2075857.0,2516592.0,2960513.0,3262538.0,3799500.0,4060800.0,5539200.0,5280700.0,4946000.0,4731700.0,4837400.0,5063300.0,4138700.0,4451600.0,4655600.0
ENDO INTERNATIONAL DEAD - DELIST.02/05/24,IE00BJ3V9050,,138546.0,197429.0,251979.0,398973.0,595608.0,615100.0,820164.0,909659.0,1085608.0,1260536.0,1460841.0,1716229.0,2730121.0,3027363.0,2616907.0,2877188.0,3268718.0,4010274.0,3468858.0,2947078.0,2914364.0,2903074.0,2993206.0,2318875.0,2011518.0
PENTAIR,IE00BLS09M33,1937578.0,2367753.0,2748013.0,2615944.0,2580783.0,2724365.0,2278129.0,2946579.0,3154469.0,3398698.0,3351976.0,2692468.0,3030773.0,3456686.0,4416146.0,7479700.0,7039000.0,6449000.0,4890000.0,4936500.0,2965100.0,2957200.0,3017800.0,3764800.0,4121800.0,4104500.0
MEDTRONIC,IE00BTN1Y115,2604819.0,4134100.0,5014600.0,6137200.0,7308900.0,8569600.0,9942000.0,11003300.0,12096400.0,12935000.0,14630000.0,15450000.0,15834000.0,16054000.0,16427000.0,16899000.0,17522000.0,28570000.0,29361000.0,29725000.0,30555000.0,31062000.0,27926000.0,31785000.0,30771000.0,32320000.0
PERMANENT TSB GHG.,IE00BWB8X525,635335.0,3311128.0,4250350.0,2089748.0,1771744.0,6091631.0,8171323.0,6244994.0,4930879.0,5750707.0,5017719.0,3950902.0,3846204.0,2241878.0,862285.0,1415004.0,1069824.0,833570.0,671190.0,688444.0,615490.0,542722.0,530329.0,493306.0,535694.0,935913.0
JOHNSON CONTROLS INTL.,IE00BY7QL619,12311300.0,22496500.0,28931900.0,37520200.0,34755500.0,37562600.0,40517300.0,39410000.0,41583000.0,13322000.0,19755000.0,17057000.0,17149000.0,17184000.0,10525000.0,10694000.0,10318000.0,9799000.0,42384000.0,30521000.0,23559000.0,24080000.0,22082000.0,24189000.0,25505000.0,26819000.0
RYANAIR HOLDINGS,IE00BYTBXV33,261717.0,289321.0,345207.0,509836.0,860080.0,1326447.0,1589005.0,1952790.0,2765948.0,3787558.0,3862537.0,4412538.0,4790556.0,5638992.0,6484544.0,6847993.0,6225060.0,7080888.0,7099545.0,8607393.0,8789702.0,9400277.0,3266753.0,4284324.0,10804026.0,14114962.0
BEZEQ ISRAELI TELECOMMUNICATION,IL0002300114,2277646.0,2246380.0,2027791.0,1748196.0,1692520.0,1787516.0,2122200.0,2356419.0,2883506.0,3415985.0,3084400.0,3079915.0,3245860.0,3068354.0,2779260.0,2705982.0,2331674.0,2574457.0,2690502.0,2802956.0,2566759.0,2604354.0,2652184.0,2763730.0,2582913.0,2491162.0
NICE,IL0002730112,84444.0,126093.0,150487.0,115055.0,158562.0,227029.0,259288.0,297096.0,428166.0,582078.0,552926.0,611154.0,696166.0,765056.0,913956.0,967243.0,934155.0,928677.0,1036159.0,1362159.0,1433967.0,1631374.0,1712124.0,1943746.0,2112271.0,2405668.0
ICL GROUP,IL0002810146,1664190.0,1912781.0,1807077.0,1682519.0,1932844.0,2298968.0,2786361.0,2851497.0,3405478.0,4613078.0,6116085.0,4773313.0,5746969.0,6811635.0,6937488.0,6390189.0,5642674.0,5415553.0,5471877.0,5540041.0,5515413.0,5463439.0,5239174.0,7036801.0,9698093.0,7625260.0
ISRAEL CORPORATION LTD.,IL0005760173,837703.0,2760513.0,2691475.0,1798839.0,1961870.0,2288463.0,5379787.0,5606181.0,6566951.0,12098097.0,17541984.0,13098974.0,9961079.0,11187226.0,11914539.0,11248858.0,5642941.0,5415553.0,5471877.0,5540041.0,5515413.0,5463439.0,5239174.0,7036801.0,9698093.0,7625260.0
FIRST INTL.BK.OF ISR.,IL0005930388,964631.0,996497.0,1226487.0,1294229.0,569549.0,1097199.0,987634.0,1146289.0,1042197.0,1304135.0,1107023.0,1473782.0,1172755.0,1809771.0,1439385.0,1351435.0,1044683.0,940057.0,1031750.0,1152794.0,1194571.0,1277239.0,1299792.0,1454084.0,1940490.0,3129619.0
LEUMI LTD.,IL0006046119,4300150.0,3432214.0,3782995.0,4963107.0,3328087.0,3848148.0,3806304.0,4842696.0,3185526.0,3957033.0,3581851.0,4936046.0,4025982.0,6875941.0,4936310.0,4985820.0,3888526.0,3754556.0,3968517.0,4351182.0,4454722.0,4791907.0,4424158.0,5383650.0,6809394.0,10620618.0
BANK HAPOALIM B M LTD.,IL0006625771,5397733.0,3903191.0,4307425.0,4575374.0,3929289.0,4168864.0,4122466.0,4840573.0,3655352.0,4307998.0,2555624.0,4983372.0,4035459.0,6687356.0,5358418.0,5283215.0,4357436.0,4202669.0,4459979.0,4802164.0,4546972.0,4609903.0,4433583.0,5080990.0,6791285.0,10453136.0
MIZRAHI TEFAHOT LTD.,IL0006954379,,1139731.0,1285615.0,1328542.0,1010635.0,1424858.0,1317074.0,1469433.0,1282886.0,1645458.0,1442138.0,1751586.0,1435684.0,2757823.0,2207616.0,2243053.0,1744828.0,1642393.0,1810566.0,2202507.0,2445595.0,2710815.0,2851637.0,4130400.0,5548118.0,7341031.0
ELBIT SYSTEMS,IL0010811243,384922.0,444820.0,580758.0,692006.0,807379.0,909076.0,964646.0,1021684.0,1592116.0,2229606.0,2337163.0,2968636.0,2696138.0,2715336.0,3003440.0,2980490.0,2731667.0,3113648.0,3326406.0,3453911.0,3656774.0,4672998.0,4843947.0,5340604.0,5337146.0,6045512.0
CHECK POINT SFTW.TECHS.,IL0010824113,131760.0,223993.0,417854.0,477608.0,416629.0,437917.0,528915.0,553253.0,601146.0,822283.0,716217.0,968868.0,1108561.0,1201784.0,1396072.0,1420479.0,1381247.0,1633020.0,1776652.0,1896434.0,1902475.0,2067628.0,2145225.0,2192285.0,2256174.0,2443301.0
DELEK GROUP,IL0010841281,,879194.0,1393815.0,1236313.0,1529210.0,2022394.0,2601638.0,3892374.0,5685527.0,9503601.0,11906523.0,11616727.0,12067926.0,15960676.0,19360720.0,10881368.0,4924196.0,1638783.0,1541622.0,1957116.0,2238238.0,2565853.0,2028284.0,2498041.0,3447813.0,3374275.0
CELLCOM,IL0011015349,,,,,,1178274.0,1282046.0,1085780.0,1325319.0,1666670.0,1595276.0,1733405.0,1803947.0,1755272.0,1605687.0,1394162.0,1176781.0,1077740.0,1074440.0,1108412.0,1015578.0,1081526.0,1117669.0,1284582.0,1235981.0,1203573.0
GENERALI,IT0000062072,45857228.0,47327671.0,53538049.0,47935601.0,59652056.0,73980363.0,84117131.0,91909223.0,100798985.0,117210722.0,85248789.0,118709695.0,118034859.0,93954424.0,113351642.0,113822710.0,98887826.0,101034713.0,90811593.0,108118893.0,83445499.0,101908973.0,99982016.0,112235741.0,84794754.0,57711388.0
MEDIOBANCA BC.FIN,IT0000062957,1878921.0,1550167.0,1330516.0,1611523.0,1830350.0,2586761.0,2732971.0,2863285.0,3285504.0,4995167.0,4798216.0,5436602.0,4716080.0,4960184.0,5176393.0,4489564.0,3192007.0,3224520.0,3239326.0,3532337.0,3238079.0,3092617.0,3469095.0,3444125.0,3550915.0,4958129.0
BPER BANCA,IT0000066123,1386430.0,1067956.0,1318332.0,2089485.0,2517855.0,2991919.0,3010860.0,2728739.0,3506368.0,4512266.0,4304809.0,4195802.0,3603113.0,3782603.0,4355543.0,4040546.0,3218003.0,3083427.0,2511851.0,2840602.0,2711317.0,2895827.0,3464068.0,4437643.0,5348005.0,7886462.0
INTESA SANPAOLO,IT0000072618,13041132.0,11084468.0,22565668.0,20047439.0,19797384.0,19675726.0,18729770.0,18003512.0,21949441.0,50236378.0,46799487.0,47659631.0,47542605.0,48635381.0,48388379.0,51160773.0,47768838.0,41610526.0,34500026.0,38958552.0,39951227.0,41080232.0,45275170.0,47222335.0,40172802.0,53198567.0
CATTOLICA ASSICURAZIONI DEAD - DELIST.12/08/22,IT0000784154,1036136.0,1387607.0,2561541.0,2879903.0,3988948.0,5364435.0,6072903.0,6287295.0,6521825.0,5395345.0,4160398.0,6670516.0,6644161.0,5317780.0,5478199.0,6279512.0,6546568.0,6251549.0,5257267.0,6376343.0,6776776.0,8487176.0,6047239.0,6560422.0,5841121.0,5876691.0
BANCA PPO.DI SONDRIO,IT0000784196,465909.0,365503.0,474604.0,498061.0,616835.0,737230.0,796157.0,795398.0,1081859.0,1512184.0,1397963.0,1516754.0,1232788.0,1453177.0,2031253.0,2036733.0,1683513.0,1489023.0,1167999.0,1380036.0,1142510.0,1141487.0,1131348.0,1327185.0,1340286.0,2562079.0
AUTOGRILL DEAD - DELIST.24/07/23,IT0001137345,1268140.0,2593693.0,2836299.0,2865340.0,3632125.0,4043639.0,4164523.0,4302652.0,5210288.0,7178133.0,7581685.0,7953001.0,8144993.0,8504296.0,8953197.0,6191047.0,5061489.0,5392326.0,5280801.0,6135258.0,5806436.0,5913756.0,2664601.0,3299353.0,4770309.0,5135427.0
A2A,IT0001233417,620124.0,584225.0,662226.0,933455.0,1125211.0,1718628.0,2265643.0,3485245.0,8466324.0,10168526.0,7664104.0,7877196.0,8021503.0,8072350.0,8409956.0,7632034.0,5654298.0,5483955.0,5443266.0,7125395.0,7374528.0,8030096.0,8251965.0,13218546.0,24770252.0,15876091.0
BUZZI,IT0001347308,835816.0,1123445.0,1244263.0,1257702.0,1600193.0,1858077.0,3556306.0,3527598.0,4171975.0,5070679.0,4524471.0,3652614.0,3586778.0,3691068.0,3767069.0,3749352.0,2843434.0,2966608.0,2852900.0,3449858.0,3263067.0,3532017.0,3875142.0,3943646.0,4272210.0,4644589.0
ARNOLDO MONDADORI EDI.,IT0001469383,1422054.0,1330779.0,1385663.0,1357136.0,1581134.0,1955424.0,2120746.0,1980877.0,2278261.0,2840696.0,2338158.0,2105500.0,2110404.0,1999341.0,1896080.0,1737487.0,1335856.0,1251281.0,1349766.0,1559163.0,1011899.0,970168.0,894696.0,924056.0,965536.0,973281.0
ENEL,IT0003128367,22044635.0,20130327.0,22933836.0,24106796.0,30750119.0,36787263.0,44048386.0,38246854.0,48810234.0,61923439.0,76572916.0,84993602.0,97432206.0,102722511.0,110729974.0,105216925.0,83189887.0,81435787.0,73322174.0,89330520.0,83050313.0,84824737.0,75307895.0,96262236.0,145047011.0,99918898.0
ENI,IT0003132476,32650255.0,31705554.0,49004978.0,45661619.0,54894616.0,68945767.0,78578553.0,88062187.0,111891120.0,126331358.0,138608070.0,114178325.0,133891242.0,144532942.0,169353300.0,156238785.0,124620329.0,75489356.0,59596978.0,82267823.0,86102782.0,76618119.0,52896993.0,87644829.0,141688492.0,100817159.0
SNAM,IT0003153415,,,1706743.0,1594657.0,1890567.0,2234924.0,2283962.0,2151386.0,2291010.0,2596158.0,2444596.0,3332975.0,4706183.0,4686360.0,5223251.0,5224211.0,4402956.0,4420819.0,2673004.0,3113980.0,2936638.0,2921929.0,3331090.0,3773621.0,3758415.0,4612866.0
TERNA RETE ELETTRICA NAZ,IT0003242622,,,,689250.0,897992.0,1167805.0,1270935.0,1223660.0,1665538.0,1879966.0,1717515.0,1800873.0,2076273.0,2107207.0,2320136.0,2512143.0,2181397.0,2242058.0,2172390.0,2684931.0,2580631.0,2508473.0,2960582.0,2900892.0,3098794.0,3359389.0
TELECOM ITALIA,IT0003497168,4178985.0,27593057.0,28087582.0,27837806.0,33989081.0,39219238.0,40080965.0,35669973.0,40658924.0,45366044.0,38761368.0,37134375.0,37339329.0,39669192.0,39503095.0,31877767.0,24474354.0,21973710.0,20333426.0,24375833.0,21508094.0,19706846.0,19006456.0,17530110.0,16881323.0,17530613.0
ATLANTIA DEAD - DELIST.09/12/22,IT0003506190,2087586.0,1939903.0,1920289.0,1930805.0,2537326.0,3252175.0,3682640.0,3534651.0,4080716.0,4688226.0,4442831.0,4935976.0,6122740.0,6543482.0,6830326.0,6796996.0,6341787.0,6670553.0,6604715.0,7824543.0,8434165.0,13831193.0,10884368.0,8144703.0,8916478.0,10444570.0
LEONARDO,IT0003856405,6530002.0,5773441.0,5584145.0,5840128.0,8414168.0,10466566.0,11515940.0,13089986.0,16234932.0,19476985.0,19326702.0,24848301.0,25318587.0,22932572.0,23054072.0,21835188.0,16635028.0,14481609.0,12827426.0,14170881.0,13899634.0,15112894.0,16126326.0,16178383.0,15731879.0,16449472.0
UNIPOL GRUPPO FINANZIARIO,IT0004810054,1988813.0,2000601.0,3289017.0,4503324.0,6888550.0,9926028.0,12887239.0,11310910.0,13308166.0,13296389.0,11324057.0,15390061.0,14226215.0,13364533.0,19332589.0,27617774.0,23967350.0,20945009.0,17878452.0,17614084.0,15839223.0,17649874.0,16309115.0,16849668.0,15033124.0,13084490.0
UNIPOLSAI DEAD - DELIST.03/07/24,IT0004827447,3877953.0,3529147.0,3595130.0,4011210.0,9659834.0,12451310.0,13363013.0,12446088.0,14504032.0,18915781.0,16133114.0,19567104.0,19661626.0,16257878.0,15837680.0,15760161.0,21190686.0,17893451.0,14831698.0,15976571.0,15159345.0,17584966.0,16263057.0,16786603.0,15052905.0,12950019.0
WPP,JE00B8KF9B49,3143297.0,3454107.0,4356589.0,5677634.0,6378345.0,7585423.0,8020928.0,9355069.0,11638661.0,12012088.0,11016087.0,13586147.0,15035036.0,15907597.0,16288356.0,18065746.0,17601161.0,17721458.0,17886117.0,21192182.0,20240984.0,17122940.0,16474443.0,17321808.0,17328869.0,18751209.0
SUBSEA 7,LU0075646355,663065.0,585216.0,989829.0,1218308.0,1659862.0,1676057.0,1283893.0,1415381.0,2203641.0,2823979.0,2197804.0,2170032.0,2416193.0,4789553.0,6531965.0,6448264.0,5902582.0,4807492.0,3453745.0,4301298.0,3926277.0,3586766.0,3633519.0,4860355.0,5215730.0,5940258.0
HEINEKEN HOLDING,NL0000008977,6155039.0,6030228.0,6541583.0,6901195.0,9751516.0,11765771.0,12837662.0,12903533.0,15397932.0,18222417.0,18403874.0,20097649.0,21848877.0,22674353.0,24613951.0,26152380.0,21846875.0,22857428.0,22221950.0,26932911.0,25517866.0,26279814.0,23708464.0,25112833.0,30707799.0,32603110.0
KPN KON,NL0000009082,8441220.0,7923676.0,9843151.0,10202674.0,12756727.0,15090190.0,15052335.0,14116675.0,15543724.0,18073029.0,18542684.0,18388782.0,18044656.0,17243790.0,16615053.0,11531126.0,9163276.0,7809705.0,7274076.0,7990867.0,6403598.0,6015993.0,6343502.0,6015817.0,5692688.0,5852144.0
HEINEKEN,NL0000009165,6155039.0,6030228.0,6541583.0,6901195.0,9751516.0,11765771.0,12837662.0,12903533.0,15397932.0,18222417.0,18403874.0,20097649.0,21848877.0,22674353.0,24613951.0,26152380.0,21846875.0,22857428.0,22221950.0,26908324.0,25517866.0,26279814.0,23708464.0,25112833.0,30707799.0,32662277.0
PHILIPS ELTN.KONINKLIJKE,NL0000009538,34380554.0,30774275.0,35311862.0,28118654.0,34434939.0,36914392.0,38903056.0,36328536.0,35114939.0,38859696.0,33912020.0,31701543.0,34424881.0,29899212.0,33189937.0,31771540.0,24267877.0,27017478.0,26202064.0,21858096.0,20578045.0,21360230.0,23492004.0,19636104.0,19061525.0,19545514.0
STMICROELECTRONICS,NL0000226223,4265862.0,4673364.0,7908377.0,6194454.0,7193563.0,8060311.0,8996409.0,8574987.0,10130166.0,10513895.0,8608115.0,8340742.0,10614597.0,9223346.0,8810466.0,8276011.0,6361478.0,6968595.0,6752170.0,9008163.0,9314042.0,9373498.0,10711670.0,12379838.0,16379004.0,17189230.0
AIRBUS,NL0000235190,23234440.0,22062120.0,22577506.0,26778759.0,32358237.0,38307724.0,40753322.0,40883497.0,51331647.0,56742727.0,55607486.0,58541700.0,61961807.0,65055516.0,75623997.0,80700175.0,68878295.0,71822985.0,71160044.0,82080960.0,72345097.0,77272675.0,60022159.0,59687760.0,62832355.0,70404300.0
WERELDHAVE,NL0000289213,114735.0,109073.0,128985.0,134946.0,193169.0,221586.0,213769.0,221005.0,284441.0,314234.0,292119.0,295294.0,377370.0,544702.0,413049.0,184287.0,174505.0,272239.0,285528.0,325239.0,261689.0,264138.0,265289.0,201921.0,173867.0,197979.0
BAM GROEP KON.,NL0000337319,1079928.0,1069366.0,1408757.0,2535071.0,3873014.0,9829629.0,8137906.0,8874383.0,11254759.0,12986235.0,11355117.0,11419462.0,10307207.0,10192967.0,9913978.0,9589884.0,8297683.0,8272116.0,7455864.0,8118360.0,8185057.0,7904106.0,8139130.0,8372792.0,7076479.0,6745536.0
SBM OFFSHORE,NL0000360618,730193.0,1202470.0,771969.0,838930.0,1006721.0,2058682.0,1354142.0,1466823.0,2045452.0,3018462.0,2676611.0,2847266.0,3135093.0,2990909.0,3833349.0,4918298.0,4710105.0,2733079.0,2200047.0,2008409.0,2158884.0,3326238.0,3664546.0,3562320.0,4989462.0,4935216.0
RANDSTAD,NL0000379121,4767650.0,5444253.0,5752657.0,5059080.0,5891167.0,6683670.0,7396187.0,7934429.0,10655931.0,13339030.0,18043225.0,16951829.0,19202987.0,21485085.0,22878401.0,22564208.0,19569727.0,21417848.0,22106629.0,28610747.0,27040693.0,25958567.0,24914632.0,28196283.0,29477091.0,27352317.0
WOLTERS KLUWER,NL0000395903,3091187.0,3013940.0,3417217.0,3336259.0,4215088.0,4368146.0,4184269.0,4032653.0,4807216.0,4950104.0,4336523.0,4682297.0,4815881.0,4441382.0,4824243.0,4855139.0,4152234.0,4689389.0,4592522.0,5436249.0,4837618.0,5056636.0,5535382.0,5460705.0,5830622.0,6007053.0
ARCADIS,NL0006237562,644651.0,642115.0,744428.0,700944.0,884243.0,1078633.0,1156005.0,1194907.0,1608236.0,2171948.0,2213425.0,2441320.0,2712396.0,2671404.0,3406912.0,2577377.0,2287037.0,2893819.0,2637704.0,2995353.0,2770755.0,2825008.0,2998660.0,2935340.0,3227721.0,4044055.0
KONINKLIJKE VOPAK,NL0009432491,3780224.0,3504818.0,3871136.0,4903701.0,861631.0,952958.0,823894.0,817048.0,1012861.0,1237163.0,1186953.0,1368598.0,1498259.0,1551835.0,1759249.0,1763920.0,1500363.0,1544556.0,1439532.0,1605427.0,1424599.0,1373361.0,1431046.0,1405408.0,1461665.0,1533606.0
ASML HOLDING,NL0010273215,879527.0,1171426.0,2038460.0,1603666.0,2119634.0,1961263.0,3163386.0,3022657.0,4682388.0,5523984.0,3796293.0,2181968.0,6105088.0,7483126.0,6335324.0,7143559.0,6643888.0,7006641.0,7262055.0,11129188.0,12427908.0,12959548.0,16809981.0,21301442.0,22639664.0,29646379.0
CORBION NV C,NL0010583399,2203681.0,2151529.0,2541462.0,3147491.0,3699213.0,4470866.0,4458858.0,3129071.0,3151962.0,3605033.0,3340819.0,3494156.0,4049484.0,4121719.0,1009168.0,1012702.0,873671.0,1023352.0,973974.0,1096224.0,1018852.0,1070533.0,1186325.0,1225597.0,1558860.0,1553185.0
KONINKLIJKE AHOLD DELHAIZE,NL0011794037,29894373.0,32829928.0,38082754.0,47138024.0,67834232.0,71278581.0,66722481.0,53182251.0,58410349.0,40830745.0,33059881.0,38176100.0,39992397.0,40084993.0,43972516.0,44418054.0,37181777.0,42573367.0,53112726.0,77314715.0,71304895.0,72648024.0,89874502.0,86530025.0,93007666.0,95365199.0
ING GROEP,NL0011821202,57293241.0,56576185.0,70733776.0,78113844.0,97583335.0,104176974.0,105812874.0,129936517.0,91531068.0,106807962.0,86848701.0,73686367.0,72442714.0,68675891.0,126172105.0,95513456.0,59441607.0,57135212.0,51142975.0,61846854.0,36422946.0,37251574.0,33969906.0,31096603.0,35813469.0,64571520.0
SCHIBSTED A,NO0003028904,865289.0,909772.0,942276.0,885893.0,1136882.0,1240488.0,1488709.0,1460018.0,1871113.0,2448791.0,2019082.0,2127418.0,2379060.0,2491696.0,2668508.0,2461796.0,1977342.0,1763615.0,1907562.0,2154678.0,2106980.0,2055518.0,1511073.0,1665393.0,1470740.0,1489016.0
STOREBRAND,NO0003053605,3091088.0,2602925.0,2469949.0,1923016.0,2288581.0,3073091.0,4185193.0,4694599.0,4963059.0,6688636.0,8686389.0,7297987.0,7829228.0,7531237.0,9192913.0,6969702.0,8386305.0,4839587.0,6561080.0,7693280.0,4138356.0,9302793.0,9355353.0,13351271.0,1615098.0,5537882.0
MOWI,NO0003054108,170855.0,267617.0,540362.0,621454.0,663660.0,396527.0,358943.0,275974.0,908473.0,2524126.0,1981889.0,2420399.0,2625018.0,2776860.0,2795128.0,3103007.0,3371226.0,3252684.0,3905163.0,4352326.0,4281923.0,4388007.0,4730282.0,4870032.0,4809576.0,5945883.0
TGS,NO0003078800,78516.0,71132.0,88147.0,128420.0,144001.0,139934.0,176638.0,230848.0,404151.0,472272.0,464922.0,496437.0,594501.0,586597.0,974374.0,843019.0,766293.0,579487.0,459622.0,515286.0,585590.0,555895.0,350288.0,509511.0,662576.0,792910.0
ORKLA,NO0003733800,4020199.0,3812956.0,3822885.0,4923861.0,6110884.0,6464025.0,4802431.0,7994014.0,8278486.0,11242127.0,9395492.0,9067859.0,9685406.0,10457740.0,5422875.0,5340733.0,3908336.0,3873023.0,4543064.0,5031058.0,4764535.0,4699942.0,5518085.0,5744654.0,5623231.0,6407136.0
NORSK HYDRO,NO0005052605,12714258.0,12402277.0,17872601.0,16983871.0,23531371.0,24908661.0,23878494.0,25868246.0,31522662.0,16969887.0,13026019.0,11252030.0,13090012.0,15699175.0,11601132.0,10485907.0,10287062.0,10230764.0,9860631.0,13889743.0,18594835.0,16138749.0,16168760.0,17043881.0,20024194.0,18297908.0
TELENOR,NO0010063308,3738828.0,3957401.0,4170399.0,4512141.0,7028679.0,7668988.0,9333545.0,10235421.0,12870487.0,16638284.0,14282582.0,16299912.0,16388520.0,17072744.0,18386188.0,16812846.0,14067845.0,14953454.0,15813370.0,15865490.0,12876156.0,12248622.0,14376849.0,12555190.0,9529475.0,7603093.0
EQUINOR,NO0010096985,13815087.0,16949807.0,23717107.0,24726209.0,34975576.0,36036807.0,46667111.0,57993839.0,68034743.0,95660280.0,95807510.0,77166604.0,91014926.0,111881791.0,127559851.0,100107439.0,80123599.0,54283925.0,46051796.0,63833193.0,74891077.0,59718767.0,50169209.0,87173766.0,137764317.0,106661468.0
REC SILICON,NO0010112675,,,,,,41450.0,216324.0,364398.0,696217.0,1195075.0,1203633.0,1528336.0,2380442.0,2316317.0,1291505.0,396454.0,412974.0,312197.0,273359.0,285187.0,210883.0,152071.0,133885.0,140666.0,136651.0,140854.0
PGS DEAD - DELIST.02/07/24,NO0010199151,750331.0,764378.0,910060.0,1054864.0,1128595.0,1140730.0,1168575.0,1149022.0,1335886.0,1585387.0,1575660.0,1403175.0,1187546.0,1208052.0,1586906.0,1432889.0,1217813.0,910281.0,770386.0,878176.0,833521.0,883569.0,518875.0,685453.0,762861.0,719442.0
YARA INTERNATIONAL,NO0010208051,,,,4161540.0,4834780.0,5558490.0,6616382.0,6856234.0,7545012.0,10189381.0,12920657.0,10160028.0,11060001.0,13469854.0,15275550.0,13746106.0,12550276.0,12601034.0,11459932.0,11887926.0,12325019.0,12205559.0,12709796.0,16322979.0,22099022.0,15404061.0
BANCO COMR.PORTUGUES 'R',PTBCP0AM0015,2751916.0,2242702.0,3988480.0,4354363.0,4243874.0,5821330.0,5727826.0,5503961.0,6245733.0,8435397.0,7857980.0,6642240.0,6716365.0,7011094.0,6767907.0,5339422.0,4504809.0,4253384.0,3270492.0,3590610.0,3250159.0,3374584.0,3488420.0,3184476.0,4102545.0,6010367.0
EDP ENERGIAS DE PORTUGAL,PTEDP0AM0009,3397716.0,3005148.0,3587418.0,4912982.0,6911400.0,8870438.0,9266328.0,11566118.0,13472476.0,15969674.0,17857712.0,16676063.0,19191397.0,20023098.0,21878277.0,21930779.0,18485248.0,17291898.0,15598932.0,19357553.0,17349656.0,15714832.0,14969710.0,17148867.0,22080835.0,17429822.0
JERONIMO MARTINS,PTJMT0AE0001,3376005.0,3208460.0,3651331.0,3652081.0,4211566.0,4344361.0,4484007.0,4575478.0,5736865.0,7758999.0,8860358.0,10003175.0,11770353.0,13027842.0,14562302.0,16110220.0,14385578.0,15298418.0,15627334.0,20009316.0,19687410.0,20435102.0,23201582.0,23908754.0,27142918.0,32926914.0
SONAE SGPS,PTSON0AM0001,2823710.0,4224839.0,5363655.0,5552505.0,6791392.0,7957902.0,8512240.0,5035643.0,5706442.0,6407045.0,6880219.0,7744830.0,8009497.0,7598489.0,7201582.0,6566138.0,5643097.0,5587865.0,5745876.0,7019856.0,6757557.0,7055156.0,8209904.0,8038582.0,8261041.0,9035518.0
NOS SGPS,PTZON0AM0006,194242.0,152871.0,231278.0,542552.0,732183.0,869968.0,936419.0,751138.0,867568.0,1037968.0,998091.0,1118556.0,1174956.0,1131968.0,1149624.0,1348624.0,1570059.0,1609531.0,1619160.0,1920000.0,1789874.0,1753409.0,1644965.0,1637066.0,1626337.0,1718480.0
HENNES & MAURITZ B,SE0000106270,2873812.0,3219773.0,3191195.0,3737016.0,5373888.0,6723097.0,7583344.0,7871584.0,9766931.0,12046334.0,10822309.0,13601802.0,16728660.0,16510142.0,18778978.0,19791250.0,18103605.0,21356688.0,21691741.0,24906859.0,22793755.0,24168278.0,22291542.0,21817667.0,21042632.0,22538108.0
SKF B,SE0000108227,4804986.0,4236328.0,4175609.0,4082602.0,5008844.0,5766892.0,6330775.0,6332633.0,7582365.0,9003922.0,7745361.0,7542814.0,9410999.0,9938595.0,10038597.0,9790328.0,8485747.0,8973987.0,8211897.0,9705760.0,9285747.0,8931220.0,8921337.0,8962298.0,9124125.0,9919212.0
ERICSSON B,SE0000108656,23514701.0,24868986.0,28666865.0,21823987.0,17208442.0,16409655.0,18638403.0,19507491.0,25385881.0,28872700.0,25539975.0,27698749.0,31357352.0,34059381.0,35409705.0,35002996.0,27257570.0,29157161.0,25114841.0,25068626.0,22841206.0,23593132.0,27697716.0,25474323.0,25560125.0,25146411.0
RATOS B,SE0000111940,193663.0,269583.0,266372.0,187798.0,231495.0,257285.0,574947.0,1151528.0,2341208.0,3330708.0,3329866.0,3602580.0,4371722.0,4496053.0,4249556.0,4015455.0,3359387.0,2890682.0,2846246.0,2871579.0,2505255.0,2602226.0,2495881.0,2472823.0,2812079.0,3222471.0
SVENSKA CELLULOSA AKTIEBOLAGET SCA B,SE0000112724,7811928.0,7492457.0,7037276.0,7754778.0,10393793.0,11893927.0,12706038.0,12384516.0,14484615.0,16284984.0,13501482.0,14871391.0,16830281.0,12208160.0,13277221.0,13703873.0,12440661.0,13616909.0,13235474.0,2075198.0,2031829.0,2034245.0,2194221.0,2063921.0,1957301.0,1726488.0
SKANSKA B,SE0000113250,8312723.0,9216752.0,11319455.0,15526218.0,17185186.0,18095945.0,17125971.0,16018472.0,17935027.0,21338706.0,17562966.0,18352029.0,18847596.0,17821209.0,20108286.0,21011404.0,17135889.0,18072551.0,16400214.0,19660708.0,18604428.0,17947585.0,19110816.0,15775474.0,15359268.0,15962253.0
TRELLEBORG B,SE0000114837,3192572.0,2695257.0,1430781.0,1765958.0,2081214.0,2503163.0,3235861.0,3105605.0,3861222.0,4737288.0,3821645.0,3629946.0,4193769.0,4368623.0,3305314.0,3305623.0,2691886.0,2928823.0,3062524.0,3932839.0,3683943.0,3799141.0,3913603.0,3713347.0,2832787.0,3273843.0
SKANDINAVISKA ENSKILDA BANKEN A,SE0000148884,7811035.0,4636373.0,7321043.0,6750460.0,7616677.0,8206221.0,8242041.0,11616273.0,14409936.0,18639328.0,15718459.0,13876405.0,13229432.0,14015286.0,14520406.0,13027292.0,10889374.0,9526145.0,7471002.0,8406270.0,7545231.0,7709593.0,7980003.0,7288967.0,8786675.0,16625883.0
SECURITAS B,SE0000163594,1747953.0,2960950.0,4276049.0,5682281.0,7754122.0,8202221.0,8429538.0,8482092.0,8642163.0,9672554.0,6915413.0,8406695.0,9458926.0,9614558.0,10331353.0,10114086.0,8395133.0,9548238.0,9946564.0,11481434.0,10992429.0,11515275.0,12866643.0,11809812.0,12541353.0,15015124.0
ELEKTA B,SE0000163628,236119.0,217514.0,187466.0,246726.0,337858.0,385370.0,434282.0,513061.0,637706.0,726968.0,727583.0,988412.0,1215909.0,1276546.0,1512124.0,1611940.0,1307744.0,1354299.0,1195451.0,1423897.0,1395034.0,1524308.0,1681004.0,1532534.0,1504544.0,1739856.0
SSAB A,SE0000171100,2273852.0,1940423.0,2019378.0,1852750.0,2274933.0,2760448.0,3478636.0,3572538.0,4434244.0,7326728.0,6641274.0,4002747.0,6150172.0,6700177.0,6050830.0,5391400.0,5709213.0,6714696.0,6245090.0,8226446.0,8118759.0,7941873.0,7794311.0,10514899.0,12118530.0,11409562.0
INDUSTRIVARDEN A,SE0000190126,583922.0,470010.0,475739.0,563017.0,580214.0,567950.0,614068.0,1956647.0,1705358.0,345802.0,365136.0,264408.0,230537.0,383489.0,390040.0,407026.0,378048.0,395698.0,347263.0,346946.0,407774.0,425000.0,78305.0,886120.0,515728.0,612831.0
GETINGE B,SE0000202624,553961.0,563955.0,550506.0,767025.0,1019960.0,1276697.0,1537825.0,1526513.0,1856474.0,2528552.0,2355844.0,3060751.0,3419041.0,3280145.0,3769507.0,3892763.0,3188537.0,3570253.0,3357099.0,2801343.0,2618682.0,2757772.0,3554018.0,2966050.0,2663074.0,3039042.0
SWEDBANK A,SE0000242455,6564018.0,5514857.0,6726893.0,6132469.0,7197011.0,8016115.0,7494793.0,6094027.0,6882402.0,14100081.0,13066424.0,9563773.0,9775695.0,10615517.0,10939156.0,8746131.0,7502727.0,6464950.0,5880227.0,6801803.0,6383660.0,6363052.0,7038192.0,6467105.0,7141974.0,12425727.0
CASTELLUM,SE0000379190,164340.0,157594.0,166614.0,161346.0,258647.0,272059.0,289521.0,247215.0,288010.0,347801.0,306216.0,361398.0,425453.0,438123.0,477718.0,500162.0,396699.0,389557.0,511417.0,645324.0,604186.0,604428.0,715595.0,696636.0,846777.0,936339.0
SANDVIK,SE0000667891,5405737.0,4537314.0,4584494.0,4603164.0,5749015.0,6802861.0,7712569.0,8142416.0,10322247.0,13275169.0,11326190.0,9650300.0,12745690.0,14121403.0,15316964.0,13443555.0,10619409.0,10136872.0,9200885.0,11320564.0,10841334.0,10719790.0,10298177.0,10867329.0,10573604.0,12079303.0
TELIA COMPANY,SE0000667925,6319740.0,6017541.0,5665281.0,5384102.0,7021943.0,11487929.0,11571961.0,11263568.0,13002584.0,14813673.0,12662415.0,14643874.0,16435516.0,15662863.0,16307066.0,15656027.0,12082699.0,10222365.0,9497040.0,9945982.0,9052392.0,8926236.0,10630350.0,9687225.0,8549378.0,8477751.0
ALFA LAVAL,SE0000695876,,,1573115.0,1490107.0,1722922.0,1938599.0,2116444.0,2098294.0,2827484.0,3820736.0,3404434.0,3493114.0,3811957.0,4300481.0,4634622.0,4608137.0,4192599.0,4693344.0,4020261.0,4397716.0,4405565.0,4830125.0,4942420.0,4486084.0,4907372.0,6072737.0
JM,SE0000806994,626046.0,710615.0,717696.0,813508.0,1047336.0,1085308.0,1188309.0,1270381.0,1722778.0,1957495.0,1494895.0,1177563.0,1408820.0,1801273.0,1940096.0,1940147.0,1699660.0,1645965.0,1725145.0,2151287.0,1698698.0,1620356.0,1941665.0,1716096.0,1482236.0,1524821.0
BILLERUD AKTIEBOLAG,SE0000862997,,579622.0,657065.0,650468.0,834256.0,974505.0,1011065.0,876688.0,1052230.0,1192856.0,952508.0,1040999.0,1308278.0,1367803.0,1620944.0,3006973.0,2493178.0,2575872.0,2443363.0,2782663.0,2566681.0,2538264.0,2846647.0,2873611.0,4008918.0,3936327.0
NOBIA,SE0000949331,,467470.0,429842.0,779714.0,1132568.0,1292418.0,1601124.0,1598673.0,2226118.0,2555768.0,1954768.0,2068314.0,2171983.0,1968327.0,1918798.0,1812374.0,1481583.0,1574288.0,1426959.0,1587033.0,1431001.0,1446431.0,1518553.0,1504353.0,1405239.0,1276938.0
SAS DEAD - DELIST.14/08/24,SE0003366871,,,4981642.0,4841606.0,7666612.0,8049425.0,8201649.0,7951865.0,8678432.0,8034016.0,6502651.0,6025719.0,6279705.0,6214774.0,6713105.0,6227927.0,4603764.0,4670672.0,4528745.0,5314395.0,4904774.0,4819430.0,1559911.0,1888364.0,3216830.0,4112595.0
TELE2 B,SE0005190238,761021.0,945913.0,1306712.0,2361357.0,3692827.0,5144446.0,6077550.0,6399962.0,7183264.0,6676178.0,4829162.0,5267373.0,6105144.0,6116313.0,6797487.0,4598438.0,3103171.0,3171249.0,3191930.0,3116284.0,2567981.0,2871992.0,3164874.0,2937540.0,2645190.0,2778556.0
AXFOOD,SE0006993770,632089.0,616267.0,3167754.0,3052585.0,3909212.0,4685207.0,4777245.0,3608772.0,4113534.0,4488046.0,3870541.0,4343487.0,5283076.0,5222505.0,5644000.0,5776258.0,4601134.0,4870587.0,4891351.0,5724478.0,5209305.0,5268623.0,6399830.0,6348020.0,6915972.0,7744989.0
ASSA ABLOY B,SE0007100581,1094114.0,1186537.0,1508335.0,2118962.0,2998093.0,3356134.0,3605037.0,3572281.0,4446095.0,5158585.0,4268438.0,4690263.0,5678304.0,6271810.0,7247222.0,7463322.0,6796130.0,8041364.0,8043342.0,9481478.0,9105368.0,9763567.0,10446564.0,10417964.0,11370023.0,13436449.0
SVENSKA HANDELSBANKEN A,SE0007100599,8477318.0,7424917.0,7777397.0,6594103.0,7553639.0,8074512.0,8458122.0,7790482.0,11306793.0,14403753.0,11620426.0,8548129.0,9244457.0,11305497.0,11649592.0,10102986.0,7605071.0,6767007.0,6134299.0,6953358.0,6907894.0,7088863.0,7105056.0,5665091.0,8103399.0,16839963.0
AUTOLIV,US0528001094,3488700.0,3812200.0,4116100.0,3991000.0,4443400.0,5300800.0,6143900.0,6204900.0,6188000.0,6769000.0,6473200.0,5120700.0,7170600.0,8232400.0,8266700.0,8803400.0,9240500.0,9169600.0,10073600.0,10382600.0,8678200.0,8547600.0,7447400.0,8230000.0,8842000.0,10475000.0
PARTNER COMMS.ADR 1:1 DEAD - DELIST.22/09/23,US70211M1099,,218371.0,518445.0,769836.0,854094.0,988393.0,1146744.0,1138983.0,1264538.0,1496987.0,1776262.0,1550814.0,1789767.0,1959020.0,1449110.0,1254971.0,1226984.0,1057884.0,926756.0,915138.0,904047.0,910048.0,933293.0,1041420.0,1027922.0,977946.0
TEVA PHARMACEUTICAL INDUSTRIES ADR 1:1,US8816242098,1115821.0,1282407.0,1749852.0,2077368.0,2518599.0,3276398.0,4798902.0,5250402.0,8407994.0,9408008.0,11084997.0,13899008.0,16121009.0,18311979.0,20317007.0,20314008.0,20272007.0,19651996.0,21902990.0,22385025.0,18853986.0,16886999.0,16643979.0,15846980.0,14913992.0,15847981.0
